sessions_7d,session_change_7d,listening_minutes_7d,listening_change_7d,skip_rate,save_rate,share_rate,playlist_rate,search_rate,discovery_rate,unique_artists_7d,unique_genres_7d,days_active_14d,avg_session_minutes,subscription_age_days,support_tickets_30d,night_listening_share,completion_rate,avg_daily_sessions,weekend_usage_share,session_gap_hours,artist_concentration,genre_concentration,notification_open_rate,recommendation_click_rate,offline_downloads_30d,playlists_created_30d,social_interactions_30d,device_switch_rate,ad_skip_rate,notification_fatigue,content_diversity,churn,ltv,next_action
10,0.327244695385553,62.01720134384295,0.3718106006455381,0.4487942386764592,0.2995261298930389,0.1477169360640952,0.1328875546528314,0.3830409656622131,0.4806717509042528,14,8,14,6.201720134384295,66,1,0.4141647648970456,0.5438944540846232,0.7142857142857143,0.7301891981709937,55.322272871673526,0.1157146613827634,0.3045232966776116,0.0824050706358014,0.2085836912016737,4,2,4,0.1570266579902092,0.0615779166115931,0.541383655727754,0.7049066472062049,0,1691.2842218051164,SAVE
4,-0.06034685049274,39.52397837889952,-0.3704597461595725,0.025036541562765,0.1002437646644406,0.1000400679776147,0.0594424362616793,0.2103859385745885,0.2484954920440225,3,3,8,9.88099459472488,67,2,0.3349775274119002,0.959891775763586,0.5,0.3273326647711569,5.936897194546786,0.6983558141699067,0.1019897482273259,0.3107103806800929,0.6130643687000749,1,0,1,0.1849161023387464,0.2692585851749394,0.1820358215812633,0.3414973965832447,0,1220.9756837008974,PLAY
7,0.058314223972783,53.30300710344999,0.0905454154687619,0.2104836438110221,0.1460184064299723,0.0706853198395942,0.0372711108829211,0.1282061633641598,0.1496590989250339,6,5,7,7.614715300492856,107,1,0.2340167210334352,0.7454638796270591,1.0,0.4235242760092173,20.40249381269292,0.5068773935096417,0.5872519718265906,0.3118715677697648,0.3220258949508169,2,0,1,0.2967251701915567,0.0925816942687352,0.1546031760994445,0.2430233808972105,0,968.6906954256734,PLAY
6,-0.2054012639221245,69.86212060404125,-0.430330468676973,0.0945820094339253,0.2601432966890269,0.1247806371071764,0.1061313823063315,0.1520606393755217,0.1233667945286497,3,1,7,11.643686767340208,107,0,0.2107267884425149,0.8427209483836409,0.8571428571428571,0.6127710811333628,18.42983652730859,0.6256303280848614,0.2087440307822707,0.3717287837585202,0.4810818825413418,2,0,0,0.1418390274472295,0.1953391758316111,0.2227568097584286,0.2045772957501536,0,1228.9156906622493,SAVE
2,-0.1412375531090226,46.68361236063225,-0.0089213259877277,0.4167973841777229,0.1233773320487942,0.0706958689915813,0.214044224867617,0.1633856804877136,0.3506984707517624,5,1,7,23.341806180316127,30,0,0.4787093122313162,0.5423036469437291,0.2857142857142857,0.6615587006648626,15.259505810611786,0.346291487832631,0.2017699953302159,0.3289771508985593,0.1853455359518853,0,0,0,0.2319707631302908,0.4913320449263023,0.1424034898694395,0.2776164487163112,0,1047.4134407352396,CREATE_PLAYLIST
9,0.1832996966542095,17.013952203384346,0.3020676141831218,0.2720456723221791,0.0367369695808066,0.2301248969213533,0.0976789333751803,0.3765095888848379,0.3528646134345229,12,7,11,1.890439133709372,41,0,0.101302172141425,0.6880385164804742,0.8181818181818182,0.5377254980680659,7.954710928996988,0.1671054766135191,0.3958773890188,0.388139874231906,0.6591723935566651,6,6,6,0.0750318963545914,0.1750991571913528,0.2128177490000071,0.5393837465557961,0,1377.4665986730913,CREATE_PLAYLIST
7,-0.2780905652171358,42.29723459013458,-0.122411728759149,0.3143782256262802,0.1510292948457922,0.0458239582136318,0.0392416827505175,0.038802433319456,0.3919062528769357,6,2,6,6.04246208430494,667,0,0.3572947620091208,0.6390088873677436,1.1666666666666667,0.302067181571957,16.538941265892657,0.7184300570088809,0.4266962663937045,0.0977594969842094,0.4360639870125491,0,0,2,0.0510444873496168,0.0461868545133265,0.1515785436578189,0.3896385579165475,0,1084.3316439588748,SHARE
2,-0.2474399776877241,16.63689212882706,-0.385076014549029,0.4447641263906791,0.1760899364203774,0.1284132996734777,0.0653401219340004,0.1931909297070985,0.3741500130422606,1,1,3,8.31844606441353,116,0,0.2020179497100823,0.5049144564529209,0.6666666666666666,0.6079056988712394,67.07344918416396,0.8914008027450381,0.4761578258167732,0.0603732377226715,0.2238037340960984,0,0,0,0.2451138742677823,0.5866639608947868,0.3646281940686409,0.2016188288895065,0,419.4934695024998,SHARE
6,0.1504794956313207,21.39228816017982,-0.1268443668173281,0.2488266076211416,0.3115049533709783,0.1012831003410323,0.3074928628215685,0.3672166593975854,0.4590149172517138,11,7,11,3.56538136002997,47,0,0.4014560531805082,0.7089650915169138,0.5454545454545454,0.3259150054986005,18.60565365420417,0.272109366222574,0.13505981661722,0.3259355583701643,0.7139137267907912,7,2,3,0.4509583269509012,0.1031517217332603,0.110952224523727,0.5776474599646619,0,1433.556602139843,SAVE
11,-0.2779422013143158,34.00044760538618,0.0292095017959407,0.1458564220163082,0.3374756944226282,0.0515012371347996,0.0692855786932076,0.3468488794628382,0.5267447413658154,10,5,14,3.0909497823078342,1254,0,0.1195530148844514,0.8143233221703186,0.7857142857142857,0.2915248269144032,5.533206731572637,0.3251972777836064,0.3413089567077478,0.3648143262298286,0.2780351923428893,3,3,1,0.1196849109218448,0.1884339228644782,0.1028470413567603,0.5894526332149522,0,1377.560267556686,SAVE
6,-0.204451729709443,46.2192267490712,0.5112070176362077,0.5379719344512837,0.1641757469966539,0.1538497584191612,0.096304798737065,0.1356940512617337,0.2442542153434019,5,3,10,7.703204458178534,58,1,0.3220796113561603,0.4281577123458961,0.6,0.2664477614750316,3.77032050566444,0.7624734510995704,0.1401541027760651,0.2717338219598214,0.144934204898507,2,2,5,0.091198596636153,0.2903776813127369,0.1849662436039006,0.2547323102418443,0,1094.5733149837406,SHARE
8,-0.2147946022004852,18.175492793198103,0.1559383772904912,0.2956937595352971,0.1703234466386521,0.0737602670882423,0.1218400349634017,0.1609930855440265,0.2127660468631342,4,7,10,2.271936599149763,47,0,0.1021876614505238,0.6915891886578511,0.8,0.6661965449974571,10.86464872578976,0.6571899620531859,0.1523528387037861,0.4394487318171154,0.3210724930782894,3,3,3,0.2220253962089454,0.2208933414141224,0.3527441087938305,0.359080891680325,0,936.2060010607424,PLAY
5,-0.3876785533157984,18.68535094581755,-0.5637990797454815,0.321888523611193,0.1184001210995944,0.1599002862953134,0.1089729513464321,0.2255205958925366,0.2433522324071577,1,1,1,3.73707018916351,218,3,0.2738626111539344,0.6736904080276864,5.0,0.2411312147175229,30.5850034836611,0.4983295827547065,0.3371188865147485,0.1292172388790796,0.1062988323844911,0,0,0,0.560790791047556,0.517196659823986,0.6346123793543214,0.1292906921479261,0,459.2683555798865,SHARE
10,-0.1129622210733394,43.26669577247015,0.132330241599557,0.5645902755905676,0.1230030680952897,0.0708643210290828,0.075359365103518,0.5783871022942061,0.512852019350791,17,7,14,4.326669577247015,95,1,0.2171766435460726,0.3877240485433749,0.7142857142857143,0.1963550657806922,14.631985368855348,0.120043930496042,0.5951009850119839,0.3219019177862298,0.5675959272646549,4,1,2,0.3121927934484036,0.5098525906621783,0.5458536080418185,0.8322588012301982,0,1580.039137677273,SKIP
8,0.1832688850664631,29.325773175714936,0.4282339734706615,0.4941634039550436,0.1792793378477514,0.2095003531715314,0.0940126938656025,0.2480145726527221,0.3540224162683651,13,8,9,3.665721646964367,143,0,0.1966275781998429,0.4019412244647337,0.8888888888888888,0.7332204855279251,9.359760583144844,0.5347558384441581,0.0524594211254833,0.1076631320217172,0.3406408161499422,3,2,4,0.1861227111562802,0.0377789312155642,0.1861433782967966,0.6568262656743842,0,1228.902686409623,SHARE
6,-0.4664346038183853,12.598723649979297,-0.3325947326641669,0.2266122167040721,0.145463247563186,0.0735723942670486,0.0208871948670126,0.105260531147738,0.2021629448331491,2,5,4,2.099787274996549,140,0,0.0968036230508468,0.6910595038142825,1.5,0.5932873292430862,66.64644644916035,0.4411359002169575,0.3987904736181716,0.6211940253734313,0.2853032262837227,0,0,0,0.3689867430294364,0.5729508903490553,0.3210580464682832,0.2088282962340282,0,611.159352529055,SAVE
4,-0.0919369297095689,38.13755033046551,-0.0454305730333637,0.1477557270787873,0.2739966794691953,0.0554309283185819,0.0798751600099536,0.0894728526813844,0.7629726150522899,4,4,9,9.534387582616375,29,0,0.3425490801964872,0.7939924128349517,0.4444444444444444,0.2659894904464467,5.975439588130135,0.3991669559268516,0.2414726723899561,0.5242068387241423,0.4631043431421474,0,0,3,0.345605307274071,0.3689449004974625,0.2041166912778098,0.581368195953174,0,1111.83208577573,SAVE
6,0.2641532542094735,27.61347499370105,0.0684516263949084,0.1080493845964637,0.157024557058001,0.0833045492337679,0.090671640162168,0.1634806349954408,0.281676853091918,4,3,5,4.602245832283509,45,0,0.2751188180441421,0.8904372211551623,1.2,0.2853938477657353,5.438085583160908,0.1972580310289576,0.0729383829299171,0.1104987804924452,0.4522519441891677,2,3,0,0.5355007682558717,0.1914858879791973,0.0581436661603722,0.306048454072132,0,934.3887447384,SAVE
11,0.0795411036788723,42.30983208273005,0.1785012584885983,0.0929668785231559,0.2759380822940629,0.1535101672848477,0.2493314192596053,0.2782707597209767,0.3856302124976843,13,11,14,3.8463483711572777,25,0,0.3609344784492687,0.9024269242679518,0.7857142857142857,0.2472826092014827,34.17575833342386,0.2429865411286468,0.269247392780835,0.2990902996363086,0.1563101522426557,4,2,6,0.2485113988936342,0.1180398107551392,0.4615837467969825,0.6921566488973836,0,1279.6901769175486,SAVE
4,0.0974640565138193,48.95748706212808,0.1506330266397804,0.3194621430120712,0.1342314234675506,0.0912924425274915,0.1516125880530802,0.3592909993981453,0.056244210805769,3,4,14,12.239371765532018,211,0,0.0410743759313972,0.638020308871589,0.2857142857142857,0.592845997346806,12.027426688490545,0.253543860792317,0.1909001515260384,0.3418863497697522,0.0985157830927205,2,1,4,0.0884095480686702,0.1833778537597621,0.3188011257334883,0.1437358363169378,0,1139.2721329978708,SAVE
7,-0.2842088425451767,51.731793646381234,-0.3030531033054752,0.1992877004621611,0.1338136898738439,0.0744929796964391,0.1491386963139865,0.2052489526584802,0.102366597579186,6,1,7,7.390256235197319,46,2,0.3523054737652031,0.7226434732872717,1.0,0.6235242222924324,12.135229034713996,0.1182338628954446,0.1471887606415822,0.1604473435126991,0.3170954411341025,0,0,0,0.234101629400637,0.1131867136031747,0.4544753838971704,0.1157425315237694,0,1049.9036097462824,SKIP
2,0.0741019564823316,19.006694558565496,0.019068330303753,0.1268453069235143,0.1095721231050764,0.0949003732694898,0.2077066968885925,0.1722969517935095,0.1878045639417137,8,2,5,9.503347279282748,14,1,0.5312928257364963,0.8296964311662005,0.4,0.3517964204578813,9.895356167497567,0.4988082588305849,0.3827817011241135,0.1353457869653749,0.2946325478869874,0,0,2,0.2518433255708516,0.2191381702406583,0.1769143217203104,0.3443836393595647,0,895.000648227819,CREATE_PLAYLIST
11,-0.0540119745011056,50.06101948928881,-0.1153227394067822,0.3449537094168614,0.2099970776911991,0.0688447189244011,0.0738662282101573,0.1241287423855609,0.1159479831650526,5,9,11,4.551001771753528,405,1,0.0447714169215791,0.651300948613419,1.0,0.5749069644521511,6.859043758234479,0.3054268384981632,0.3491943121987822,0.4700578967454178,0.2506611636694862,0,1,2,0.1441238136944794,0.5275727117616625,0.522520772661528,0.3742291787586762,0,1124.2673293463124,PLAY
2,-0.421144624997426,70.23845020427116,0.1939009285276556,0.2297584121198566,0.3861292485353573,0.0883672832273725,0.1030772015667518,0.2009200242950722,0.1804377199060313,4,2,9,35.11922510213558,50,0,0.1646225623651014,0.7453777858271955,0.2222222222222222,0.1632016661339972,18.86122549235926,0.2875385999572458,0.5483862336237882,0.4383053822054145,0.4098916796269086,2,0,1,0.1034854292239524,0.1867420194253361,0.2840584274544134,0.1987856788942798,0,1269.9888452343769,SAVE
3,0.0780510831434658,18.44232317567353,-0.0084449421676416,0.0621468828304159,0.1047755808082499,0.0986547532501841,0.1678857964987294,0.5784596767231039,0.4638839917364498,4,3,12,6.147441058557842,27,0,0.1259932313914089,0.8767700286127686,0.25,0.6321602575353559,20.10777745472356,0.2735761256780521,0.5307406982358464,0.1406133784579174,0.2751885109640211,2,2,2,0.3202067984544224,0.2761687219973804,0.3465535650287013,0.3841340172160685,0,1022.3226318288728,CREATE_PLAYLIST
8,-0.0647369199404924,88.0110168892936,-0.0703553637670603,0.3411757850360998,0.3108607796110835,0.0537677347137479,0.0692298927537179,0.0568973512744186,0.3703733649780303,2,5,10,11.0013771111617,247,0,0.1341265083615393,0.5619147159980299,0.8,0.6403617887995718,12.83491246665888,0.2166351591577228,0.233974992595106,0.0243969692298463,0.3138590217557999,5,5,4,0.281841825246572,0.3170809468667579,0.1329799588432544,0.3639023351682828,0,1545.9089361573283,SAVE
9,0.1880472388011908,66.17625465150357,-0.2137789049812842,0.2541539031620118,0.0451901436873441,0.0744841355229824,0.0926145167818165,0.0650374910592725,0.2598902597018582,9,6,11,7.352917183500397,106,0,0.1673930721515205,0.7126316584145321,0.8181818181818182,0.5314761996727945,12.034279690868434,0.6569896458742901,0.2824620813395471,0.4213417390791257,0.2257001866563208,4,7,1,0.094825317972899,0.4067741452639167,0.1778167564061519,0.4223811359730136,0,1616.4085420072447,CREATE_PLAYLIST
2,-0.4451586412720708,7.09443871221213,-0.3764011517247718,0.3499183378963111,0.136053293022426,0.0382706488404878,0.0578115213117686,0.093927991017483,0.4508426341718065,1,5,6,3.547219356106065,154,1,0.2210901882647334,0.6040434153971467,0.3333333333333333,0.5314011919991409,18.56267128946136,0.2196223477956433,0.4470596841523372,0.1523777068185934,0.3324922719760989,0,0,0,0.1522802788574783,0.4923378507114238,0.7493902632836401,0.4215120359122973,0,610.3962229068075,PLAY
2,-0.1126988736829899,13.61329976817414,0.0183144628393639,0.0815337770727275,0.0605561378988605,0.031488559286129,0.0896649052229966,0.3037788714833939,0.4369201466415549,3,5,10,6.80664988408707,18,1,0.0436945800588683,0.8912628834769397,0.2,0.5763644628824919,16.337271451273633,0.4893353089009405,0.1049841857584881,0.314585270000532,0.1471439060009988,0,1,1,0.5675720930116979,0.3843474294422931,0.1361001245451406,0.3698509178753158,0,850.5124412178627,SKIP
5,0.2181384257328662,30.472478186818307,-0.1600706022962273,0.4512024532270574,0.3360244473795367,0.0132221638579152,0.1041433516032588,0.0321861316481591,0.5059379401927624,6,5,11,6.094495637363662,36,0,0.5385464714323389,0.5136048212200004,0.4545454545454545,0.4196855083701182,12.378246768764075,0.2292123672775977,0.1059694812984138,0.5154444196813184,0.3812809954637818,2,3,4,0.3571160671631542,0.4536459446353204,0.1203573803334952,0.597195338301357,0,1144.2661672342426,SAVE
7,-0.1386111996616416,23.741052266469737,0.2500854411649028,0.0315548059247638,0.178446633682925,0.0663205786917606,0.0356508803280605,0.1634747656205474,0.253491153854108,1,2,9,3.3915788952099626,37,1,0.1992456959157368,0.8727414192229687,0.7777777777777778,0.229303052034844,10.105241196658064,0.4684842662643589,0.1840235916164379,0.445494178700902,0.344716478792185,3,0,2,0.1156292306275595,0.2179585391159154,0.2204746783391879,0.1632466471095631,0,915.0895910911784,PLAY
4,-0.1279861105494263,45.71276448639526,-0.1987592173586787,0.2038865118726047,0.0452226798485275,0.093443488888467,0.08521551170215,0.1294212001796024,0.2008541217837911,4,4,8,11.428191121598816,113,0,0.1108242889156834,0.746639121380409,0.5,0.176487020592126,53.19759826600074,0.5720812343409315,0.167167140860201,0.5610066008004069,0.3299118254616937,1,1,1,0.0931226517604386,0.180626524768502,0.2879384685073307,0.3242726579455555,0,1099.8420055779063,SAVE
7,-0.093496706232897,35.85326381381613,-0.1253808487031671,0.2828226360740941,0.2236030062091388,0.1902445691237774,0.0399610005402051,0.1316059727570754,0.0617144289367889,2,4,8,5.121894830545161,60,0,0.2270472749683764,0.684091538010513,0.875,0.5361669511043866,16.718121155226846,0.8909422895620808,0.2073559442823234,0.194676964303151,0.0665925526847691,0,3,3,0.5284311717367459,0.1257004796576427,0.0899037857198907,0.1219776769938004,0,808.076828270931,SAVE
7,-0.004896998518664,31.03235498379299,-0.2101135305456451,0.1707599733401028,0.0957278519339194,0.099963478009978,0.2185787026522529,0.1979288925099301,0.3898047200317554,4,4,3,4.433193569113285,152,1,0.1487139802330807,0.7623824168989101,2.333333333333333,0.3886119640715931,8.862883428889791,0.3305122877962184,0.0955391181972639,0.3818984187353625,0.5020629856317704,1,0,1,0.1849287952178102,0.2532003715606234,0.1219086256945441,0.3141383704832642,0,774.6006519153025,CREATE_PLAYLIST
16,0.253662720936783,12.499275861064092,-0.1064575819629994,0.2431652989037696,0.3022267748372726,0.1102208319849503,0.159033784218904,0.4926474897667994,0.3542477112611089,13,7,14,1.0,142,0,0.2386098627820166,0.7313936420601658,1.1428571428571428,0.4331628433092627,14.124130206692978,0.3158992869591495,0.2647161034579103,0.455545457801402,0.6308471818034842,4,5,6,0.2360287356965025,0.3205291864553893,0.3458747561292164,0.550880065965715,0,1564.1177261006196,SAVE
11,-0.0478246305664552,82.32559377060636,0.1604057611352723,0.0780613208471235,0.0548984534699468,0.1339388946999802,0.0700829080493349,0.1719000170911541,0.3523635453016678,9,7,11,7.484144888236941,11,0,0.4287152111432679,0.905326077732086,1.0,0.3722853787315632,11.01040787075548,0.5121980556277381,0.5612344971063082,0.3181269750828033,0.2669548630457745,3,3,0,0.36498115173856,0.3963217392779509,0.2154786405027945,0.5540415723225183,0,1656.1632220374563,SHARE
2,-0.1708580599159942,32.053738710317255,-0.4828782409418511,0.0544596020988486,0.1769023418361348,0.139764384142459,0.1155861071100122,0.0767601075100107,0.340198948588055,2,1,8,16.026869355158627,34,0,0.1584096000722094,0.8866003713855275,0.25,0.2441985167415359,96.0,0.5404468779077088,0.2389678157707441,0.3521839641891776,0.5521833857360536,2,0,1,0.1622989062385498,0.3358098395716642,0.3607845703580522,0.2628100237908022,0,928.7094216716488,SHARE
6,-0.0846777308047739,6.7804434701655385,-0.0445763778500853,0.3427494799498732,0.1785701430503589,0.0537660214233931,0.1002153503463231,0.2187615908496603,0.384538777502939,4,3,11,1.1300739116942564,35,0,0.1540510918856141,0.6440561580850584,0.5454545454545454,0.4400861727360101,12.263521372617678,0.7797509134524047,0.2728847204368494,0.1744716486703261,0.153611813316121,1,0,1,0.0948330233412063,0.0527333215515795,0.3964867974399212,0.3094353409453971,0,884.8223677315509,SKIP
13,0.2035963725864155,47.07265014077242,0.0883161582622328,0.1305322212634218,0.4388350566149221,0.0520515739050294,0.195972249736198,0.246848721166607,0.5196749081660558,14,10,9,3.6209730877517248,151,1,0.2219164649407465,0.8665360991249065,1.4444444444444444,0.5266618816784219,9.993336078546982,0.0832906252176065,0.2042557495366121,0.1393091547437353,0.7691784794519659,2,5,4,0.0976462526975811,0.1031891361469433,0.1668708499803099,0.7522505450987932,0,1671.625461263128,SAVE
11,-0.0360211780298984,22.985257572889505,0.0456969365558483,0.5247092542483159,0.1901901591153655,0.0189433443039976,0.0876221121255624,0.1425205705090425,0.2670635608742902,4,1,7,2.089568870262682,17,1,0.1883060305634449,0.433063703572196,1.5714285714285714,0.395690713421091,56.45060119782083,0.65628142171501,0.0318032065004557,0.3072098447815824,0.3638052458317363,5,2,3,0.0254966136449845,0.3544449582386448,0.2070772785695826,0.2830221821632886,0,907.3805314685528,PLAY
5,-0.2723159205771351,109.39716137110034,-0.0928981143049847,0.2696387764600171,0.1351687743423045,0.0781118935766004,0.1561830329226755,0.2198289800602026,0.1371172559384279,2,4,4,21.87943227422007,98,0,0.3589771017279948,0.7024715181232949,1.25,0.553511017044129,20.783286925795878,0.3896438749239635,0.1903968303479164,0.0969804057964572,0.4527245807936471,0,0,1,0.0207835655583723,0.1907547778703979,0.2409130351567504,0.1847689118496292,0,1285.78697033199,PLAY
5,-0.0412828300709757,52.86566845710786,-0.2199623713858681,0.1285381009086952,0.268229627412104,0.1712297427180459,0.0296847402962678,0.1350242919403647,0.2916966019623503,6,2,6,10.573133691421573,27,1,0.1459647418131375,0.8523590932187202,0.8333333333333334,0.3687533708948947,54.29169883763007,0.34690864219022,0.4255412786069628,0.5703623055978826,0.1982825964621655,0,0,1,0.0802696856306162,0.2946711915008053,0.1513698269518109,0.3370497694432469,0,1072.537406658344,SAVE
5,-0.2288597482314169,32.76977983486162,-0.4985577928320993,0.3375685741409144,0.3309467426434561,0.0025872410861737,0.0267861179893977,0.1198267611035712,0.409680626061097,2,2,9,6.553955966972325,160,0,0.2492212598760182,0.5381130331104174,0.5555555555555556,0.615618502840089,12.009879674497611,0.591559097174018,0.3079585345097308,0.1698146920597357,0.2533535396429663,0,0,2,0.1648312999389559,0.0850208770922987,0.307345251708496,0.3200783362647073,0,857.3260439050866,SAVE
0,-0.0972643677758426,51.11685347712362,-0.332622199055284,0.3401998319555853,0.064417173104648,0.1332315368396482,0.1424711236046711,0.2125888175168124,0.306906322146536,1,4,5,51.11685347712362,59,1,0.434550420127089,0.6203157235779843,0.0,0.4159013480492696,15.93162264065786,0.1571147368655355,0.6875689404500132,0.3101483864167565,0.1249305062452918,0,0,0,0.2651352540320439,0.1465484719663526,0.3372141485679715,0.2916289212688435,0,862.9084893609095,SHARE
5,-0.1031535975381307,26.096244200806744,0.3631999197194027,0.2962953638520481,0.3444964596212691,0.0876530650799524,0.036582999595779,0.0392889208289972,0.1226885795441879,2,6,13,5.219248840161349,1381,0,0.1586521204187444,0.6471140486522486,0.3846153846153846,0.6988613763215616,19.198785555613824,0.4268978049506113,0.1160753405034067,0.3436150927702098,0.6063029869731158,0,0,2,0.1334390742627426,0.1780268611180801,0.6528246166003746,0.2770129289738398,0,1266.055199086955,SAVE
7,-0.1552000265980163,26.36124834837336,0.0817320989938855,0.1206810948577016,0.0315846453196696,0.1174293643676388,0.0789917747252106,0.110889922251588,0.1301639058013101,4,2,9,3.7658926211961945,114,0,0.1067907472052685,0.8545403206084571,0.7777777777777778,0.4711616853393632,7.371621507603707,0.7264859361581593,0.5114492575049705,0.1466536053565048,0.3251641487815571,1,1,0,0.2317503571042083,0.0163226168083995,0.2025525475336585,0.1832506451244158,0,1067.0605138635513,SAVE
9,-0.198189929307582,34.794354891412,-0.3136050896533731,0.137232650591601,0.0825721460907216,0.0280773591913604,0.0758516761183021,0.3912814944303461,0.1084597476163221,3,5,11,3.866039432379111,380,0,0.1992977686292015,0.8047248228116094,0.8181818181818182,0.1636375479052682,15.360119094972235,0.270664844695703,0.4552564375911648,0.3055579851143532,0.3922175323219837,0,1,0,0.4008646518243245,0.0762838054834491,0.0471807717169963,0.247757913239419,0,1148.0454365342578,PLAY
9,-0.0831338311480384,17.970282236082333,0.1075026480703256,0.2377288505861156,0.25163162771662,0.1443691502850636,0.0150479023594125,0.1438947842473716,0.26851419865449,4,5,10,1.9966980262313705,47,1,0.1633104830358002,0.7077875210868603,0.9,0.2247017141920153,28.42190240696088,0.0919877395878669,0.4190302268698108,0.181538852091124,0.1425046368086966,1,1,4,0.2795134505407102,0.2747556026112599,0.2270114654154324,0.4278467658338742,0,985.84702661723,SAVE
10,-0.128310041715252,27.719372318915408,-0.3898900477106412,0.2555612431592757,0.0997346495630618,0.0046603965296559,0.0328789409472612,0.1494859564397714,0.4151592578100833,9,8,9,2.771937231891541,71,0,0.1430414411135457,0.6447079934937819,1.1111111111111112,0.548227631913253,32.38502393757265,0.4473164700653024,0.2598012584387019,0.1227390144778141,0.4022002862817198,2,3,2,0.5127179740627095,0.2008495212658498,0.2933786676058917,0.6311557518846737,0,1239.4525424083056,PLAY
5,-0.004801761508869,69.03501308513533,-0.3326343174517722,0.4786119225934572,0.0132675408282464,0.1182624386116291,0.1402487477364504,0.3442389231980486,0.3329689480725692,7,8,9,13.807002617027068,166,1,0.1988249511759278,0.4665057445564346,0.5555555555555556,0.2276378489517121,5.682439351545163,0.3197114694415793,0.1860120585198464,0.3062964940819139,0.2744407519193201,3,4,3,0.1222111926208106,0.4347969352745985,0.0649486976379397,0.5066759196298258,0,1237.571121868055,CREATE_PLAYLIST
8,-0.148713471145401,23.081043236632308,-0.2457765649119365,0.1628277548742001,0.2138195091327617,0.1550201760925136,0.1154674609285211,0.6036563725828613,0.3164064777450824,13,9,11,2.8851304045790385,110,1,0.4395309466878973,0.8236171825098171,0.7272727272727273,0.4369761535721731,19.02361049621312,0.2972759480648739,0.0331344625981709,0.2072167170183931,0.4640193824584394,4,7,3,0.3318685586016165,0.3400597924167615,0.2403332236353008,0.5950553920652318,0,1539.9337546500387,CREATE_PLAYLIST
9,0.0054255956205022,35.86639472956761,0.213467633037681,0.2379481956791869,0.1101619537025701,0.1143962313029491,0.3155677864703763,0.6789119241153361,0.5050332518771832,7,9,14,3.9851549699519566,62,1,0.0616670426169106,0.7882709861438953,0.6428571428571429,0.2628780804575077,4.747752858232715,0.1332246599519724,0.4840381206927504,0.0665392028126988,0.1959536515389921,2,1,9,0.5647489313945618,0.2829181258078619,0.1209654039316017,0.6439835265698864,0,1252.5590925468416,CREATE_PLAYLIST
4,-0.1517256029938716,36.81600532068727,0.1510049715982701,0.2044918031720508,0.2290566211592887,0.0939052418614285,0.1804149183327621,0.1686826006093675,0.1900909713469313,2,4,11,9.204001330171817,365,0,0.1146834299058367,0.7239983075915589,0.3636363636363636,0.412758880473291,35.770095154036895,0.2143768337375832,0.4058218170345831,0.046174171565887,0.229965162630916,0,2,1,0.1295992423884566,0.1843623839899886,0.4179027153515399,0.1920009161568539,0,875.0615672679196,SAVE
0,-0.1420347239362085,20.30872938690885,-0.3573835128166677,0.1983738325488957,0.2200445334103375,0.0894194156963777,0.0815754431977536,0.2015257422320606,0.3505674637514468,2,3,1,20.30872938690885,69,1,0.290838766517168,0.7324254302831195,0.0,0.5617560216743377,95.89399084066874,0.9400499782485268,0.2138652742561021,0.2212819785184322,0.151734283877024,0,0,0,0.192246286374541,0.295312661732204,0.2937619206871516,0.3165503379986897,0,412.5593776422521,SAVE
11,0.0114724896229647,59.97321922494831,0.2169916199594747,0.0985140037672343,0.3875839757417577,0.1801015625558774,0.0740801263324282,0.2515130430057542,0.6294209253099975,14,9,11,5.452110838631665,28,0,0.0263684803822937,0.7993651149363998,1.0,0.2661152620437533,8.33118283314427,0.2659899863529205,0.2595779538527347,0.3892525030517123,0.542689917370786,5,9,5,0.1396973118027904,0.1073476094080891,0.1552278572852273,0.7282238028421433,0,1918.9744300823909,SAVE
12,0.0372178424363564,18.266883431007816,-0.0373124873517481,0.1380168420874555,0.1835502899129607,0.2326530241876854,0.1291382782909658,0.3246456949660578,0.5200601084913717,11,6,13,1.522240285917318,39,0,0.0290761321903452,0.833183241577921,0.9230769230769232,0.5713919451318604,3.356346164434329,0.106912197293763,0.1991449437081464,0.3680720758105443,0.4297032539697655,3,4,5,0.2412348764285327,0.2983131277097632,0.2739180875828569,0.6067875461653245,0,1398.7999091679308,CREATE_PLAYLIST
6,0.2149406869333244,45.269991554684594,0.236664706416122,0.3591241154450582,0.1898455197647202,0.1908162515551299,0.1744385674908418,0.1512681780721968,0.6169125049240972,13,5,11,7.544998592447432,148,1,0.4480905786156055,0.5756612184563894,0.5454545454545454,0.5558809646445715,19.877688635419737,0.2772463378699888,0.230354324629242,0.3289686088569287,0.5302714038206083,4,3,5,0.5442699056710668,0.4085251894967875,0.2574823456437238,0.6884720126800794,0,1549.6206311165024,CREATE_PLAYLIST
0,-0.3177967662206032,13.681461150773757,-0.3702708778320148,0.5367276208990909,0.1904477827111562,0.1733763403786518,0.1007598438631236,0.2279204209104706,0.5170766278259951,3,4,3,13.681461150773757,104,0,0.1753721562428563,0.4582780436626897,0.0,0.388150086140916,71.87157889365346,0.4720842529591809,0.2745534095575759,0.1601522456841105,0.393997051923139,0,0,0,0.1480332350775702,0.3690699257583797,0.2370851295389491,0.4721164736090136,1,703.7146141068575,SHARE
8,-0.1500688189036605,25.5968760276822,0.1856421821127734,0.2624850650151643,0.0981949723996634,0.0119335778955151,0.1321098625042517,0.3122531066523395,0.1144741178867073,10,2,10,3.199609503460275,162,1,0.3488602976862313,0.6649992303411384,0.8,0.6177341016172011,7.295592186438786,0.3265736740348058,0.2476516315197628,0.205668045816296,0.2291111396616341,2,6,4,0.0714300959045534,0.2331064117179657,0.1720360879061496,0.2659869680233702,0,1153.1747434042106,CREATE_PLAYLIST
5,-0.473071113961273,34.18759809923019,-0.4241814074834398,0.3511982662500211,0.3678506801653527,0.0602204049794746,0.1015328361780563,0.3664426650078202,0.0527713673078928,5,3,9,6.837519619846039,48,0,0.5307207221025417,0.6015185174845242,0.5555555555555556,0.5398977706480526,27.518147955202032,0.0879765294100539,0.4550029910769945,0.5945589587847995,0.6634180035292176,0,0,1,0.2027162246022768,0.405643335137322,0.3032918021186738,0.1706791936861307,0,1040.7035035155436,SAVE
7,-0.1449123234442888,63.39207706592034,-0.1822141610612058,0.1036894813458449,0.0867742965347385,0.0592587295604292,0.0609284519789108,0.056252901393558,0.1988444777395954,7,4,12,9.056011009417192,49,0,0.1473013632760891,0.8588764674423296,0.5833333333333334,0.1707233376218626,10.685441642290066,0.152765991291992,0.7563809068447358,0.3378181558117472,0.4156609092560786,6,5,2,0.1379938790072308,0.1117617218986741,0.347926645449591,0.2796935861090174,0,1417.232059124533,CREATE_PLAYLIST
13,0.0718722966186369,17.916737946603284,-0.0641657865970953,0.3621569021261952,0.1809720202539429,0.0261257069653965,0.2497766222608698,0.3913542889071968,0.3812520003520184,9,7,4,1.3782106112771757,34,0,0.1091534326830352,0.5863292214620013,3.25,0.5198114412539873,3.401732965191524,0.1491999830194047,0.266259776120387,0.3976740281774466,0.2784163935911011,2,4,3,0.1000946726346251,0.2014623779022847,0.1525243464803786,0.5366126403204983,0,1043.5525733482264,CREATE_PLAYLIST
3,-0.1587547491028677,6.47064461851068,0.0317515064138249,0.1069431663599455,0.1573504113741471,0.114448279641083,0.1087482810665151,0.174640856619207,0.3054202912855444,1,2,5,2.15688153950356,62,2,0.3120816976781416,0.8679593403775714,0.6,0.4494764400417246,13.353347776694411,0.2947707559860449,0.1928259759607045,0.2227492246457564,0.3121825183062861,0,0,0,0.2028844856642558,0.5616381557425699,0.1997292434129932,0.243984080133173,0,496.3537096135653,SKIP
0,-0.319511986989311,31.546931912041646,-0.0925046919869651,0.6302501277614235,0.2868336501557104,0.1566385877391288,0.061477586395852,0.3018895389512215,0.2300758652772452,3,4,7,31.546931912041646,75,1,0.3953830311431415,0.2816408851668165,0.0,0.582556047805805,6.103665859738195,0.3393737569359211,0.1235122619735117,0.0340500242609538,0.1202237761957774,3,0,1,0.3324135277812708,0.2306026040558431,0.5742499928083197,0.333521654184597,0,843.7907522468411,SAVE
8,-0.0564620383632647,13.985071780172154,-0.1728091142692046,0.3076067384772788,0.1769288792429569,0.1135988278755052,0.2023242293041292,0.4832512395340777,0.5033445754676483,11,4,11,1.7481339725215193,176,0,0.0954367268984322,0.6196818990612569,0.7272727272727273,0.2832905384011896,6.711376476113675,0.2421478805566177,0.4244923413569304,0.6450674692652266,0.4348519297129234,3,2,2,0.3894233351559488,0.260957631675091,0.2322770780812333,0.4867967549755854,0,1212.6710215695316,CREATE_PLAYLIST
10,-0.0471504810284095,37.03677596072367,-0.2105390047199497,0.2276151671184921,0.2814566516263475,0.1188990515001115,0.1990213302520999,0.1956256032598475,0.1821824505576701,9,5,13,3.7036775960723674,273,0,0.6520457281837537,0.7229518503747141,0.7692307692307693,0.3572027412690149,10.433403827494066,0.2192256728748488,0.1244958171706048,0.1145298342044038,0.2920060614039965,2,6,3,0.0302385214412562,0.3725324756276375,0.3360938128617105,0.4311269448961756,0,1522.4358174394276,SAVE
6,-0.4534057355061125,35.592502417951486,0.2536880743975434,0.4387782142001876,0.0977208822437869,0.0457299716827395,0.14003793607373,0.1769056697023464,0.4717424441801017,5,5,11,5.932083736325247,64,0,0.0766267750031793,0.5147243807822205,0.5454545454545454,0.2018337718777062,7.035724596800284,0.6813763712663851,0.2844188779193694,0.4900167279817618,0.136819945319909,0,0,0,0.1970447754602733,0.6631072976402095,0.1173140944344989,0.477914508710987,0,1002.0290785600752,SKIP
8,0.161513448369115,19.65837252310527,-0.0661347117815539,0.341619500141027,0.1566025626520679,0.1160161385004694,0.0940388311637027,0.0877574783623436,0.2169732488846839,6,2,7,2.457296565388159,292,0,0.2641395396406467,0.6188676905170638,1.1428571428571428,0.5844112816371607,4.768737995309757,0.2355155368274879,0.1840147528625405,0.2412981162783669,0.4517087570471548,6,4,4,0.2159596325681722,0.2432880963043117,0.3126898472654053,0.2084443004246857,0,988.504217938146,CREATE_PLAYLIST
7,-0.2805567312353929,39.15016289852673,-0.328231941275076,0.3796419141471824,0.147057040073796,0.0185457356023307,0.0337087921559172,0.1196071841284567,0.2495799179174753,7,6,7,5.592880414075247,42,0,0.0766969733690709,0.6127800493001689,1.0,0.1629411703973184,22.382569085363357,0.3218722202156863,0.4129289293401075,0.4054750656520882,0.2642384015134779,0,2,1,0.3504289105753219,0.264229733231748,0.5202498724822311,0.3821983004297174,0,1139.6188534504297,SKIP
4,-0.4182605453807593,10.681742026534607,-0.3295098990088265,0.2198557655164475,0.0466915119583343,0.0649943687734248,0.0465469393666797,0.2785332275516601,0.4291193363786035,4,1,4,2.670435506633652,233,0,0.0767504018607136,0.7328510922740357,1.0,0.2538448266930145,52.340044046970526,0.1587002322625101,0.3006887858133061,0.3126861592917387,0.2936498675643887,0,0,0,0.2579892779659613,0.7498426959619363,0.6065032397747122,0.3188426362576979,0,502.5575368112627,SKIP
7,-0.0177651866589417,30.03998286901533,0.0372826739766716,0.2531655071165645,0.2975767794394561,0.0939644410923754,0.1831373601085696,0.4323783757873778,0.2312698881689007,13,8,14,4.291426124145047,81,0,0.3866977647975381,0.7063080766358238,0.5,0.3917726668400423,35.3571665632558,0.3309991374924664,0.2139579224114095,0.0529190455622455,0.3677217561246335,5,2,5,0.2147863364071716,0.1236348190095514,0.3191842523523217,0.4742605113407499,0,1423.5667815202378,SAVE
5,-0.0646644490303861,37.82923781014267,0.1153290145345355,0.2696857347755006,0.140827906374226,0.0741540931109184,0.0166571126376221,0.3868925558355521,0.3531543150855979,3,5,8,7.565847562028535,95,0,0.0135439448055225,0.7394150265005519,0.625,0.2677872386265043,15.511927072973716,0.6785229988521952,0.2416668242147771,0.2912332566306202,0.1417747914055927,1,3,3,0.1389917302233758,0.0893993804070699,0.1308841158566739,0.3364079115275253,0,861.5076569929894,PLAY
5,-0.1310678238420865,35.19784613028523,0.1287863829355492,0.0617817154943963,0.0404007595289921,0.0559096537570419,0.1213969383113331,0.2100358093011289,0.2045806762697064,3,2,9,7.039569226057045,240,0,0.0557509126809868,0.8640373130040087,0.5555555555555556,0.3313139932091516,3.2368924184265384,0.5772424451185795,0.3844820856591208,0.3323256110032842,0.3189823922076475,1,1,0,0.1149787107120422,0.281049141134143,0.2993155415197414,0.2508883248655763,0,861.0964610309162,SHARE
10,0.1825381413362173,17.07837884191344,0.274935940226836,0.2602412745782801,0.1478731931589041,0.122381783090927,0.221966591400907,0.2724613189953676,0.4392653640317101,13,5,11,1.7078378841913442,98,0,0.0836066654524473,0.6912862122245234,0.9090909090909092,0.6994467962908048,12.46851111457031,0.1105131898559313,0.4115152058653034,0.1608238320146507,0.6480223585912572,3,4,3,0.3922446899724032,0.3562328711123062,0.1728081673298169,0.5558677463105506,0,1464.9154915913175,CREATE_PLAYLIST
7,-0.1353180675845607,25.20205227657721,-0.0799408979485404,0.5453374630482293,0.0224376554868152,0.0591908352969283,0.0358408527383548,0.1565131971198786,0.3134465724971768,8,8,10,3.6002931823681723,32,0,0.3689749624328005,0.4183777871076973,0.7,0.2330601255397489,5.082766077631065,0.2030482767421649,0.2153912024533653,0.079397562526822,0.3509405595879922,3,0,2,0.1903218465801549,0.4417088389389106,0.1470939538305102,0.4791442319428027,0,1090.829869088996,SHARE
6,0.2466328501974118,26.53821160635724,0.2601235989358694,0.3734225555834228,0.2278662726922672,0.1952311825097546,0.0281940886678918,0.2783298271054634,0.2773031342933809,2,3,11,4.423035267726206,201,1,0.1806788484644599,0.567049552928268,0.5454545454545454,0.1381311840603377,16.704225770650574,0.2716221626014078,0.6088532226911497,0.1339788403255688,0.3249891236585953,1,0,0,0.4670766928866834,0.1545443572378939,0.3243131424810725,0.3727442403638217,0,967.0890011309988,SAVE
11,0.4317059882539381,30.521128198942645,0.0749445313218066,0.1593058338194461,0.1479021864146006,0.0602662418028167,0.2807310082673184,0.3307883058102452,0.3257943495030332,12,8,11,2.774648018085695,71,0,0.2890116101756577,0.7782362152477231,1.0,0.2514989487379648,29.78036606087331,0.1654901867683682,0.1059890476986355,0.1091152734021994,0.2980019067677223,3,3,4,0.1526763055281229,0.2618302343708214,0.4391676823844571,0.612358716855966,0,1341.4877372645174,CREATE_PLAYLIST
3,0.0015772921356423,68.9862636031887,-0.1683713535569685,0.1382659825019329,0.0417506835772623,0.0778778360949258,0.228053301910127,0.0646449777032829,0.3086863793724626,4,4,12,22.9954212010629,613,0,0.4093473954895419,0.8325244864041932,0.25,0.6058405858062115,10.414248926890467,0.1908795435531647,0.119233468726559,0.3857604012590092,0.3977021243721983,1,0,2,0.1894346924082867,0.4202384959644633,0.1768592718829874,0.3498620448120759,0,1490.380924280044,CREATE_PLAYLIST
4,0.0750782213685965,15.297960602477946,-0.0737540155680433,0.217616445166369,0.2842526282201872,0.0590392242583312,0.0862930727437956,0.0606199735360642,0.2425983027697687,4,2,10,3.824490150619487,112,0,0.3126026348942095,0.6965327576505674,0.4,0.5371275535972135,10.80384215757886,0.5151871477481237,0.6791222459805587,0.0739921850352023,0.473857820923353,1,1,3,0.1230313483105569,0.0999725269542183,0.1174055297003458,0.314835941208305,0,1113.7761467735377,SAVE
6,0.3598247768611932,45.61565521910414,-0.344820491610952,0.1020102630599503,0.2034716395001015,0.0788987599440886,0.0624848884079659,0.2843318583992835,0.3021195281649243,6,2,8,7.602609203184024,128,0,0.2740122213434754,0.836065854655738,0.75,0.5999666510221975,1.6539338538228328,0.4545442195782497,0.2219361778261576,0.4203844910853454,0.3714161112903503,1,1,0,0.1274842065411255,0.318281329956932,0.1389257773870598,0.3001426426045616,0,1094.492048980638,SKIP
1,-0.6114506234217305,23.797811460533907,-0.4044056940330517,0.2045156343504146,0.1857076850302229,0.0058697264969845,0.219285467884514,0.3826618089455017,0.2077213275553412,1,6,4,23.797811460533907,135,1,0.2095903692908078,0.7492294610453141,0.25,0.7063002896490329,70.91640107581298,0.7361816318370307,0.3559510571129337,0.2553054763452495,0.1569504448710503,0,0,0,0.3499334000949689,0.1801824986294743,0.4935663950669378,0.303654853023528,0,417.5046360453436,CREATE_PLAYLIST
14,-0.0264484920183003,21.788005686774373,-0.0763001078277048,0.2944443593371834,0.1441607761044763,0.0834952850158132,0.195475560650421,0.5552421486598563,0.5320482830770646,11,14,14,1.5562861204838838,238,1,0.1468218455195126,0.6390565952309155,1.0,0.6791657105531207,12.828931632619106,0.11276027026532,0.1865659806722484,0.5079938632243504,0.3143651236311232,6,3,5,0.0905634586254277,0.1775929516754951,0.158876792855257,0.8181678145322618,0,1389.6768407996638,CREATE_PLAYLIST
0,-0.6865198292349485,2.3533208251471325,-0.5092993675370858,0.320941369430226,0.1711619868663657,0.0552945253074119,0.1485896568862206,0.508785073052433,0.1637210292678018,3,1,3,2.3533208251471325,249,1,0.1824023801652884,0.6356882733384028,0.0,0.1068871715098467,72.1583794906872,0.5431989345451709,0.2623765303229618,0.3296242939422777,0.4409507207495007,0,0,0,0.2334557156823374,0.6669786283694841,0.4759679630419506,0.1312702546624477,0,366.210690581013,SKIP
3,-0.554688443332638,69.07454021268181,-0.2379982770286395,0.1309052125496007,0.135412659621833,0.0219585465076828,0.1368252224407163,0.0738016872027171,0.2738849145174831,3,1,7,23.024846737560605,156,0,0.3297558895498947,0.7998033354923498,0.4285714285714285,0.5673724903451635,8.718548548314327,0.3079660208130336,0.1123470413973794,0.2114243893282429,0.4046877162108595,1,0,1,0.4412241502390193,0.1546712906622871,0.1560185314103147,0.1847915690131534,0,1153.037973310005,CREATE_PLAYLIST
2,-0.5238873725806714,15.702315943091271,-0.5275787066866746,0.3150213313025514,0.1853678137407543,0.086204781932561,0.0743643528820512,0.0828300327582049,0.2373019533613004,2,2,4,7.851157971545636,62,0,0.1085327768369505,0.6829942955052755,0.5,0.5054612490455307,8.60245028144465,0.5572222213511517,0.3012778972440632,0.3375336444631182,0.4846498301014379,0,0,0,0.1124658363211362,0.2319012710615757,0.6881463735122205,0.1042425779091057,0,630.2320663827021,PLAY
3,-0.2109416629061029,24.652616167833056,-0.7869459184598664,0.3892928178643955,0.0965067147834762,0.2500654864637461,0.0305610863143071,0.1006187423644796,0.4818311122334076,1,1,3,8.21753872261102,265,1,0.2538255965937047,0.5374117330680148,1.0,0.1972466191163457,36.72343417422773,0.3754689349713182,0.1329974626383051,0.3187165761049553,0.3276039726689034,0,0,0,0.1516486761322892,0.3184013244392755,0.4196040605906427,0.3659693562555925,0,702.7424254413686,SHARE
12,-0.4111705664773302,60.73968346420648,0.0335205674728703,0.1759398031923975,0.0978767682282946,0.1665203983714485,0.1696767129108688,0.0675130426912895,0.3257740451173682,8,5,8,5.061640288683873,41,0,0.0913287087625296,0.7442154012460788,1.5,0.2305773234656224,11.66307273337548,0.2353375367450583,0.116264058484947,0.2577853299566162,0.6604087004946918,3,4,2,0.0403125209178542,0.1933751556715299,0.0712716711299348,0.4671321502489359,0,1568.6249262614213,CREATE_PLAYLIST
2,-0.3308377106259127,27.338127153134632,-0.1767591206334037,0.0588907329666789,0.1813441613757075,0.0592117501717741,0.1247051755237985,0.0215916077832575,0.171158847210248,2,3,6,13.669063576567316,39,0,0.250152064480962,0.9569792114758758,0.3333333333333333,0.4054025241024547,1.918802691320997,0.1674224663603677,0.2079543997115851,0.1384395867220089,0.192578384330444,1,0,1,0.0902530195414098,0.4257825768814056,0.2723981456536852,0.1940743405552927,0,767.2019389897245,PLAY
2,-0.2355436732225918,44.72740303350746,-0.2839676203006892,0.256142336076164,0.1975583222047928,0.0467437753723163,0.1531437768549655,0.189231236788795,0.1905851205759104,6,2,8,22.36370151675373,34,0,0.2640870245474429,0.7386816968336125,0.25,0.5381556719529715,9.95533069303225,0.4067825938660147,0.5822366271543309,0.29635243872978,0.4840015667847377,2,0,1,0.1458827354772479,0.2930064596881383,0.031591038072937,0.1820369314692406,0,1226.2997758171955,PLAY
4,0.0840283461624923,10.09178155504016,-0.0335657462033114,0.0368080904135214,0.0612149584109763,0.248191450532084,0.0630231397499718,0.029208940538603,0.4059089025984724,7,1,11,2.52294538876004,49,0,0.3216825884638846,0.9211126281287952,0.3636363636363636,0.4264194747326927,12.52097222476825,0.4374276647487641,0.1016187249966575,0.4231839006406068,0.5628822946864661,1,0,0,0.355647139815641,0.2411039746150009,0.3047813302547633,0.438095359474369,0,1065.5489761702167,SHARE
5,-0.1963440354930486,10.630251211553032,-0.0887385683677883,0.3451531372670628,0.0380129458652251,0.0509269429830164,0.1191591049465453,0.1236241147306876,0.6474368757446446,4,3,6,2.1260502423106065,87,0,0.0750793169639366,0.5562230226004066,0.8333333333333334,0.4838531367597097,11.014539042649558,0.6501696849577122,0.5323567980153385,0.1816369396471171,0.3170047685259037,0,2,0,0.1774931695958393,0.4699179599894473,0.1700260994419139,0.5409599657668481,0,761.2994487102051,SAVE
3,-0.2775584042590147,61.20224536441183,-0.4980367652075562,0.1843557362731115,0.2168851843698813,0.0405286303875789,0.2093764301743138,0.1892632316591715,0.2405132039798065,1,4,4,20.400748454803946,143,0,0.5077003428637545,0.7171070740166511,0.75,0.4216143298047039,11.190193332511209,0.4092140831779796,0.3652455696243365,0.2147861364297008,0.2905457443936832,2,0,1,0.2694341968514601,0.350241765340859,0.2345426764598523,0.2688376190654226,0,847.042314691293,CREATE_PLAYLIST
5,-0.1561287013630662,27.842457062025343,-0.5665615950283294,0.0599899967517317,0.1741781497111751,0.0645019466576215,0.1776566580308619,0.1455607085677403,0.1905668828767419,4,2,8,5.568491412405069,409,0,0.1675936564084212,0.9405137199287252,0.625,0.3038333766778957,7.9997540684948705,0.0550385507964994,0.67896472536198,0.7103802668497884,0.3610776325439673,2,0,1,0.4537346350154482,0.1293575913908027,0.2950526658019226,0.2354700460423603,0,956.6950203459672,CREATE_PLAYLIST
9,-0.1198268139138977,32.870401831193526,0.1035934945102528,0.0736636654975463,0.1620494497281429,0.0257803773412077,0.0403545574470784,0.039165815322648,0.2103394167623791,5,1,11,3.652266870132614,508,0,0.1890403724747856,0.8533103091896083,0.8181818181818182,0.4410046367955634,15.089056728759124,0.5766790445369446,0.3269557387800365,0.4405833269263127,0.2353522144341806,3,0,2,0.2448293423581006,0.243122529907911,0.1678317301937637,0.2794246339095128,0,1053.1160152192233,PLAY
5,-0.0493963304540466,7.249076120274445,-0.2616919018317384,0.2016326811811406,0.1942496262047249,0.0216542691257748,0.1014463009038947,0.1408168375413701,0.4284064680451039,8,6,10,1.449815224054889,25,0,0.2666783225964403,0.7582807281087498,0.5,0.2904317156286954,5.303977040738533,0.3091662761638321,0.4178721163031016,0.1208073197152945,0.0917649113761586,0,3,1,0.1565226532666845,0.1921421989491762,0.2336378377907541,0.5031063091494389,0,846.937208159751,SAVE
6,0.2840826497607206,38.61347803112109,0.0955183646672111,0.4290592158621341,0.3639898647849097,0.2207206026339398,0.0980241587047648,0.241018958119661,0.5253114813710537,15,5,11,6.435579671853515,97,0,0.0584329030040956,0.4874823130120095,0.5454545454545454,0.4865615650878498,28.589419070285835,0.2491409724316855,0.2540580872278656,0.2347435154274143,0.6496715887955006,5,3,4,0.3729320716617906,0.094527216068651,0.4041689251780885,0.6349366913323975,0,1540.6803999491444,SAVE
5,-0.1323378886712919,45.75457400325539,-0.3172040022198067,0.4725287542230588,0.1192753656939157,0.0854542432720702,0.0824220921441414,0.0613473018545119,0.189942811219149,3,2,8,9.150914800651078,22,1,0.4050043358677736,0.4637549959895166,0.625,0.3332654954273317,26.44761683223224,0.3376689437926887,0.6033028967607773,0.2891079853569537,0.2245229546571346,0,0,0,0.1857123741656654,0.2805002229439861,0.2725680252842437,0.2600701178448455,0,899.3398779712553,SEARCH
3,-0.2709016825386169,18.73788288150824,-0.495956137500125,0.0218200895043561,0.177639081967779,0.0459318761286429,0.0530036586699248,0.201172534564626,0.5204071334640119,1,1,7,6.245960960502747,104,0,0.134706746262839,0.9109065960061372,0.4285714285714285,0.2394636514171235,28.200027115000005,0.2537468749947818,0.1926603798512213,0.3219644057397172,0.4204288608409448,0,0,0,0.1069751809950714,0.0580758316545323,0.1681134384735054,0.2879945793205166,0,761.5026382196248,SAVE
1,-0.7004145267231361,13.326625659689826,0.0548238365140832,0.4672210075842241,0.2242317576990419,0.1353021082182179,0.131181240932534,0.058886325852361,0.5363374893033294,3,1,1,13.326625659689826,25,0,0.4630449886802876,0.5095157495320309,1.0,0.5283847974439466,28.417389140731487,0.6803692074042459,0.3140903718524835,0.5644256944737406,0.229577360025558,0,0,0,0.2607144947787504,0.432981657801622,0.5290663292024771,0.4039058357061658,0,333.2197463181669,SAVE
4,-0.446091078141319,8.447362557584121,-0.4722779196683132,0.4378151207514072,0.3000110544470299,0.0797455640660307,0.1746832264045346,0.3580755122363616,0.2123468346070521,3,1,2,2.1118406393960303,170,0,0.1992256291369088,0.5293116641842045,2.0,0.1775933560085977,38.4917410094636,0.5469621383763539,0.2798010365276536,0.2452308066825623,0.3252413067829728,0,0,0,0.2123515661097897,0.4297565381557916,0.5907335438236325,0.1156001309360488,1,450.66170950507785,SAVE
3,0.0699490383151797,10.388702193450872,0.0949137519950292,0.3448328705295298,0.1186578834625125,0.1597504402580043,0.0756152744782047,0.1296097864782561,0.3885491625757794,4,6,7,3.4629007311502904,194,0,0.2764629207054523,0.6267966009178924,0.4285714285714285,0.4932551747279687,15.85395872999946,0.1947029943775696,0.4374686474817961,0.0390433707327057,0.2989564912520857,2,2,1,0.3642408201560591,0.2433693510526873,0.4507114920920558,0.4511531664787574,0,818.4824556328832,SHARE
4,0.026212612140771,2.6682397855111555,-0.2277637272039225,0.1511302510922373,0.0837768460109359,0.1440973358474903,0.0647678510427585,0.1340765281256468,0.3339134654787035,5,5,9,1.0,434,0,0.2125286135617935,0.8044531255562426,0.4444444444444444,0.262691108276807,26.62783421374992,0.2984281437070123,0.0698418093724218,0.0979561846301205,0.3435395197177229,4,4,3,0.2019332490076419,0.0349304707822071,0.0793989979669452,0.3778806908150705,0,1010.2556347291232,CREATE_PLAYLIST
8,-0.0873267579368132,62.73237190968963,-0.4369311393146539,0.3951033160548473,0.1370816609683343,0.159543880010815,0.0117014464271013,0.3037289863538566,0.2883267581620868,6,8,10,7.841546488711204,50,0,0.2680008611022135,0.5409160881304192,0.8,0.3766009552321113,2.2096294325598147,0.5490419161019542,0.0747599606866798,0.2150947320665157,0.2992947641806235,2,2,3,0.1345762083353935,0.2452028506542934,0.2161932887376449,0.4198674106603298,0,1337.5999256563427,SHARE
6,-0.5329688790500817,95.52916151062782,-0.07441434716129,0.6725079740215992,0.2713734466368499,0.0845020962322003,0.0721409878767399,0.105219706153533,0.2525388313455772,4,4,8,15.92152691843797,159,0,0.2036462207978324,0.3120285524573202,0.75,0.2208064809102529,13.073527414793729,0.4182343686034251,0.0933228279464012,0.331071149981103,0.2333251513428026,1,3,5,0.4796703408662278,0.0392651201254333,0.4641059527825382,0.3327355478062923,0,1305.5312985544208,SAVE
1,-0.7056169923731119,25.970620571553717,-0.4482949555390662,0.345122197520494,0.0616514652142761,0.0368149180800365,0.1092745766982119,0.055371277504427,0.7287900616392735,1,3,2,25.970620571553717,108,3,0.167938825318417,0.5973720301033104,0.5,0.3253168010294124,52.73022014817216,0.563971230514713,0.2037151688353581,0.1349378146336216,0.2136527317815785,0,0,0,0.0935409651182923,0.4354755883353398,0.2412581565397554,0.4396487834723176,1,431.8619686432724,LEAVE_APP
5,-0.0670463053407229,24.761602093808207,0.0877042053772226,0.206485620405185,0.080760162002134,0.0107100736876235,0.0865037305180747,0.0761554287578273,0.2105451706450113,9,7,10,4.952320418761642,1300,0,0.1911227461002868,0.7383057156553745,0.5,0.231543679477263,7.973044819258497,0.1033653537515502,0.0365618255350663,0.389036480720063,0.1874883439532934,3,2,1,0.1202469527785797,0.2251685474433552,0.1052619794271895,0.4372753941345798,0,1151.71430829868,LEAVE_APP
8,0.022834438655986,65.91440085406606,-0.0459096848009344,0.0937065541578059,0.0674352792911774,0.0122887662202714,0.0364177398509985,0.290426070746565,0.684490136996982,8,2,11,8.239300106758257,531,0,0.2310154452056691,0.8738453823720402,0.7272727272727273,0.3022003879292549,6.93819347269114,0.1286706924212024,0.6756351765925344,0.4760251610031913,0.4765833925245064,1,1,0,0.2182657795418668,0.0565952710030865,0.0956742113405778,0.5436149252827716,0,1479.8579599330328,PLAY
2,-0.5972405005104737,10.945699153895186,-0.6570334460971834,0.4475459224399489,0.2300399050204725,0.0897969163802209,0.0388880804747925,0.2070685806484878,0.2199343877005717,1,1,2,5.472849576947593,356,0,0.3141731003086758,0.4756295352542672,1.0,0.2380524570327854,18.009936849013336,0.4853883291545588,0.3364293012560101,0.1877872722660416,0.6981160571807463,0,0,0,0.1606931918931101,0.336744786097398,0.7136780261866404,0.1713506757679524,0,590.5184902781,SAVE
5,0.0962679629595208,31.443849431918824,-0.1490673618941883,0.1094023222968654,0.1617724625805239,0.0945361400312209,0.0999252649701684,0.2131578195831105,0.2502197115249356,4,3,8,6.288769886383765,240,0,0.1151892341614926,0.829649834428667,0.625,0.6541378610349357,17.085688281754024,0.7163770597702177,0.6591215577929003,0.2694197223457698,0.1390011422953238,1,1,1,0.3371643018152219,0.5561902769544456,0.4005895420131806,0.2700891368957825,0,906.1355862157895,PLAY
12,0.1297071329566569,15.344153158253166,0.2761499442515081,0.2893022648263979,0.2038836952556246,0.0677460778292163,0.1339836039546232,0.1447377663112135,0.5249719163027008,11,6,14,1.2786794298544304,154,0,0.3157778213283858,0.6127365345709136,0.8571428571428571,0.5204435936201987,6.379772410935896,0.1000979700721279,0.4056021526723911,0.4252752053254893,0.5864603050580988,4,1,6,0.4236509320569808,0.1265481671373751,0.470000351855291,0.6632308455402309,0,1293.5667312072658,PLAY
3,-0.0307716751604133,34.044746697033915,0.1805481524349274,0.350704303259785,0.3340379682276637,0.1230785262522498,0.1419149557837039,0.1264729789390796,0.3780676719521479,2,4,12,11.348248899011304,21,0,0.162271859285749,0.594334183899992,0.25,0.261787745766956,8.85291147516558,0.1205204330153797,0.3001780616198737,0.3331637062121543,0.4102966681551652,4,2,3,0.143112623047854,0.106386418588475,0.5736012769033442,0.3412728624837976,0,1145.22746853656,SAVE
6,-0.1310455096837764,12.76768519697945,-0.1388669131429283,0.3518127881573022,0.6367614083215072,0.0609322323529443,0.0198995349946529,0.2927544516022735,0.1925118170379706,11,8,12,2.1279475328299085,37,0,0.224327075028507,0.6534065069105488,0.5,0.5559047112325302,8.141452873697652,0.333537452534616,0.1392768379969333,0.5409663016477241,0.4458990691149372,5,1,2,0.2418495783344473,0.1633604856917479,0.1372947769749661,0.5234681902304501,0,1183.0115096744498,SAVE
2,-0.4055574428271417,17.262424011096805,-0.3850234547738577,0.2914638422543593,0.0545603294030246,0.317360694109353,0.1141725224026316,0.2308527542395163,0.3052836768905009,2,1,9,8.631212005548402,43,0,0.1268445074661637,0.6877978641558368,0.2222222222222222,0.2893603268067224,80.21661818232934,0.1752366331271846,0.3557791194194556,0.1803234478609654,0.1302366285818131,0,0,0,0.3190094299478094,0.394817386687422,0.4594915568857015,0.2328700599242579,0,709.8211474901285,SHARE
8,0.0570143712728567,16.71043144775615,0.1070915773999372,0.4503702101479044,0.1398789296716447,0.1079599297427939,0.1841621073625134,0.4130036465666147,0.4815802441697387,14,9,12,2.0888039309695188,94,0,0.0484894359473364,0.4949625258402322,0.6666666666666666,0.3445509870001192,26.91327272192335,0.1593328982038584,0.481356172124827,0.2247182827693668,0.469645147175329,6,3,5,0.2537792135845915,0.0937791640953877,0.2518706873588592,0.7052309893057207,0,1437.413548096797,CREATE_PLAYLIST
9,-0.1889973127519197,11.491892665753102,-0.2143712880108557,0.2154464851003883,0.1551098277020075,0.0206054829808915,0.0845298669829203,0.0815677738107011,0.3631339485372027,10,7,8,1.2768769628614558,440,0,0.1421366922259319,0.7129263000505612,1.125,0.6388150359330861,24.841555329964635,0.6273449517737929,0.3412773780320824,0.4843768535169085,0.2392491945972157,1,2,4,0.1521423502940055,0.3848823205189662,0.2180868319431674,0.5147395646589067,0,931.5116271718176,CREATE_PLAYLIST
5,-0.0869673065336738,32.84793468994234,0.1564431096515626,0.1481584081802685,0.1988699215613206,0.0670359596951913,0.2135874689792313,0.0866238832466811,0.1799973574802909,2,3,9,6.569586937988468,76,0,0.2624164165898941,0.7868650491397113,0.5555555555555556,0.606568755487964,30.24636107919636,0.4965710677928621,0.2724141653243899,0.2117717994379029,0.090690882311902,1,0,0,0.0374568142810628,0.2833698110240951,0.0386913810216362,0.2167794145843575,0,821.3778361947142,CREATE_PLAYLIST
6,-0.3686370028797479,17.170012131579092,-0.4307155394282775,0.2038311324330272,0.0790453617445355,0.0053078184556166,0.0324410426047266,0.1073659854919152,0.4240622253742505,5,4,8,2.8616686885965152,417,0,0.3620196886757275,0.7397302698579208,0.75,0.3264297922646089,10.470363447256608,0.5664125404288426,0.6967103231594357,0.1991836794732424,0.3107796983947496,1,0,1,0.162715906333229,0.3672635987245257,0.3012120638690823,0.4053276980788562,0,978.3015957791514,PLAY
4,-0.2260649288606062,33.92893722211562,0.0514108119639985,0.1040947186745588,0.4147842367208495,0.0860640067924271,0.047022933536177,0.1666644118118105,0.3499188662419602,4,2,7,8.482234305528905,82,0,0.2327277559954555,0.872908634009435,0.5714285714285714,0.4944482383578878,4.50906282341342,0.0316636603619443,0.062650924211635,0.3006091230081361,0.1539543820282302,0,0,1,0.1554441268898306,0.3091711172277903,0.1100218157859171,0.3172644406381796,0,802.4272473411155,SAVE
3,-0.1298853365246021,93.37902224433726,-0.274671004593607,0.1335571811151274,0.1322709803035353,0.1415970101002211,0.1162408197426537,0.2041002701188976,0.1931052783748451,2,5,6,31.126340748112423,116,0,0.3831059032135555,0.8189377115955644,0.5,0.3036161451638519,4.85073901123033,0.2983309673526185,0.19081579936111,0.1140020827682368,0.3370073370393112,0,0,0,0.2481637885171556,0.45289459905526,0.1548892582179239,0.2847954628562229,0,1227.7294368663695,SHARE
10,0.1718617024615316,11.960592974134682,0.2708733452558632,0.1140039676393179,0.1979216146924371,0.1611793105931349,0.069584859807125,0.3868070305319518,0.4807337340685793,13,8,14,1.1960592974134685,18,0,0.208727957586771,0.8225329391119853,0.7142857142857143,0.6265391916798569,13.254444631777236,0.0801698029068051,0.1716812466672927,0.4264699618990843,0.5368686373938484,0,4,7,0.1127908490280957,0.3486885371108769,0.0514395362395398,0.7389414535786969,0,1542.477299006575,CREATE_PLAYLIST
5,0.0650515215612949,61.40776628671676,0.0317945910878291,0.3595425395508752,0.1451246341892562,0.0252309832690251,0.2176807527999505,0.0190239912408407,0.6400057646834485,5,3,9,12.28155325734335,48,1,0.1383838692664113,0.5735392645039427,0.5555555555555556,0.5261060895972665,11.827718470858906,0.6466778136731537,0.5205511432258494,0.1101514046648091,0.1621670591826133,0,1,0,0.2195118642509655,0.102900244826061,0.0236294148347675,0.5214158293181279,0,1152.300502809093,CREATE_PLAYLIST
4,-0.257860515850602,52.16879099541782,0.044136905888013,0.3124145912501777,0.2577122025279743,0.0500788751394442,0.0594570115272881,0.3565396575296363,0.36814214811985,8,5,10,13.042197748854456,70,0,0.1178009764973509,0.6715524561670899,0.4,0.5469792882571148,7.885277227137455,0.8104408726885526,0.2453486425528134,0.2604598260966562,0.3285462371455285,3,3,1,0.1678387579706954,0.2781864715458931,0.3717716075485421,0.4587189004549597,0,1284.741809468455,SAVE
4,-0.0245384900920936,6.451450857198838,-0.4675026113270508,0.3791943304684464,0.3040018606061342,0.0728318456037834,0.059628381952233,0.1670589280609661,0.3865615284617728,6,8,9,1.6128627142997094,259,0,0.3355590753186013,0.6672380612704527,0.4444444444444444,0.5760825991164632,4.873122452686562,0.451955718145439,0.2255510020464962,0.3771481766212428,0.2393811946257028,3,3,2,0.5539338071670024,0.1752244380700181,0.1001561849569497,0.5165255330209427,0,902.5045837639268,SAVE
6,0.1738963577593634,34.27183932330885,0.4968148329052393,0.3626523320482092,0.2940687155356135,0.1387266717092735,0.2822057996320446,0.3287346106518657,0.4457712086031029,15,8,14,5.711973220551475,10,0,0.2799326130087406,0.5602053670171078,0.4285714285714285,0.7858733112713577,9.736981171009344,0.2849384752229037,0.0981843456647108,0.4960455843598767,0.1606545689666278,6,4,4,0.3154664301537327,0.1243344253980216,0.5317932944079994,0.7165787165936458,0,1564.3051864398058,SAVE
2,-0.0179460145839992,69.12486697153592,0.0803896381160941,0.3135637096667859,0.0466695094222513,0.2250004155797332,0.0612999791327444,0.0960265676811815,0.1886875128914741,4,2,13,34.56243348576796,1405,0,0.0526502588318161,0.6290275013172072,0.1538461538461538,0.2524934924773586,33.05865993403956,0.5429273548730624,0.6149629018940241,0.4727959407326899,0.4076099365893767,1,1,0,0.1550449272460742,0.2073006738998721,0.242622007771628,0.256988102759336,0,1595.7417737597675,SHARE
1,-0.3281759473881553,11.316159125466465,-0.4352270267958377,0.3260667641975818,0.4776600236957235,0.172532740178755,0.1938112668355749,0.0164965691375982,0.3813193597657002,2,1,1,11.316159125466465,259,2,0.0202476051953759,0.6179261293746492,1.0,0.422981758425534,44.57246903915114,0.4103341382429407,0.3982617669366318,0.3052994965876225,0.5056493847351402,0,0,0,0.2696067052524614,0.6258535613952626,0.4368014934181795,0.2892929902856043,1,617.1982611226452,SAVE
10,0.211113673965046,56.48887071395273,0.0814516079797816,0.0323361257920302,0.2490675780155548,0.1763369781973392,0.1869823382734075,0.0806820253032905,0.1568462964180319,9,3,11,5.648887071395273,58,1,0.1945648151453914,0.8952743595329484,0.9090909090909092,0.3677742656042901,25.68660147715142,0.4719361277107425,0.4000880214685288,0.4054833382746029,0.4493924719929547,3,5,1,0.5219721125093232,0.6844314821435578,0.2696698978427288,0.2641579217633921,0,1585.188831662989,SAVE
10,0.16477429990165,118.9116481238989,-0.0967855871055964,0.2079176759391225,0.3072222766964321,0.14348535209255,0.0939397965901039,0.3951687866847179,0.4603610093707923,14,5,11,11.89116481238989,27,1,0.1967154333417308,0.721247365464577,0.9090909090909092,0.5122270647474314,9.783238563555242,0.2337912996038493,0.3390212884204823,0.3644401272893323,0.6008100015725361,4,3,5,0.2598429267725937,0.3602122362594698,0.2032659281219248,0.6306000954153977,0,2075.3291566147223,SAVE
3,-0.1269163434300788,24.944918618129044,-0.3534748895497928,0.1539948549536336,0.191625705495005,0.0444673974665925,0.3158119347425666,0.4738036952824433,0.3259660771584584,9,4,10,8.314972872709681,16,0,0.2139038368995984,0.8054804656763441,0.3,0.2924973777551686,24.44037570657215,0.2460005684797988,0.4600003479868262,0.0784902276595563,0.3105247180833608,1,1,2,0.4053860945611082,0.3505788072810297,0.1434659201772412,0.4625807016029856,0,1236.7880052881671,CREATE_PLAYLIST
1,-0.0230833512222439,23.746520653101584,-0.1604365678005787,0.1197537984027002,0.1227415766869555,0.0122035269474274,0.0762683668631147,0.4533734801701912,0.1882175212269479,2,4,11,23.746520653101584,195,2,0.2874045274519348,0.8686445493861211,0.0909090909090909,0.5076400731101555,26.563706690203,0.8147525220966854,0.2981615474798707,0.4132130741090931,0.3807045033605564,1,0,1,0.1888407429405764,0.2748671708254337,0.5420556409282876,0.2735210552783886,0,962.3492929964792,PLAY
6,0.1761673814076925,79.07112805668308,-0.0874830031816871,0.1734037207278211,0.1949785268305019,0.2580888374019033,0.1747589789153891,0.3546507313936353,0.413174385362833,14,12,12,13.178521342780511,63,1,0.0868722997175584,0.7661513977478984,0.5,0.4955408509132064,6.647496111335031,0.2496537554133273,0.4422102306942224,0.2611207951406413,0.6161670706562792,8,7,7,0.3756704992432443,0.2749319346363493,0.078313732570116,0.7670774755130348,0,2020.415267065747,CREATE_PLAYLIST
4,-0.262673137798426,16.379995666868748,-0.0439995604636994,0.2964460069873302,0.0540193702903991,0.0073843972678395,0.1872755234857178,0.0268851334304543,0.388689920680257,2,2,6,4.094998916717187,55,0,0.1193991212222973,0.6938836910233773,0.6666666666666666,0.286343659538705,7.693992265928266,0.3731858974965886,0.1634591501363341,0.0605362297030556,0.3677590233491494,2,1,1,0.0929503438931073,0.3260709626182876,0.5173468560098179,0.2659467131517617,0,830.686082118539,CREATE_PLAYLIST
9,-0.0793579643521621,14.344274954188494,-0.2152171739278211,0.2682983235025342,0.4115807680532176,0.1220589302201329,0.0408198492583205,0.0300711916698105,0.4401004931039545,7,6,7,1.593808328243166,12,0,0.2406606699022757,0.6554505123760987,1.2857142857142858,0.2222560933754038,3.1792270376904184,0.1020228238399771,0.0836433215125987,0.172125540164726,0.2098858596046017,1,3,1,0.0787139672776562,0.1130725118050788,0.4858364823804947,0.5318840715078583,0,675.3819268868154,SAVE
2,0.0423696247394201,17.5884191267219,-0.0382878779037692,0.2234496572181727,0.0416188809948063,0.0943155353333249,0.2296340212536418,0.0743295071621069,0.1704562750196116,5,3,5,8.79420956336095,740,1,0.1889249806535469,0.7270048014557859,0.4,0.1939899814076441,10.0849186410075,0.5015114586938935,0.4204273230011273,0.385508080978947,0.5629942466521669,0,0,0,0.4510047440301002,0.2561398217763151,0.1135235372090038,0.2715912031643481,0,926.7984967952092,CREATE_PLAYLIST
3,-0.0714827601788082,41.24203132229408,0.1333462144701143,0.2247451919045048,0.6250799564693867,0.0772342251527981,0.155850139262813,0.1277029232672367,0.4254399945243047,3,6,9,13.747343774098027,59,0,0.5016675127963827,0.7430391770171768,0.3333333333333333,0.4102641100218707,3.4013526055333267,0.5985357080350596,0.3304912155346851,0.2733682666294454,0.42911122076906,2,2,1,0.218637330821261,0.3848705652003973,0.29672418992088,0.4621968601759729,0,1136.0382067454243,SAVE
4,-0.213306095072831,15.597138663106389,0.0257632876817464,0.2919477621071804,0.1464136234919718,0.0465009760567824,0.1236719550100741,0.4136727676336533,0.1382621573344971,5,3,13,3.8992846657765967,202,0,0.1336837591212527,0.6712492415053702,0.3076923076923077,0.2387374795207297,14.251887321383832,0.3961226481351843,0.4887122244791759,0.1874075365381884,0.1357354706457085,0,0,0,0.3224039226706192,0.2772608560989546,0.0697082161810909,0.1482242138333819,0,976.6830180087225,CREATE_PLAYLIST
5,0.1666084784786839,82.77630996438936,0.4775539681097975,0.4967755623531447,0.234315109333868,0.3157742995344145,0.1444599794494509,0.1266620044739851,0.6593811784582996,18,6,12,16.55526199287787,1398,0,0.3113833919326095,0.4635437210316826,0.4166666666666667,0.6636358856925338,9.97883753173967,0.5467484763714262,0.4913942205760868,0.275985187000099,0.2558396148880002,9,4,4,0.3319811070279824,0.148892984743684,0.2204461722662683,0.9045815300955388,0,1674.9149232965672,SAVE
6,0.2240904635126481,39.01348260035638,0.1286429195240901,0.0789083176362599,0.1900661950503041,0.0606931135601211,0.1181654367638748,0.144731627652563,0.2368859431251732,11,4,7,6.502247100059397,51,1,0.3901458380603241,0.82021435523145,0.8571428571428571,0.3964442512713664,8.544478401115365,0.4262830748758958,0.3444687295146857,0.3725068720961987,0.6138185514536806,2,2,4,0.0628898127522802,0.2894922884977629,0.1429966699518844,0.4651033048838917,0,1304.140136573439,SEARCH
11,0.1603706844217916,97.93759825453849,-0.0190922934426971,0.1643311166455139,0.1443480262643339,0.038671034129617,0.1507630093452256,0.241344655532118,0.2675734019017097,5,7,11,8.903418023139862,134,1,0.1331948712570523,0.801765118570698,1.0,0.4293398337385703,11.383442756558567,0.4556418371096501,0.1043681261515437,0.18542194053659,0.2670433232166102,1,4,5,0.2423219441401203,0.524997179008739,0.2812874851816592,0.3717469260142347,0,1501.240591214522,CREATE_PLAYLIST
9,0.1440587496391414,58.05414628604231,-0.0225952986779972,0.1741836411840702,0.1678068221833238,0.3048472717260397,0.2935184821021051,0.3311858430217885,0.5257251423876161,11,4,13,6.450460698449145,436,1,0.1606798036576109,0.7632559481302422,0.6923076923076923,0.3798088857080442,8.363164288784654,0.0894950246315471,0.2284448096603792,0.3140380491958446,0.3891141981486946,4,4,5,0.0210146192661069,0.1193125507134694,0.1500633379387724,0.5436513109288849,0,1653.004962354154,CREATE_PLAYLIST
5,-0.1619433297189199,16.11841052138726,0.1976539861089083,0.2400500457013374,0.1377127785514523,0.0248161136635956,0.0992072243556616,0.1353836774935103,0.213325921412584,1,3,8,3.223682104277452,74,0,0.113065856878068,0.7251046375564449,0.625,0.1350981127295201,10.822983317666194,0.2100957808656878,0.187467851316227,0.6076752968392781,0.2917980144549033,0,1,0,0.0228475938754184,0.2540570000291471,0.1344056081301995,0.2190071905480492,0,603.1856719871494,SEARCH
8,0.0715911099196336,73.90378301770227,-0.202864787052511,0.4451635458844593,0.3364976866190433,0.0790362845827895,0.2065685137771038,0.4622230797411417,0.4692314230010821,14,4,13,9.237972877212783,67,2,0.1618656019663511,0.4948093244747155,0.6153846153846154,0.3945179196408763,58.65821233604967,0.08885464223352,0.2459312776962657,0.2436902253555416,0.45305286900218,3,5,6,0.3137873521312682,0.0606897632346666,0.3702808867630278,0.6281961550284839,0,1880.8614370995472,SAVE
7,-0.1494174593157356,35.78085911992817,0.1175021949756297,0.5123692368669183,0.1294753158721736,0.0410095517546339,0.1331750210165525,0.2114846745145402,0.3992921583922381,3,2,3,5.111551302846881,116,1,0.3487219530984114,0.4335220796749779,2.333333333333333,0.4863934812789016,7.121067652858313,0.4799475658572688,0.066351106039245,0.2027566424325148,0.3234082847782931,1,0,1,0.3219859961718299,0.3308317305095281,0.339485420024899,0.3738136248421828,0,678.0639630487582,SAVE
6,0.2075553616973707,38.775814038818986,0.0657777640233113,0.1270774055679915,0.2590508284913042,0.0546929179054782,0.1008826969120019,0.1413621814760693,0.399823895302597,3,6,7,6.462635673136497,57,0,0.1952309758276341,0.8385427298736068,0.8571428571428571,0.3110623637359598,13.79022366396638,0.3855663440744753,0.0787914272994671,0.3325687307970775,0.1867310120998192,0,0,1,0.2650830763432398,0.3774700761759517,0.3224309241517933,0.4664312583247475,0,770.480248695122,SAVE
11,0.2787370164582478,40.59586697147376,0.0154476014428322,0.0599859035974521,0.3937834853244842,0.0809943777325622,0.3673478660405525,0.5502093145393873,0.468952860715889,11,5,10,3.690533361043069,152,0,0.0567855330445441,0.9046456713244572,1.1,0.1989949503902165,8.003955946850613,0.3825140925075336,0.3355511001409647,0.2787260441740932,0.1689817540798675,3,2,3,0.19428385594998,0.1412299450885092,0.3158093400130173,0.5657569757493692,0,1248.5895432093928,SAVE
2,-0.325627078841272,63.305749480399136,0.2368468421604662,0.2756721390747574,0.3116312611280727,0.0429571304271829,0.0853184031105114,0.0831723940211442,0.280835770293445,2,4,11,31.652874740199568,25,0,0.2088741383364323,0.6924722845600317,0.1818181818181818,0.6787275792701668,18.41416448422789,0.4345328614595806,0.5171519977455223,0.3682082990370249,0.6841721488943486,1,1,0,0.2113837435938889,0.3400933850794697,0.2893202947411799,0.2873531569006353,0,1370.747548211274,SAVE
4,0.2224417480911658,33.04351042316815,-0.1153444200001864,0.1290232307220474,0.1203130918358562,0.2982318522365325,0.2164161078631631,0.0260970066022693,0.5730090545388766,8,5,8,8.260877605792038,68,0,0.4276650874062563,0.8179190074062076,0.5,0.4862156279269099,16.23649074140246,0.4281979247147988,0.3799557481995573,0.3292081127494179,0.5116833096969949,3,1,2,0.1631291269821832,0.01,0.1141409595985133,0.5703249901387134,0,1182.309382498104,CREATE_PLAYLIST
13,0.030379308944974,28.51715674666869,0.0285606114372158,0.3064167929822415,0.0722821287400904,0.072619818437942,0.0939067852692738,0.3723687147252057,0.6993838045602636,11,11,12,2.193627442051437,6,0,0.4545552864183536,0.644436119106743,1.0833333333333333,0.5292535467530265,3.925672871221217,0.2368755375339726,0.2888095159277264,0.312807993092091,0.7230270470889022,4,1,4,0.2275076620725586,0.08863685963561,0.2948058844603136,0.8606325709397857,0,1463.663963851416,SEARCH
4,0.0435742389260771,23.229291328215503,-0.2379748245703749,0.0840790608965046,0.062062259656336,0.0252372695129486,0.1008490796106543,0.0986069056986728,0.2187746746930286,2,4,5,5.807322832053877,12,0,0.1992933387583335,0.8282904511109227,0.8,0.4347479500969585,10.345517949965924,0.2365785727401803,0.1617213175294365,0.1584465189315793,0.1748984420211193,0,0,2,0.1499818950603362,0.3654240509002446,0.293551299356418,0.263007851856835,0,582.1389266975142,PLAY
3,-0.4073834970970119,8.422309013809938,-0.6190897534221756,0.5112314201753037,0.1060821156144305,0.0252076758144578,0.0749266383639419,0.1169846028743317,0.4592286884015033,3,3,4,2.8074363379366463,125,0,0.2480338207255571,0.4603410874621058,0.75,0.1581565128306104,24.99578698666209,0.6630704967234461,0.2376312923949286,0.0918137152542073,0.4457453355196202,0,0,0,0.2274222714327853,0.5024591696530726,0.2846681948898913,0.3631352270008945,0,744.5632286127418,PLAY
9,-0.0266815918418222,15.51344540578947,0.2808142441664862,0.2055815957312606,0.1976347532789892,0.2238417917762086,0.1185875048350366,0.0957241948869059,0.5068149086692157,6,4,8,1.72371615619883,162,0,0.1613785319815774,0.7610784984294643,1.125,0.8336988930775592,20.28369888678469,0.2718451857745579,0.2767356692742039,0.2370869499433336,0.2589222991289514,3,3,6,0.1399507854145306,0.2551533854780389,0.0862754342597805,0.4890611896035577,0,901.5173833809016,SHARE
7,-0.1250336969601085,18.598813718029948,-0.0150757926007839,0.241641572135581,0.1353615532066902,0.0805398219268859,0.0773884511678243,0.0610360427540026,0.2969329388905141,7,8,6,2.6569733882899924,67,0,0.2128294171795001,0.7686891397866172,1.1666666666666667,0.2658889195387066,44.89602154408819,0.3095137301475819,0.1400304502088523,0.2209620543959902,0.5283389057341241,6,0,2,0.1591513807375888,0.4704639170334102,0.2775496190445246,0.4888856785467874,0,904.9124473253228,PLAY
9,-0.2945448590828415,20.67921894396437,0.3726377338303481,0.2892749709928236,0.3272657875735853,0.0101606145851659,0.0651600414754926,0.0920920619572882,0.3917060180480575,12,8,7,2.297690993773819,81,1,0.2000880021909809,0.6147036263135277,1.2857142857142858,0.3283824766513419,17.77623638252911,0.5865798342936326,0.139252290572075,0.2378529866091764,0.1805571885686733,3,0,1,0.082186145203416,0.3215407374784258,0.3792801801575102,0.6774841927158286,0,892.6318096687313,SAVE
8,0.0546305968304714,26.434847655851367,0.0894229768971777,0.0838362872621353,0.3450098201825947,0.1862549640006134,0.2466699562320098,0.3752899433012977,0.6316749088454381,9,4,10,3.304355956981421,500,0,0.5423748258105069,0.9055590718496412,0.8,0.1715072222393817,23.79126524073411,0.2562990263586541,0.3667873366428776,0.1619026973612988,0.3046761117321525,2,2,4,0.2688693578995983,0.3489261953924981,0.2406669610209563,0.585673741625478,0,1181.6302898807935,SAVE
1,-0.04854877202534,16.529763242300934,-0.0911755010803681,0.4873602037483936,0.2256410534899278,0.1223711401042925,0.0560775661950579,0.0860152766733893,0.2348891826370943,6,4,9,16.529763242300934,12,1,0.2219468043132849,0.4906785660229359,0.1111111111111111,0.3009573702080021,12.719619335009067,0.3810272742799022,0.3607383300378676,0.1145150431539594,0.193027368403341,1,1,0,0.1031322050950598,0.1519198387692679,0.681022436258634,0.310278825708064,0,820.5145010145169,SAVE
7,0.2073926645280966,54.20734520624574,0.1991853356609637,0.0902009062776509,0.0623618836496556,0.1084804725706557,0.2660682164734278,0.0817718600364598,0.1325955125157692,13,5,14,7.743906458035106,166,1,0.2491169125854944,0.8732628638339809,0.5,0.1118928447609527,24.88159679677593,0.5414277165655348,0.0894639932871018,0.4184401283217375,0.4640095511706252,3,2,3,0.3590938249557802,0.3187357108810877,0.2645340288422689,0.3896383727795364,0,1672.81218894828,CREATE_PLAYLIST
5,-0.3478509519445794,33.33609794575334,-0.0283804220644458,0.1344530037225353,0.1221034313332321,0.2425135304688507,0.1093675769621744,0.2523622864333514,0.3363737813867833,4,2,7,6.667219589150667,82,0,0.0836000343767879,0.7920528093405114,0.7142857142857143,0.5561116804187715,12.385370838332948,0.2682156103277364,0.2652644043097986,0.1630441148104088,0.1933176764738738,0,0,0,0.3112767261636999,0.2542669901134271,0.0394904665806432,0.258966815445224,0,818.2888292627562,SHARE
1,-0.5178268657927779,28.593061111332982,-0.7929394236068188,0.1676433635218823,0.1736784056487694,0.0697219898537794,0.2416204469564473,0.4767384365379778,0.4949645613472658,1,1,1,28.593061111332982,115,1,0.2489945983441122,0.8150477371705135,1.0,0.4981013039169744,12.200682869259632,0.3495653039314534,0.4483676663477313,0.3272011585149381,0.3570935252690188,0,0,0,0.1249219586006351,0.2347662248857542,0.3752890461768046,0.3338094369787074,0,420.931395788184,CREATE_PLAYLIST
7,0.2359953721268033,62.67516422016696,-0.0552887085192491,0.082074101582035,0.175091761408301,0.1379808794215687,0.059166220768922,0.3027383201702348,0.2112575085806238,5,4,8,8.95359488859528,39,0,0.1679295948728867,0.8534091185794271,0.875,0.2503888161421699,14.207960812027393,0.2423248895781811,0.3939581919684344,0.1525959054092904,0.2177162675254146,3,0,0,0.017380932635048,0.2083630180399768,0.0983796347035164,0.3192087580506934,0,1142.4050443265671,SHARE
8,0.0890125828079552,8.19665677303107,0.1107807946100829,0.3011845856672984,0.1169915311387269,0.2339505365546462,0.078791519026334,0.2261678287878877,0.1924249407536227,4,9,9,1.0245820966288837,50,0,0.3930802646404472,0.6422477608760492,0.8888888888888888,0.7542572136017446,22.00618932897067,0.1223908991320206,0.4837403478852511,0.1036115442345677,0.2614753245505814,0,3,1,0.3094890639948727,0.0171013531379762,0.1349028543605095,0.4245542459842353,0,879.711491021155,SHARE
4,-0.3185346229004142,20.362906515611037,0.050937502250064,0.3851332305979308,0.1579558199882775,0.2455510918432829,0.092861690452479,0.3939983121050872,0.2073741338641462,5,2,2,5.090726628902758,13,0,0.1475683060983932,0.6210884601517822,2.0,0.4802074290675688,21.176890777286005,0.4413537316912275,0.07988932018741,0.2393213751026563,0.4009468498520492,0,0,0,0.1737091018733252,0.4820781303285854,0.1234354536994298,0.2556237262810318,0,710.9616118110932,SHARE
10,-0.0757223514655373,30.372884246907766,-0.2344190780648899,0.4603770906073179,0.2197673116814376,0.1066502893803837,0.0989925372846134,0.140922541163973,0.2927201802761696,7,5,6,3.0372884246907765,80,0,0.322189915373167,0.4820683230471013,1.6666666666666667,0.3289217410244767,21.4105628471826,0.5432638480301293,0.6489797997390572,0.2902586314576528,0.3577557305475055,0,1,1,0.3207508595102165,0.0665232033852668,0.1286106514626112,0.4118275614356168,0,1002.1456942981127,PLAY
9,-0.0970024169316897,37.01390437549423,-0.1411151712316516,0.3380602754656532,0.4398851513533625,0.0298219997249889,0.1435519473068941,0.0703560939893927,0.4442911858067428,8,7,10,4.112656041721581,176,0,0.3896806988971364,0.556393477339759,0.9,0.2759989608149162,9.463567400465376,0.7106077806567507,0.2120963048291184,0.3672334168103887,0.0996377209006853,0,2,0,0.3590639864106484,0.3406946214452012,0.4806528340072511,0.4962230280408244,0,1102.2520066800666,SAVE
7,-0.0321658610459802,29.55328108589581,0.0975603080176126,0.2309431554980991,0.1014493751578426,0.0558060455945817,0.1136266973762886,0.1213960653495282,0.6055398452706754,4,7,10,4.221897297985116,123,0,0.2727840828837456,0.7101913126817071,0.7,0.5963489022240959,2.5407507577072743,0.5700723795391405,0.2487822100116512,0.497593863332827,0.1314982578482127,5,3,7,0.1823905076463439,0.0594073220100161,0.0309341593178768,0.4591079945337571,0,941.956099140814,PLAY
8,-0.1010894610305084,60.04837128688203,-0.3754922138923992,0.2470538855226265,0.334113623031675,0.1527141639933439,0.1363060362342434,0.2442317818961069,0.3346161500647607,17,8,12,7.506046410860254,209,0,0.3263861528651924,0.7305024405533481,0.6666666666666666,0.3445217312654138,9.757092959566434,0.6028677463980606,0.1428757635913529,0.1322179507294981,0.6816556219703573,5,3,4,0.2263217008572053,0.3213353694574593,0.0692040791212874,0.6681711601421831,0,1844.0076778387463,SAVE
3,-0.1509102592755448,31.914522840977984,-0.4709280394596157,0.0489955529917413,0.112087585790055,0.0293213894472638,0.0357579141990844,0.0940818507594857,0.1692900623777681,2,2,8,10.638174280325996,162,0,0.1998380526602671,0.930285832936982,0.375,0.8114664487719991,4.199902409311401,0.0701075561868961,0.0898503227218242,0.1475809700165742,0.2110501418519695,1,0,1,0.2757960519324983,0.1055245877512364,0.1857829250733451,0.1635201676246446,0,710.0300059911441,SKIP
2,-0.2852751835487411,43.02701350236356,-0.1104970757745315,0.5316280912045819,0.2011998554641081,0.0679798492793744,0.1602884127902651,0.0560861248344484,0.2202780067825938,4,2,7,21.51350675118178,80,0,0.3494486946196694,0.3909643774872602,0.2857142857142857,0.47274887230562,13.666863096998911,0.3921047303369912,0.113159881074614,0.0707881177406136,0.3027498691500352,0,0,1,0.3078437784384081,0.2900348214022436,0.2636491629157,0.2107103440558107,0,748.1665595918174,CREATE_PLAYLIST
1,-0.3373310984317972,115.85429499665582,-0.2292055735148723,0.2173678871108298,0.0505567547007086,0.1337487068162789,0.0406744430803491,0.252586385180069,0.1279711792325882,3,2,7,115.85429499665582,107,1,0.3556012867414529,0.688093205063315,0.1428571428571428,0.6939251424281669,10.929232585322694,0.0729146554058069,0.2575170157058564,0.4739294697958712,0.3748536482680379,2,0,1,0.1698590034563822,0.2352449220637677,0.4050690527868871,0.2061069949308765,0,1477.2514710303933,SHARE
10,-0.1364527247218239,28.361831152904863,-0.0911876497688458,0.4151272563505604,0.076940125684618,0.1246451078581865,0.0705499724320492,0.0321624545249724,0.1363242768779905,11,3,13,2.8361831152904866,90,0,0.1695335670664383,0.524598316673478,0.7692307692307693,0.3524582889407818,22.155550777216938,0.0677325503916244,0.5840611308441016,0.4216958968113935,0.2822820621732506,5,6,6,0.2254646328906787,0.1004662811437134,0.1072421240278971,0.3736943595867008,0,1437.38731063724,CREATE_PLAYLIST
0,-0.5075849439965043,31.50810774908592,-0.6309085258939402,0.1681344584352415,0.2793888142983048,0.2487279353201679,0.1785677247391054,0.3478664268732493,0.4687403033677367,3,1,1,31.50810774908592,26,1,0.2853504331036424,0.7625227157652685,0.0,0.5657560683427236,14.641690899184692,0.3041534286819644,0.4297740350082658,0.2729114159607974,0.3344306027689684,0,0,0,0.4172211434598712,0.3944115749414559,0.5287416817154424,0.2943770621316324,0,750.6203218759662,SAVE
8,0.0710552445564988,25.605844918943266,0.3332766106751219,0.6255795892042092,0.2325387056508775,0.0456805069013039,0.0341520266832598,0.2940554742904122,0.4353772717023232,5,4,13,3.200730614867908,48,0,0.4152809211705783,0.2849615187110812,0.6153846153846154,0.3802520502257572,6.010271822366378,0.250776752832886,0.6428811817726328,0.1597833511064586,0.2766691395194769,9,5,3,0.2781533854031658,0.2142339609354449,0.3428894779921096,0.4189025728711685,0,1302.0271262518263,SAVE
12,0.3749079883132822,52.263221334159184,0.0944777397376266,0.2995233168977362,0.3711150559428765,0.1667864019692705,0.1072825040768067,0.2452783204806856,0.6278606227529487,12,5,12,4.355268444513265,91,0,0.2966885665080003,0.644714430910532,1.0,0.4665503069756959,7.962332691647903,0.2471352843432529,0.0860518083897194,0.3899923551028916,0.6738092424477151,9,4,6,0.2360999003212161,0.4064132145323888,0.4831157212421343,0.6644681777416888,0,1590.7710794540471,SEARCH
8,0.2389642670267473,36.725532173563565,-0.0721181460032747,0.2363876222118067,0.2753841074076272,0.0443232771707392,0.0971816819997644,0.1317473109053338,0.1117265691272365,3,4,10,4.590691521695446,91,0,0.0892927230425814,0.7850988170858926,0.8,0.3068703160448998,4.427725696709777,0.4034427011746156,0.1804542066937395,0.3151589683946124,0.2970834076438238,1,3,1,0.3308633107561237,0.2500437076443936,0.2469375279084686,0.2133939362315394,0,1223.400695360972,SAVE
12,0.1335678809897069,58.078129833267255,-0.0461493331554591,0.23433979638197,0.0423808805069445,0.178599642739097,0.2295683919116003,0.2046009834370725,0.2073324999229216,7,7,10,4.839844152772272,53,2,0.0694034234331058,0.7109984739106548,1.2,0.4020486923107021,10.681310650886015,0.5371226501409134,0.6033005724135332,0.2442837353621515,0.2702444276292411,3,3,2,0.1814603559307294,0.2922485963888057,0.266136668467885,0.3809547637228155,0,1377.0602562278943,CREATE_PLAYLIST
8,-0.2004996369412248,55.93891533408056,-0.5627464279600555,0.0564696254064904,0.1010863105789928,0.0342695000172316,0.0785702422813704,0.3906885413426046,0.1508065372517914,3,2,7,6.992364416760069,166,0,0.1962223645350329,0.8810494181430375,1.1428571428571428,0.4738331427128792,12.724921544769492,0.3554157675538316,0.3456066451646059,0.0949700787611299,0.4387303790389921,0,0,1,0.1838117980104617,0.2568782153411066,0.2738835522283971,0.2140879971085746,0,1039.4924996520638,LEAVE_APP
12,0.0902669120232172,31.72169421749333,0.1226313008224386,0.3017102834907065,0.1244007980754699,0.1246773941573945,0.1731019532487637,0.2676335442240176,0.4334386828178955,9,8,13,2.643474518124444,12,0,0.3230481489077679,0.6654574918448226,0.9230769230769232,0.3800364543398523,7.254525209841495,0.6568780548232278,0.1264079131929657,0.1088395315304991,0.4373819682286642,4,2,9,0.0729677764436604,0.4207058930906208,0.2840232429954495,0.6040909296735257,0,1376.060857236712,CREATE_PLAYLIST
1,-0.4382533851542215,22.94127467557457,-0.6517380333812728,0.5054365874104971,0.246888504534168,0.2103448000551781,0.1402971683690281,0.0550344367776367,0.5009919472398432,2,2,3,22.94127467557457,78,0,0.1726600718615803,0.4448084729435629,0.3333333333333333,0.2851926694181128,64.82729722219565,0.6216863592156295,0.0534376531664947,0.4284796536073453,0.185787903283398,0,0,0,0.1692450678756944,0.4062058320596918,0.1810182620075088,0.4194174939708648,1,506.2068601891769,SAVE
6,-0.4473387902145688,50.34445307548373,-0.4033603921579662,0.0410891249372296,0.0196656880570067,0.1460800639150899,0.0547994723389268,0.1318685050574763,0.2798339612699121,4,2,3,8.390742179247288,162,0,0.4741774614455024,0.917818927692983,2.0,0.4700167010959656,18.020224841723927,0.2041034954025957,0.2345049753638209,0.1137119439960343,0.213729369013787,1,0,3,0.1057063429364795,0.2325086002673964,0.3185796398703631,0.2661533801160781,0,744.9085275969048,SHARE
2,-0.1098880627693749,23.60541880814654,-0.1279254549658794,0.2855356844362863,0.2268833863305422,0.2730006932677994,0.1309560844214604,0.3385695522917728,0.1247057517555863,1,3,6,11.80270940407327,729,1,0.2342155490283769,0.6981541229793771,0.3333333333333333,0.3544710744496692,12.84561077539955,0.5320640980237212,0.2648024777366562,0.2025485528403025,0.1444328570697074,2,0,1,0.072336479389571,0.3629831175651259,0.3540245524779454,0.1563055019758818,0,658.6568700815756,SAVE
5,-0.0986379085043508,12.104366358740355,-0.1227691074933563,0.1159402867056118,0.0913243150287125,0.1097887288026148,0.2179915963957715,0.355756475378596,0.2266994967659208,6,5,11,2.4208732717480714,69,0,0.2490192782526884,0.8391656039581347,0.4545454545454545,0.2297863608004196,5.248500999096536,0.1341708580010814,0.1032901161221225,0.2931340820588121,0.094119276988849,4,4,1,0.067349163833969,0.2572321085049666,0.1920090891097866,0.3049594116901325,0,1007.528250696818,CREATE_PLAYLIST
11,-0.0696389209037632,59.89614962584519,-0.3121713361651516,0.3277085508222169,0.1679320230903112,0.1093210672282071,0.0214327655685165,0.1593571515035927,0.2015859327040234,3,4,8,5.445104511440472,253,0,0.2648884586671646,0.6444506554998177,1.375,0.7499536743779032,21.39416295374381,0.2109939719150779,0.4511680322485848,0.230666099915008,0.3293389882335777,1,0,0,0.1660153457287076,0.170161965820758,0.3328701377698643,0.2382585059696437,0,1127.8920093028964,SAVE
9,-0.0004082719385547,34.25434956699649,-0.0804581637329418,0.5216695606552378,0.1151276064108315,0.0629313025855156,0.252971217615941,0.0537093748943299,0.2598168114234643,10,5,7,3.806038840777388,156,0,0.0614095884805811,0.4098612988884976,1.2857142857142858,0.1583724984272841,68.35787883193521,0.5717895193165135,0.0529871813673082,0.3255715182501971,0.5351181325353213,2,4,1,0.0943370591387741,0.1066257779071447,0.4614688696220073,0.4442451938342913,0,1178.0444212579678,CREATE_PLAYLIST
11,0.2679287391975991,25.12253117269618,0.334429223826168,0.1616559039577852,0.2364118762287489,0.0597579196862701,0.1116349006707675,0.3763624852863035,0.4373152640692549,10,6,12,2.2838664702451075,45,0,0.0963261575755941,0.7805524021001758,0.9166666666666666,0.6302182487296071,11.692935133850716,0.2125137397607436,0.2813251611010225,0.1326715533394877,0.6475261072622713,5,11,10,0.3327408107343724,0.1961382064644066,0.1392064587162839,0.4799829216764975,0,1710.828412142557,SAVE
7,-0.2353492139661216,16.2220901724455,0.1524934983739682,0.4662805841765424,0.1241337571208435,0.0854507020268933,0.0711044499111966,0.0202830743257612,0.2643673544580768,5,2,9,2.3174414532065,103,0,0.134701313951794,0.520395720561946,0.7777777777777778,0.6361447306445538,20.09606836173202,0.5249891284418706,0.4706735968440085,0.4271896501985153,0.5697039797394784,1,2,1,0.3125991348959043,0.1058384731504891,0.392264208122177,0.255639650551792,0,1319.4589495291518,SKIP
8,-0.5142286699692054,44.60646194144598,-0.241212924920061,0.2501446812441277,0.2569556155839648,0.0248683046948321,0.2418673912660234,0.1302771410319861,0.3444213390535882,1,4,5,5.575807742680747,14,0,0.2873360900664302,0.7090192277118388,1.6,0.5300161917550722,10.991450542260091,0.2780232987445242,0.0743251224024395,0.1440460216566165,0.6123499579081468,0,0,1,0.2029142203667802,0.1079263378326013,0.2099664783153891,0.2820767226618054,0,1006.6156198823908,SAVE
3,-0.1300651586548143,17.767984616117808,0.1480672074362645,0.1495828388960283,0.06117868365572,0.1269464791502448,0.0652155063813495,0.2598172037080664,0.2764486446459248,2,5,9,5.922661538705936,558,0,0.40877846535274,0.8002711758940709,0.3333333333333333,0.4303133772250968,12.685837350879645,0.2292606748800782,0.6833367618161647,0.2732443554033217,0.3083686299564753,0,0,0,0.2607946376022428,0.3086017465136095,0.2759661950363985,0.2997591949818704,0,847.0570435442469,SHARE
5,0.0001715606247916,21.21114031768808,-0.1711670927091304,0.1146249610564988,0.4091923321315024,0.1537639225242153,0.2052568492407595,0.1569774888361264,0.0422680683118939,5,6,14,4.242228063537616,73,0,0.169881379441669,0.8755246914356926,0.3571428571428571,0.3773953500374827,8.206341248067384,0.0952449408629359,0.2213965409187878,0.367292696555811,0.4958198412500637,3,3,2,0.2511156882734534,0.4133523770270862,0.207290882343353,0.3345653076615932,0,1470.4009556516903,SAVE
4,-0.0101493416252372,45.47414358274633,-0.1127663996936697,0.2765798659528767,0.123627774599404,0.032885446503213,0.0314240251385338,0.0813186263874146,0.3737247660941442,7,2,13,11.368535895686582,227,0,0.2498861059663821,0.6552176336264927,0.3076923076923077,0.4864901924087156,20.97505103452987,0.3508864579037429,0.6065409266051561,0.5751839659401692,0.2045975230624267,2,0,0,0.2646584874562464,0.4362082063138544,0.3527877697745821,0.3279555208414558,0,1065.3172348719934,SAVE
10,0.4189211679952777,28.954630965673694,0.1079578333098464,0.035598987530426,0.2473219414143471,0.1969434676950799,0.14832495890932,0.1723480304585253,0.4677539490424533,11,11,12,2.8954630965673696,143,0,0.0446988017209833,0.9786267810085671,0.8333333333333334,0.440009402101721,14.43825502448992,0.2358133731060891,0.373290415457032,0.1777246469299654,0.6184943364725295,6,3,7,0.093294302588313,0.2535728836840751,0.1923030174238822,0.7070480524231936,0,1664.8417926693162,SAVE
3,-0.5720684122103005,9.615671187345992,-0.4120781027946908,0.1952081302400282,0.1132947035139921,0.1285469065603259,0.0296388127147115,0.0812128956194847,0.3181998110461289,1,6,1,3.2052237291153305,142,0,0.1948658367280953,0.7370741335609869,3.0,0.4572304179430455,96.0,0.1583868211846191,0.4737052837125464,0.390724520888441,0.0531819734886002,0,0,0,0.1779246698589303,0.7132469030933967,0.516848984180771,0.3498611956947359,1,173.65410845994265,SKIP
13,-0.0625152561514915,49.5333339598266,-0.292938886130161,0.5375602240614669,0.4217914406242103,0.0556119286039614,0.1157820928489132,0.4260131553073352,0.4448308683451034,11,6,13,3.8102564584482,50,1,0.1742583627676286,0.394347833687768,1.0,0.3864722620687484,14.931137295122928,0.1454247283480269,0.4839778066269242,0.0531363808804926,0.6418313348528875,4,2,6,0.2466704012716642,0.1330594510234474,0.3037403957564659,0.5516711970593483,0,1642.2506543693785,SAVE
6,-0.0540499935010753,136.98602776262803,0.0100862967448585,0.2254466954245272,0.0531681244085347,0.0714626283114226,0.4278490721295395,0.047252873856798,0.3885382347223148,6,5,13,22.831004627104672,171,0,0.2563908054431993,0.692316695224362,0.4615384615384615,0.3856147892037513,9.022362159864093,0.104986359240034,0.0989885769741094,0.2014919705635621,0.3366557382445598,0,2,3,0.0493128090125783,0.0648974485840382,0.3234449000313256,0.4956193847252591,0,2029.3880547698368,CREATE_PLAYLIST
5,-0.1108399357222811,74.06535802991706,0.1319830744770403,0.6461614713817113,0.4676019569541877,0.1190610928657318,0.0617216195134812,0.2184112821597265,0.0826528234698355,3,3,9,14.813071605983414,159,0,0.2057165828401035,0.2801837460558246,0.5555555555555556,0.1888038800036209,15.9040608134339,0.2845698235929546,0.301147392397498,0.1587583543661458,0.5692680985351519,0,1,2,0.0823968860633692,0.0649405538501553,0.2796587778007308,0.1563446606388094,0,1418.6288072339426,SAVE
20,0.0858489731412516,17.798820418746484,0.0337846393455854,0.2291028117921817,0.0450945006845814,0.0423839966137874,0.0575131765968293,0.3143873147337377,0.7537516009731396,7,8,11,1.0,158,0,0.0319447679885307,0.6874746156793196,1.818181818181818,0.3767686479486101,9.804016085982385,0.1615211024350949,0.1149479285392579,0.2284248517210256,0.4725408025729177,6,3,3,0.2287558548883433,0.1701354333748111,0.3525677161289453,0.7258700783533463,0,1141.3288760168437,PLAY
4,-0.0359888900109207,27.426423205597597,0.0394970090802912,0.0368955546299547,0.0862479414829075,0.0086664490706544,0.1592265773246994,0.1665275379185654,0.1972689319838809,3,2,10,6.856605801399399,18,0,0.0541561573357711,0.9504416798690318,0.4,0.4960686960814004,5.614962510549228,0.4135012741754861,0.0463883163358638,0.1615557104320002,0.3622815848816988,0,0,0,0.1503615427215786,0.6484943192746901,0.0860521721475655,0.2829110998013647,0,1075.5615483063289,PLAY
6,-0.062318667078296,10.987109082655977,-0.3931426580553147,0.4851284338895793,0.1926908071685106,0.0712172940651858,0.0444593697006278,0.1215745836908534,0.2900898057531553,3,5,9,1.8311848471093293,27,0,0.0529792392381261,0.4461046452139451,0.6666666666666666,0.1577973933313677,8.570440188339616,0.5404067248711385,0.8593261589273913,0.1202880870360971,0.270980456864512,0,0,0,0.2570966480480635,0.1207680496769656,0.2488951020557608,0.350674603106107,0,890.2829753577017,SKIP
5,-0.0455610351051365,64.61706505670807,-0.2894381146299716,0.1657781701279976,0.2275077404529063,0.0641008425759595,0.0873396844725573,0.0563847381846553,0.2200394941335756,8,4,8,12.923413011341614,264,0,0.1499557677195623,0.7922124193072523,0.625,0.3923052029153872,11.13251649813379,0.7024267093824165,0.4138782905409989,0.0325528078393448,0.2639145050354827,1,0,1,0.1555628920287036,0.3964037478699758,0.1300002518186851,0.3498002323833494,0,1192.8974533992855,SAVE
4,-0.1853205487003483,18.201221817019228,-0.2151323432737548,0.0641278922354909,0.1619199235755197,0.2040836443202149,0.0145670534868261,0.3271552623875352,0.4376661728136508,3,1,9,4.550305454254807,55,0,0.1427437652149402,0.8750984650697389,0.4444444444444444,0.8873806939421361,12.125969804050577,0.5190893214466287,0.2093840957745453,0.3733136264928091,0.3240372356614808,1,2,1,0.1720161684648238,0.1687070789907102,0.2335875572203398,0.320250494445636,0,927.3066476636594,SHARE
3,-0.5145402540090235,11.31229167593595,-0.6188858693275815,0.4243864261520745,0.1697373838205725,0.0263142534178611,0.0476319596237665,0.1503747300120606,0.1675733737584832,1,2,5,3.77076389197865,384,4,0.1366741804352848,0.5456626888592014,0.6,0.4705939172401012,81.49935608367728,0.1894851170584614,0.5232995506681261,0.3060611336460236,0.5507104170524976,0,0,0,0.097263201549696,0.3301092711751105,0.3264587726854489,0.1978225397742715,0,627.7353400644367,PLAY
8,0.0850701682849889,4.781018234895102,0.197770274835372,0.4497170646653676,0.3301875045421173,0.103252251331275,0.06802777945927,0.3714124807036437,0.6237354956589867,8,7,12,1.0,7,0,0.1802597993882944,0.5109286254618175,0.6666666666666666,0.8374764814009503,10.146622072649675,0.4040994410621862,0.336904943660456,0.2135605305921351,0.3871494222149095,4,1,5,0.3473703836110686,0.6530945317771465,0.1271674250750055,0.5707127832316632,0,1075.3727058101829,SAVE
6,-0.0583734410186408,37.34798849820804,0.1583413501340737,0.2910858391335899,0.2986044570532756,0.2403331646273846,0.1445429760634563,0.1499440914300517,0.4628461471736576,3,2,5,6.22466474970134,34,1,0.1133490706036741,0.6723837239017697,1.2,0.4773653317472257,4.59431340344083,0.424433131082186,0.2707099733143708,0.2837520093221621,0.318958344054753,0,0,6,0.2603650683996731,0.3144789451400975,0.2417946198524196,0.3334095725739741,0,808.1262289643665,SAVE
3,-0.7249213927216083,6.454875707977604,-0.4264170677742018,0.6902001289233834,0.0235143806046401,0.0928615504018944,0.1689840929677588,0.1955643556940638,0.4948997181133017,2,1,4,2.1516252359925345,45,0,0.212820869791602,0.2597014744132206,0.75,0.278574912051004,96.0,0.4787048832701387,0.2505341963741231,0.0905575041713771,0.3616762080527486,0,0,0,0.1259616082756204,0.3712296411255881,0.251383300734403,0.2924191123812274,1,432.7889440322714,SKIP
9,0.2093649110623071,10.61856942555816,0.2005087337652584,0.493640349261037,0.3424858403805277,0.1764117622160272,0.1345997690512773,0.3195010128610047,0.3522550888559279,9,9,14,1.17984104728424,359,0,0.0435969184948909,0.441079007306204,0.6428571428571429,0.2064056222961489,3.396887085461498,0.3104768009707426,0.4435941617099714,0.0717545781053781,0.5950457782915606,8,7,9,0.2574474309793715,0.2345013055620159,0.0529059622417126,0.5085778990540298,0,1449.6080937637614,SAVE
4,0.0716633901007786,73.29580416231883,0.0432612939511424,0.6688819069867722,0.0342731824410428,0.0424532731598948,0.0748492926487949,0.1204969658675903,0.1583328144788441,6,8,4,18.323951040579708,276,1,0.2493040585802547,0.2320730875436831,1.0,0.3411694323238087,15.868580330060349,0.1320066802696186,0.6522314238494632,0.3303181358324265,0.3465827676324385,1,1,2,0.2127905183126343,0.0483608047916897,0.1927589857854467,0.3683341874243087,0,1132.9222107884025,SKIP
2,-0.1489366456502048,40.15744313571151,-0.3549490056369859,0.2399293619765041,0.2180308344054598,0.1354028471549056,0.0686763846090349,0.289345725719372,0.3610378422391424,2,4,5,20.078721567855755,199,0,0.3706493848532609,0.7432382372811186,0.4,0.3216791280701361,13.717521407458236,0.5599518417083634,0.4255558761151259,0.4800711824607794,0.5663641305923418,1,0,3,0.0871921353594451,0.1808586257707967,0.2184128914407465,0.3998381604014366,0,1011.523012143576,SHARE
8,0.1105335908900091,64.38786101061399,0.0977193697190213,0.122234747709184,0.1883176751162305,0.0722082301734145,0.2217776791996024,0.1882746529198168,0.255726634477411,2,4,7,8.048482626326749,96,0,0.274950473802301,0.8649950834120993,1.1428571428571428,0.1354028028805894,6.23846261527749,0.4314652135461242,0.1749179862690393,0.1363002091382046,0.4414687247390316,0,0,1,0.0439943058244657,0.4019682473490875,0.176121578620232,0.2791740916095097,0,1104.599762033857,CREATE_PLAYLIST
3,-0.2241831509807941,11.65751124682618,-0.4389875807065555,0.2476648114470511,0.3021514921298866,0.0523643834371647,0.087345062208259,0.2008087596342622,0.2559515810640219,3,3,6,3.8858370822753936,71,0,0.2997545747207062,0.6885403729691741,0.5,0.7083985058371454,14.32343473967855,0.3622941239416816,0.1633459174751588,0.180011827880262,0.5616964286760886,0,0,2,0.1245251105331687,0.135530131681457,0.4277983297167317,0.2715163316667194,0,845.4785492223228,SAVE
5,0.0207564665513987,56.264879154933766,-0.4381297150023969,0.0554046142930417,0.2162777759032252,0.0508829204864379,0.1001330802723634,0.0415119509394624,0.4053960471433803,4,4,6,11.252975830986752,118,0,0.3140028572608385,0.8821392061985551,0.8333333333333334,0.3606279271761737,6.097718792524814,0.4567353261680961,0.1231347128868208,0.2820940821784261,0.1659924794454512,1,0,1,0.0855158667569423,0.118146867704737,0.3910380792356741,0.382965375630718,0,902.8403659038138,SKIP
1,-0.4756706468808061,17.112585096421235,-0.443010090235055,0.2253447973810773,0.1230343567290793,0.1124060925200211,0.1111786477110416,0.3114142380603116,0.4704071650991296,3,2,5,17.112585096421235,34,0,0.17399323086622,0.7326082410275393,0.2,0.2776172691525214,18.27466471581455,0.4003701669526388,0.1497754545194583,0.037760471123341,0.3517698748226212,0,0,0,0.1743299016742332,0.1771175751550173,0.3373577697132033,0.356142636294376,0,715.319968941251,LEAVE_APP
6,0.1479150998170232,12.346695783164034,0.3921392715106102,0.0642643051046202,0.0629207476970462,0.0737315298017297,0.0610720205546483,0.01,0.5890288267650388,2,1,8,2.057782630527339,82,0,0.2589377949365024,0.9152408982887228,0.75,0.3799531500428901,30.62837651560184,0.5509022243532768,0.4354510067078938,0.3776725044555215,0.3171057679339267,2,0,0,0.1539520069748285,0.1569634784542555,0.108794570253747,0.380211224662377,0,704.0686996928353,PLAY
5,0.0713027617621628,27.128525840233703,-0.067861096126727,0.1176570226164706,0.1741386062885864,0.158211774847036,0.1622567192128129,0.1025354765091936,0.1034544816746221,3,2,11,5.425705168046741,247,0,0.2482150722397881,0.7989145627215632,0.4545454545454545,0.5559562905177574,7.441791057613094,0.5089813430443113,0.5966650716298401,0.0289091918695008,0.1354529295286259,2,2,0,0.1777285141788327,0.3513690172711013,0.0469848126876855,0.1779714134373874,0,976.6819793730568,CREATE_PLAYLIST
1,-0.0968445105800405,35.241871189679514,-0.0697525515757186,0.2253179203656306,0.1298785048900275,0.2553270653315174,0.0852767104199638,0.1122885658007147,0.1217582033002501,3,3,12,35.241871189679514,134,0,0.1956726209257432,0.7975145043622109,0.0833333333333333,0.1416924335649541,15.114504044250095,0.6832327026481917,0.2682507615446156,0.4286805713768981,0.2630268322646578,1,1,0,0.1990568251662824,0.2341435533267852,0.243512624630331,0.1851375390560296,0,1074.6636940459089,SHARE
5,-0.3694891640545017,30.078966102653062,-0.4495955891246589,0.1101152841348192,0.1111557155592993,0.1145185715106623,0.2620135139416332,0.0105636956333129,0.2552847431875467,2,3,4,6.015793220530613,122,1,0.2998955434700006,0.8632625269493528,1.25,0.5837038860397874,21.999058508516736,0.2815912155603936,0.1817870921562146,0.422393630547755,0.4530755662331605,2,0,0,0.0717277991408425,0.2936079873427614,0.0444998553593034,0.2668490768265609,0,681.888697446457,CREATE_PLAYLIST
3,-0.6468211706104605,20.02193683647357,-0.7496408126749153,0.4284577840507088,0.0873999643775466,0.0406425138021241,0.1459172694635759,0.2292590699328756,0.5479063128742039,4,2,1,6.673978945491192,138,0,0.0966920822850384,0.5416179495369277,3.0,0.4720558947788875,32.375033897198136,0.6316138120753683,0.3960332539166926,0.1929371723696479,0.4229658307990425,0,0,0,0.2907448630440851,0.3056139656459872,0.2584931555432682,0.3807322143772889,0,615.2232631394673,PLAY
12,-0.5725511121871517,84.49194732255904,-0.1058117403244041,0.4631661724424016,0.1991875705297443,0.0344347734281305,0.0463767229408111,0.1850018501488595,0.2890022052496441,4,6,4,7.040995610213254,165,0,0.2344742430132404,0.5309830927571401,3.0,0.1868023248170112,9.242738920076311,0.0850786291535695,0.2637851996755325,0.0775511868766134,0.2075289462658274,3,1,1,0.0793885384327741,0.3704606519058552,0.2775838242412797,0.3753246817844293,0,991.5866184034904,PLAY
4,-0.6002696296388876,19.69426713909607,-0.3987945550416975,0.4700777244872933,0.2559568281425087,0.0250374173577104,0.0365798659807099,0.0492903680194378,0.4603024618505124,1,2,5,4.923566784774017,46,0,0.1572764619589631,0.4742662402993971,0.8,0.4068157888384159,40.0345823437739,0.5134777235003716,0.1762081367666333,0.4032753103182818,0.1774227596796214,0,0,0,0.1673526384695068,0.2508082416045643,0.3954886332108104,0.3688833911559414,0,688.8500781474635,SAVE
9,-0.0601553632907894,17.682556393445896,-0.3141006908375285,0.1668426518799373,0.1686955348051059,0.0408930345763823,0.0173816941573912,0.0304096149511205,0.4008485143503099,7,5,10,1.964728488160655,118,0,0.1934241607146336,0.7895909033697676,0.9,0.3725919874723964,6.398886524548725,0.2967875868849808,0.3936530647945347,0.1403872870807886,0.4380114737566009,2,4,2,0.2393591320502145,0.2497505432374152,0.112641364846729,0.448361957655701,0,1006.5399403386788,CREATE_PLAYLIST
12,0.1337653563182188,69.11127458933895,0.0476394902745012,0.2354421131085295,0.0989565021114432,0.1694537536740543,0.0983405642075609,0.1255355839195069,0.1967855440453122,8,8,9,5.759272882444912,26,0,0.2165165136015891,0.7282358920137477,1.3333333333333333,0.698073100038542,6.491855382104115,0.3223869586546624,0.1050425928006449,0.3210249547256276,0.2181325084670728,6,2,1,0.0151917904708472,0.12541732235279,0.1307840504489964,0.4779411997861078,0,1250.188300589206,SHARE
10,-0.1450091098207124,30.09438920745264,0.1220207567264874,0.2153421021382401,0.2755454255856782,0.1439237516046355,0.0616258973693746,0.4498049889981861,0.5425593774756349,10,9,14,3.0094389207452634,24,2,0.2873455230199389,0.7386896008060723,0.7142857142857143,0.3048349031946187,2.3204522894146478,0.3979430881132663,0.1115938577412801,0.3981536964353069,0.4562812751241409,5,4,7,0.7042201513910067,0.1776682190662378,0.1244575064470968,0.7072536794241726,0,1565.0935651036305,SAVE
2,0.0582260894635222,16.397296469629385,0.0669647273922777,0.0976898890210506,0.4436530204883851,0.0178999532440353,0.3529370124142105,0.0712806102501146,0.2260477684851513,4,2,6,8.198648234814693,209,0,0.3843053545214517,0.795306974684346,0.3333333333333333,0.0920031780155573,13.27154994520651,0.1861906638404624,0.4534863906794328,0.288741666255932,0.2124151763999443,0,1,2,0.489194954793716,0.1707038082056572,0.1803610679619278,0.260768679352453,0,578.9459195967135,SAVE
4,-0.4175465351576272,14.407493185834506,-0.2307090139040874,0.2956865952108226,0.044486493516482,0.0966479432780515,0.1757709416820067,0.1093353699105932,0.2919082744014792,3,5,5,3.6018732964586264,230,0,0.3465546868314154,0.6052777730314933,0.8,0.3042221025727123,9.185147041458048,0.5783601494557443,0.5278115248257523,0.3518533699125583,0.1057797160325364,1,0,2,0.2883619606284106,0.1858545794646186,0.246262733142741,0.3630046732601895,0,486.6403563964248,CREATE_PLAYLIST
8,0.1302247205672873,44.28791527567245,-0.203337461878872,0.3243272051243923,0.1461518332096597,0.0822347040121683,0.0742432434394377,0.5327656813917236,0.5637791253037293,14,10,10,5.535989409459057,149,0,0.243865409111821,0.6053966925382468,0.8,0.4782825307568753,22.214543768306708,0.2950696394930321,0.2853252830736743,0.3403055715299176,0.4344587823964955,8,2,3,0.0748867605547418,0.1579929533921663,0.0968421324969719,0.774272847456033,0,1396.839114851365,PLAY
4,-0.0836768711783237,21.56488914592966,0.3809385786025822,0.1141993292618675,0.151178918467762,0.2500023188389174,0.0271194639996549,0.199045420876091,0.0986384559368256,4,2,9,5.391222286482415,81,0,0.125223676504828,0.8047759581285039,0.4444444444444444,0.453395963040907,5.094282568003534,0.7076573580841722,0.2634875283501381,0.011477571942992,0.3126956378884144,1,1,1,0.1052676688928579,0.1108168326423074,0.1617211354856463,0.175435481940316,0,935.173985527192,SHARE
8,0.0641692605230522,49.48422018525221,0.3310124582300596,0.090819062482771,0.1893381503441552,0.0890145626488671,0.1746331452529314,0.2852001293128222,0.7075054561966865,14,7,12,6.185527523156527,192,1,0.0560847771521497,0.8358817814165718,0.6666666666666666,0.1780271715508614,6.722200172469865,0.1768271981482446,0.2796145807779596,0.1994032717309991,0.2030213323016176,5,7,10,0.1911800311871775,0.01829427432615,0.0596756848483875,0.7555161058658946,0,1509.834849917788,CREATE_PLAYLIST
2,-0.2252972752913449,18.670699464025173,-0.5395671467557535,0.5170476763928653,0.1972363925222835,0.0520411331641575,0.0488355774513747,0.3145388240994391,0.3213525497543097,2,2,2,9.335349732012586,333,0,0.226392806031098,0.4533974716249143,1.0,0.3252456510093355,96.0,0.6118239237450994,0.2900856164144663,0.3819508332664654,0.399906056205786,0,0,0,0.0790876787438915,0.2690251167853337,0.4417263260798446,0.2793950769377744,0,550.765421650501,SAVE
2,-0.3849574201634967,10.186002465865975,-0.4102626406390201,0.1121684680158934,0.0273925108061853,0.0365187770292574,0.0287752279839716,0.0458126204867122,0.1783222479638865,2,2,3,5.093001232932988,317,0,0.2932530380282619,0.8621965477923577,0.6666666666666666,0.2874504262136089,58.40241443686815,0.2258516153397572,0.4572932734515225,0.3115070874989709,0.3557105447460104,0,0,0,0.3933117333559133,0.477706096725121,0.1184511786872835,0.1502329825750966,0,489.51899510567887,SEARCH
3,-0.1958518838742348,10.041194887700758,-0.1660541662592398,0.3622333480884727,0.1188439891660237,0.1155385182300456,0.0161769249481342,0.2268020064802132,0.1865147097856123,1,1,2,3.3470649625669195,170,0,0.3993880699640375,0.5620999535774057,1.5,0.3260229370823174,96.0,0.3801877454938431,0.4858937505858461,0.2602504188226811,0.2364702064159456,0,0,0,0.3265720003362937,0.3824439692720925,0.3221750539935608,0.0995708922633042,1,420.7353480416944,SEARCH
4,-0.0122558508688237,6.777756423948327,-0.1889781543274759,0.246008445876933,0.1601033181503104,0.0645078343783591,0.0244386203632237,0.4537376594889242,0.1201773808049444,3,3,10,1.6944391059870818,106,2,0.5837447072077027,0.6903307783213164,0.4,0.4018095782895393,4.887527337023439,0.0840338535175451,0.156794941915933,0.0683064465026298,0.2921743917473403,2,0,0,0.1901400802146438,0.070011776612178,0.2883139465946856,0.1466043605485225,0,885.471283993295,LEAVE_APP
2,-0.5805879962917716,43.32700304079806,0.0514255248434926,0.3297704628996681,0.0686443095822161,0.0108839555605562,0.1346535873843501,0.2317665221723611,0.4651514158173715,1,2,1,21.66350152039903,329,1,0.1022568653562081,0.6040947695020285,2.0,0.4889409992114792,43.4059021689878,0.2537738877698887,0.497257080288835,0.4505856504298695,0.2173530563024566,0,0,0,0.0363634756007656,0.2282687005397273,0.6342592126234818,0.3179138849981426,0,593.1106273262511,LEAVE_APP
3,-0.1644812206220053,38.278005522632704,-0.2667372230150311,0.3118051563060189,0.0606089812911599,0.1466497744470347,0.0942603012348135,0.0494025616392738,0.3015398309334866,5,2,8,12.759335174210902,65,1,0.2053093204836145,0.6410385629585635,0.375,0.5162184370812534,7.188625258757889,0.049056276878976,0.2690370813407514,0.2272698162404691,0.4918244295120536,1,0,1,0.2081117222729216,0.0727868079484031,0.1619343089648866,0.3286497897922066,0,1025.398868042627,SHARE
14,0.0398217560197821,130.53351271453408,-0.0712514273480339,0.0418891952816881,0.2240356350654469,0.1136834781438758,0.1224128261579487,0.2590601223875031,0.2796555215683132,10,7,13,9.323822336752434,1006,0,0.1699987582517648,0.9310152467240922,1.0769230769230769,0.6678774673755027,4.562483443072886,0.0520159432537653,0.0465745260228789,0.1564449030098023,0.8163702869947662,5,2,3,0.1893035352030315,0.1283623819280089,0.5657946304586657,0.4831309148733356,0,2198.8189576526206,SAVE
2,-0.1151284268998996,40.960466496697926,-0.0793960767503175,0.1222042028234782,0.1681800001009964,0.1743089147397576,0.0727593966697578,0.0536497857854878,0.1893623873265779,6,1,7,20.480233248348963,106,0,0.3083167174118781,0.786057706821109,0.2857142857142857,0.7580928058624302,19.334212083253263,0.4021360041746371,0.5109574340128396,0.4842781781393896,0.3664146984160082,0,0,0,0.0810388201405207,0.1299527438998313,0.3860374483227817,0.2207452847895457,0,1027.080893135696,SHARE
8,-0.3782331226240115,81.37405725314107,0.2074557780062889,0.3479837438505243,0.1466157567390907,0.0184772629845477,0.1221091887110018,0.1999814724700428,0.4652839541644217,3,2,4,10.171757156642634,19,0,0.2225255091990025,0.5569323147758498,2.0,0.4567951761976312,36.137857169330005,0.4318357960382583,0.1110949301766741,0.2760456591564965,0.1293494757479845,1,0,0,0.2300236685612741,0.2866261373781483,0.3161776256147395,0.3306674853087594,0,928.0078487996236,PLAY
10,0.2184249139610307,28.5725229986556,0.589408635810558,0.1828111012290013,0.1237426170355999,0.0741220078962129,0.1663078580953055,0.1146959662478483,0.6049011051014375,13,2,10,2.85725229986556,298,1,0.3874089447896662,0.7308311632175195,1.0,0.4635331665885112,16.241370735532985,0.0492848721971435,0.1319232581047541,0.6602714495771831,0.2180809270504718,3,3,4,0.1660401997381277,0.2756018184339867,0.1509540526605295,0.5547557866731504,0,1101.237304504881,CREATE_PLAYLIST
1,-0.4972343628835625,29.65750336759061,-0.6389289232164908,0.5659875167828377,0.2574434852422908,0.0581010924968467,0.0245580818088773,0.2598324352532356,0.2521207789138067,2,1,1,29.65750336759061,116,3,0.1216285785592937,0.3807507037945988,1.0,0.1783267994372638,39.75130878825302,0.4215346243642811,0.2115630324619082,0.6370047479165218,0.355169775361171,0,0,0,0.0622008557789797,0.2331012407060331,0.1263059323731092,0.1913205853438725,1,380.5921599000146,LEAVE_APP
4,-0.1190247293663679,6.367128220863256,-0.5129986474268617,0.3835372214449979,0.4550195099617569,0.1395426472796987,0.06939922331137,0.1212891959355966,0.3097893428452095,1,5,6,1.591782055215814,26,0,0.5317994566946552,0.5639417597848585,0.6666666666666666,0.5127931158395133,10.933563366806698,0.0306497004680971,0.5119676524441082,0.2729612612262843,0.3572195042664985,2,0,1,0.1702590226500551,0.148110101452689,0.1223876453776085,0.3051817708965467,0,656.118687455668,SAVE
4,0.0326972224921419,59.74117919743313,-0.0692115450245072,0.1526495211784376,0.1125674515175309,0.0495604379067792,0.0456157513523729,0.2279045264004474,0.1536567729081162,1,2,10,14.935294799358282,226,1,0.0546687377261232,0.7487478330149668,0.4,0.4422516139218887,34.271669847186004,0.560941644871597,0.4200453687834224,0.4320985243170535,0.5045168752538114,3,2,2,0.0822428868312166,0.2309931350111939,0.0322520725305656,0.1797594163781249,0,1231.3772859073115,SKIP
3,-0.4931072800417306,18.482701711361425,-0.5289988050304577,0.3649633758931269,0.3234904878812145,0.0974626642165934,0.1094726658560049,0.2671148535109672,0.1328510193453026,1,1,2,6.160900570453808,61,0,0.0309340499100113,0.5462306757348653,1.5,0.1775418991799592,19.86793183810908,0.441054582725009,0.1524939914657277,0.3374676952651952,0.3815189007343729,0,0,0,0.1429150330449367,0.4068493174568828,0.2832617750469332,0.082587845950044,1,505.18025040560974,SAVE
2,-0.4691277964895695,23.41015063618252,0.0869014439343015,0.5197472799116221,0.3269743855190484,0.1519045357624272,0.114005256822938,0.3644976936085669,0.3737606833926978,1,3,3,11.70507531809126,107,1,0.1211588154087458,0.4422781578189292,0.6666666666666666,0.3750140758888846,36.975738203914624,0.430703001403683,0.5288339693833491,0.0947957325084506,0.1146838325520873,0,0,0,0.3956206817897981,0.3090094444287025,0.6585419496963301,0.2466402193185282,0,440.6353394877648,SAVE
4,-0.0249445479649559,23.544360625291528,0.0577733588883373,0.1420219109424167,0.1203527550270239,0.0471522530390297,0.1529048653107942,0.0296761998520363,0.4589265760539359,8,2,10,5.886090156322882,64,1,0.4155570986940926,0.7621918697690865,0.4,0.2192678839671032,5.491823502752144,0.3642660655503838,0.4740109135899339,0.3977422748178713,0.4267302630697626,1,2,0,0.0581327007465259,0.2267059219992966,0.3244345451423236,0.4349313356892179,0,1205.7311051735448,PLAY
14,-0.0141138686525843,27.03330004065105,0.3523056040919313,0.2304420831693518,0.2370283637545412,0.0599093542283175,0.2435952761814617,0.4645895951473589,0.3621653821647031,15,4,10,1.9309500029036464,343,1,0.1487126017135908,0.6866568639853778,1.4,0.4076756908948544,14.29430960961658,0.0615837252787322,0.2104149813186722,0.4126439897163425,0.5703428808250143,6,4,5,0.3441020828041562,0.2942154967425208,0.3395707420837938,0.5021478506744608,0,1361.6976865164008,SAVE
5,-0.0206654898032576,42.93547351608585,-0.393780597055616,0.3195764733286778,0.0558760505733127,0.0683672500042665,0.1248604581992085,0.256116912788552,0.2481452968766213,8,6,8,8.58709470321717,118,1,0.30380820228007,0.6560116261951444,0.625,0.3437777267262594,33.49845457307812,0.8650171782417695,0.2945496454355849,0.0649183564491408,0.2197981067534619,2,0,3,0.1865602765600613,0.2303235235121217,0.5640975047353144,0.3898891572392117,0,994.9268601305246,SHARE
17,0.0393887026850879,5.961217589686088,-0.002874711069027,0.3619788019444798,0.2557753986172917,0.1266709381203619,0.0584145847321405,0.2380467760451788,0.4997347275581189,13,5,14,1.0,601,0,0.0441360090484389,0.5949694195210808,1.2142857142857142,0.4677923770300777,16.85730813203893,0.4320513543770319,0.2333090729837181,0.1163675355171456,0.3387410126112492,1,7,8,0.1293735994961891,0.1441122276699736,0.2329145014605957,0.5953534161780839,0,1350.0399841277642,SAVE
10,-0.0090408020769575,26.48441144574565,0.0652955850072016,0.3102057072652114,0.1401399995864018,0.0062813655902488,0.0538323987109227,0.1269327748682672,0.1481465085378286,8,8,9,2.648441144574565,57,1,0.14921072019275,0.6509450936951988,1.1111111111111112,0.4013871851036605,19.10873371240252,0.3261972621140634,0.0507882375419512,0.3933511217909279,0.4104278877544816,5,4,4,0.1760795708652715,0.1572288091514419,0.2942063695091118,0.3736250811363458,0,1186.6219007799205,CREATE_PLAYLIST
3,-0.2150063257315348,11.038860389251798,-0.3749158638126622,0.7182683873615373,0.0360326586165015,0.0907467500173791,0.080652563009879,0.342372682729907,0.2582316136162626,1,3,7,3.6796201297506,238,0,0.2357774489057138,0.2253212880774071,0.4285714285714285,0.5333374081459415,14.440604332019936,0.5939257010277702,0.1947636535070903,0.5244803100447645,0.0568613932633552,3,0,1,0.0313357126993345,0.1420589255556424,0.3651059916755263,0.189167666361279,0,365.86194439164,SKIP
15,0.2093249248360679,23.532709771416982,0.3700951632687577,0.4999958756532511,0.2967477554619704,0.0347323390222781,0.2650343420246713,0.2675507612622722,0.5365132908168794,16,9,13,1.5688473180944655,77,1,0.2914455686735622,0.4784360004520068,1.1538461538461535,0.6340539683071875,11.794439155757413,0.1231470355430868,0.0571015386176304,0.3864555848985789,0.2635281985340812,5,7,7,0.3743124013896812,0.3461051353979729,0.389909711285836,0.7343525835532507,0,1549.9387748806882,SAVE
5,-0.0695178204523102,28.16244730826653,0.148169619975327,0.4484913917304692,0.1109699364290972,0.0237289850869351,0.06600682670981,0.072698766502654,0.6249088024933779,9,6,9,5.632489461653305,19,0,0.3935690315278693,0.4874947401731688,0.5555555555555556,0.5267346599732095,14.453591004331129,0.2971048732996476,0.0793594970143783,0.1463148252964585,0.2490857173030659,2,2,2,0.0636518423180443,0.0965492879684318,0.2106226723434518,0.6460975242207198,0,1139.471748574961,CREATE_PLAYLIST
1,-0.3464946513412239,59.83530518437691,-0.1363110639073832,0.2466278156938774,0.0963232199052513,0.1628429119849664,0.0824581308682487,0.1406467000881024,0.4103497494895785,3,2,8,59.83530518437691,125,0,0.2329550890100444,0.707481692335414,0.125,0.4996305396817724,14.538679758657002,0.4138689061163182,0.2660314470819394,0.3410463003884249,0.2987498300882775,0,0,0,0.1305329554884542,0.373656668609186,0.2739910864323291,0.3427907668719726,0,1108.2532113960456,SHARE
5,-0.1857523555679054,32.41933240391474,0.1764216358523667,0.1618708465085011,0.0801418104499677,0.1604638764242807,0.1618927016815826,0.1454021304453311,0.4712071384169422,6,9,10,6.483866480782948,46,0,0.0461625502646619,0.7403846551040876,0.5,0.1894837872045831,6.029234511854862,0.2737955794909037,0.3383991664529254,0.5187129236438194,0.2274591495522524,4,1,2,0.0105837828161695,0.052020248290274,0.0522779254316546,0.6035919813694447,0,1082.592567246223,CREATE_PLAYLIST
10,-0.0659576143113727,16.830315073112512,-0.3499177051930981,0.3173751904037591,0.1132314970968944,0.1480213968117972,0.2697353747796239,0.0930550811168237,0.2020844728367417,3,1,9,1.6830315073112512,33,0,0.1109811266108669,0.6446249291370809,1.1111111111111112,0.2883797156587724,15.162162316524974,0.7097487055576317,0.456049114405622,0.2598819411764737,0.4046481785861598,1,1,0,0.0886192504658946,0.5289072531225187,0.291482401482603,0.1636297101939936,0,968.3759288720928,CREATE_PLAYLIST
11,-0.4475634861958434,71.34578821409177,-0.1291702769883028,0.0684825391203837,0.306364083413364,0.0107603980881897,0.085703340350552,0.1123999318301015,0.3668746346952076,11,11,8,6.485980746735615,38,1,0.0720619186622082,0.9205147189564808,1.375,0.4629034450727902,49.40987561913735,0.4436809972879524,0.2096592549076139,0.3319369746445498,0.2372433963255943,6,0,4,0.2777661424289189,0.066113441193135,0.4819852402232844,0.7026231648170164,0,1360.257497307667,SAVE
10,0.4098158749499496,5.30064324539239,0.043185849391933,0.1273682611386324,0.4192600833478989,0.0924216797508651,0.1419206204027824,0.2536174271973366,0.4951443871831472,9,4,14,1.0,167,0,0.3599617715664531,0.8442859498593355,0.7142857142857143,0.3981849088178103,8.983521054080883,0.0648595159740206,0.1130012201472416,0.3315600356617433,0.5229548180252203,2,4,7,0.19475157341303,0.2480903086996959,0.1743252457814086,0.534557208078416,0,1354.5795802076764,SAVE
4,-0.3732984332468838,8.466848347456475,-0.484745623819604,0.1690895826267829,0.2334886045798527,0.1593422563560776,0.1375705123237605,0.068656764040275,0.4484130329357215,2,2,5,2.1167120868641187,42,3,0.1000704003296141,0.7840006453610608,0.8,0.2692950307694891,91.2454409837008,0.8160271102769334,0.2813367485965502,0.2138427672159105,0.5344776135990824,0,0,0,0.2262393233187953,0.313330136386549,0.4508405937673631,0.3084502243166182,0,793.525534892626,SAVE
3,-0.8027522672435958,9.247421618458304,-0.1350511672711002,0.5618025620999912,0.1089317670453157,0.0407974531573592,0.032193064325305,0.3930960836837742,0.2346823418888353,1,1,5,3.0824738728194347,402,0,0.272569257665088,0.4190191383852229,0.6,0.6270378524953828,22.277533538338623,0.6184895056050951,0.2269606408439199,0.1634272277807005,0.2186885441652775,0,0,0,0.0752868447744267,0.4671717851607621,0.5120607977805687,0.1471998513450616,0,531.5351406793075,SKIP
9,0.3368867407744215,51.91473950151662,-0.0557214584528832,0.2158047117721115,0.3810701369907219,0.0635309024276083,0.4425776616481869,0.1751728561340303,0.3929101015244859,9,9,9,5.768304389057402,70,2,0.0279023852557286,0.7747636704337614,1.0,0.3800653926608614,22.09619022275384,0.0919529974784297,0.3712297377982934,0.1675440430720909,0.3267998873201708,3,9,8,0.2158691424336974,0.153278116320767,0.0983354056143685,0.5236696786542325,0,1483.642659592362,SAVE
8,-0.149358375294325,22.41691162944469,0.0312617634855847,0.300507054087491,0.0682227067163748,0.0456426116957261,0.1073288994076298,0.2668903110569656,0.1845023334416308,11,4,9,2.802113953680587,151,1,0.322588285309448,0.6740493790072882,0.8888888888888888,0.458607421197638,14.823461565457553,0.5407622517266379,0.2518561686498933,0.10301295104268,0.1466004199879986,4,5,2,0.090183788021081,0.2537192340876153,0.4011637235900218,0.3552943624900802,0,1024.3790803182949,CREATE_PLAYLIST
3,-0.3123498806818086,26.36904624872984,-0.5142181279862952,0.3676045949285535,0.2574455818730483,0.0147259894074271,0.2487711076415753,0.3571576011292317,0.2847864352151636,2,1,4,8.789682082909946,166,2,0.3020765300881491,0.6046866769846745,0.75,0.4308721178506495,24.233684176490417,0.5756293332140073,0.4109647601250403,0.2220955130574516,0.6267431317599882,0,0,0,0.3804132534351961,0.213008672067558,0.1492577502709303,0.1830855561303061,1,734.2388724941795,SAVE
12,-0.0392153432584123,76.99073610411723,0.2179587228895896,0.2080011663131039,0.2074725335604052,0.0823353687019835,0.2009619436876569,0.1991188885103856,0.5706333616272347,17,4,13,6.415894675343103,92,0,0.0886018211210754,0.7094068605540863,0.9230769230769232,0.444542148495635,7.936053467455855,0.2523849469003607,0.0360234364034711,0.1194599575398056,0.1155283134305125,3,4,7,0.388440715248094,0.4024379917597486,0.0828667413977695,0.7087853585027158,0,1677.2001367644698,CREATE_PLAYLIST
4,-0.1475121240780051,17.805703402544808,0.1329366787904893,0.2566545947622779,0.208279081396496,0.0627322901564572,0.0769803321905918,0.1445909561342095,0.3821896082983599,4,3,10,4.451425850636202,183,1,0.1097061710413791,0.6558533040893413,0.4,0.0704488434481545,12.315686847110712,0.3653993856141591,0.4585904828521605,0.1814890937829319,0.3434225802603374,3,1,0,0.173001413837093,0.2731093293280268,0.125661496903153,0.3452073130404254,0,998.8990692088172,SKIP
3,-0.5841962086980206,7.653976565514808,-0.0419400186468184,0.2089394695245096,0.2386631972950844,0.039194214519841,0.0741578900287009,0.4018693297790092,0.2979506032716055,2,1,3,2.5513255218382693,57,0,0.2106260176774153,0.7338490430365455,1.0,0.410283928583241,52.85917030011089,0.4325747769387535,0.5069575327973126,0.2274710510929991,0.2679594408270561,0,0,0,0.1527298320010589,0.5233639496430607,0.3936933399901093,0.2213660021194921,0,489.7956961740856,SAVE
13,0.2186597015072412,7.867825956638208,0.021323607420556,0.1638490459849992,0.2872950022236458,0.0473297731118773,0.0650248926657822,0.3264902635317856,0.625527551282387,11,6,14,1.0,82,0,0.2226123816237208,0.7752051864309077,0.9285714285714286,0.3360316500439206,25.056329609301727,0.3981181527557131,0.1056591145159118,0.2478535357132125,0.5758577659737169,6,4,5,0.3060864190473066,0.2117499327589948,0.1968180074403577,0.6156707719435125,0,1390.1486380948754,SAVE
11,-0.1668294273363694,47.621335284732766,0.4390868491832005,0.2034579228840703,0.3080934311896306,0.0796534641730651,0.0717579945604989,0.2965768034587628,0.6187482939940141,7,10,14,4.329212298612069,204,0,0.3012533221655749,0.7293181136593176,0.7857142857142857,0.4522899887545661,13.30154489782614,0.2022697039295282,0.3484176001938787,0.047367750199141,0.5372266294883489,2,4,2,0.1700795575197596,0.5591765158305405,0.3666702069772373,0.6818227080945958,0,1390.1180946502811,SAVE
7,0.186775064302685,8.744537892637574,0.1331996811339416,0.2654181754316038,0.1946055954129873,0.099377868029446,0.054829681392284,0.3140722198386518,0.192012332923197,11,3,9,1.249219698948225,170,0,0.067898880757401,0.7279183032309027,0.7777777777777778,0.7739676165164269,6.086783984810226,0.1976507250162217,0.2023191764710278,0.1145124960540348,0.2916224468261671,2,3,0,0.1620522635448659,0.1650313710783961,0.5449646746801347,0.3530408538373111,0,1043.325834064421,LEAVE_APP
7,-0.2901934886510171,25.590913037260798,-0.0152234733235734,0.7571118175571346,0.2364557387283312,0.0753986033995142,0.0165846422683288,0.162826289824076,0.2685587621427919,5,6,8,3.6558447196086847,157,0,0.0916720324565537,0.2009888823222386,0.875,0.3192939118512039,7.423009956726437,0.5270821952262205,0.6995504288365046,0.2224171744251921,0.2902665870367591,3,2,4,0.0521044415464658,0.3328029710953998,0.4026087562545568,0.4018716540334183,0,1096.1405422826497,SAVE
6,-0.389809389050521,32.902164887351624,-0.1832461001559816,0.2081370175236424,0.3298641589185366,0.1498489348371463,0.1648165054999707,0.1018563676701728,0.2186990223033553,5,3,13,5.483694147891938,5,1,0.3264045569829378,0.7663065005211852,0.4615384615384615,0.3129348602426069,12.056749517393955,0.2498623923043743,0.1009521027465169,0.3863762787225345,0.1909848131200001,1,0,1,0.4609961206647851,0.2989116338703872,0.3164844500786287,0.2492201519720874,0,1049.8481855529767,SAVE
4,-0.4187024469163914,53.91752920863959,-0.0541869915473962,0.2824198713332344,0.1643539347392439,0.0454051856928865,0.1059654681548473,0.2301097093510387,0.5481896289723185,3,3,7,13.479382302159898,68,1,0.4170659939251973,0.67440466225369,0.5714285714285714,0.1809569159161654,12.339387443875395,0.4377809277962503,0.0439435193817741,0.3960834314580554,0.2261026790040649,2,0,3,0.1603344827183272,0.5032058663107503,0.2910568870826719,0.4286561362876446,0,1010.7251902414794,LEAVE_APP
8,0.0007783823108528,39.13676615742472,0.0647599280500142,0.2568525826204035,0.0704183758623404,0.0971167857804118,0.001,0.313356582946407,0.2160037033808222,3,3,10,4.8920957696780905,6,0,0.0564361240173629,0.6677089424938277,0.8,0.3733929492941732,7.504730629110916,0.4296456109509865,0.2851863082302086,0.1030404340756907,0.32944571319006,2,0,0,0.0750464647804356,0.0505301183156657,0.2462985202736746,0.1665943527686611,0,1057.0775614758377,SKIP
4,-0.1445512307400767,21.04729286197359,0.125582352231073,0.0422816090388508,0.1668018001657135,0.1493269357607646,0.1911686918578197,0.4859907503940519,0.341289958862618,10,9,14,5.261823215493398,432,0,0.4696063456855297,0.8553227050546877,0.2857142857142857,0.4926904594311165,4.751868698019546,0.2781721551435301,0.2572943757611731,0.3300455130054135,0.4937713112345987,7,3,3,0.3457167722453336,0.0275701120788212,0.1358505776819662,0.5728089082432445,0,1398.3262009505402,CREATE_PLAYLIST
9,-0.1059215922553218,20.47912363807193,-0.0514609058508473,0.0877512314277682,0.1320276096091788,0.1151885703244626,0.3945726576325983,0.3791005458224862,0.4238657345275283,16,7,13,2.275458182007992,11,0,0.0566642605372387,0.8428583392240157,0.6923076923076923,0.6708888669001312,64.9964487020353,0.0908225559391726,0.2530042389884652,0.2370611438181453,0.6150017475569254,6,5,11,0.3338767332994038,0.1435540476257002,0.1166281472608641,0.6438673223114143,0,1618.0316501163647,CREATE_PLAYLIST
1,-0.0847991059536241,25.93108292058749,0.1011267283929968,0.1395757921277188,0.2519403722744737,0.0612332922135102,0.1002679420111371,0.1611667585662712,0.2535981495836851,6,1,12,25.93108292058749,1206,0,0.0508694955618934,0.7946192975728468,0.0833333333333333,0.2576642678622333,4.430726139477948,0.7055599144011911,0.6287234776913542,0.43937876793439,0.5402671876936493,0,1,1,0.317693640550976,0.594936184307174,0.2418672287729628,0.2678020365777668,0,1375.821815029752,SAVE
4,-0.1202788808001428,23.4917263167502,-0.1471460928226564,0.1190441999796531,0.1870554207536961,0.0217155709774557,0.2328261015798609,0.1945203123428319,0.3268167691106637,3,4,8,5.87293157918755,78,1,0.2327884559499707,0.830335240976255,0.5,0.5597557162510461,10.264716521209172,0.5076942891673634,0.5043454950336497,0.4248099081270949,0.4643126447085779,4,0,2,0.1236449895376107,0.0632328754007576,0.350839782810852,0.3163275058795536,0,877.2509755465053,CREATE_PLAYLIST
5,-0.150516793425352,96.98031074787924,-0.3919038058014549,0.1420124912736645,0.1757403706956207,0.0293461755297394,0.3057594442158573,0.168794283592712,0.2284870720415023,4,4,6,19.396062149575847,378,0,0.1432863797532652,0.8177701504908332,0.8333333333333334,0.4632806729159723,11.130184392182668,0.5810810991274152,0.2770528304988022,0.27517323796602,0.1592625468312884,3,0,2,0.3058708826656392,0.1126023051253615,0.3974144171543494,0.2853098692542191,0,1124.9280663579943,CREATE_PLAYLIST
5,-0.0606746469107582,46.529806897069165,0.3417938240472905,0.071759610733037,0.4896897535482832,0.1871229389329766,0.1596807073702911,0.4080935314035324,0.5674190377894476,2,5,12,9.305961379413834,109,1,0.1017578444636239,0.8926911081324246,0.4166666666666667,0.1024848279221157,3.130015677412927,0.6281716174665839,0.2431947442160432,0.378183237466475,0.374552928766823,0,0,0,0.1632288163946642,0.3405901259131056,0.4172882770367939,0.4447666040734405,0,1266.6892756870448,SAVE
9,-0.1141455071581815,30.97504283277584,-0.2368968995419547,0.2386341405632323,0.1329791399879294,0.0879168719149612,0.0975319781715948,0.4540925798019938,0.1147077771488747,6,3,10,3.441671425863982,9,0,0.2262848343129843,0.7150306007293973,0.9,0.4173089513021595,18.015472073400694,0.344580347254054,0.3233144031785934,0.2758618683202581,0.3773834001088233,0,0,1,0.0902972310157606,0.0445843217087146,0.456175137316868,0.2162355002210585,0,1006.791856467047,PLAY
3,-0.2198718757070965,47.44855170939393,-0.6688554744374433,0.2993493558257419,0.0422071712318924,0.2151393208202323,0.0217670375211232,0.0538933852864551,0.3368533701391435,1,1,4,15.81618390313131,44,0,0.2646334060700531,0.6746909806169897,0.75,0.3953715414072836,5.403711840477513,0.747854574540571,0.3116811338979476,0.3052327250349134,0.7024570655590276,1,0,2,0.2826250351800616,0.1983946187476287,0.0308441709419378,0.2493501259541102,0,1055.9223857374504,SHARE
2,-0.0085722842380153,35.34483089759267,0.0444091384987146,0.0932969849282111,0.0739031473348702,0.099706675683043,0.0773259199543633,0.0687353096058846,0.2890261834767382,3,2,6,17.672415448796336,131,1,0.3066382409645388,0.8228539093613982,0.3333333333333333,0.2973004661877443,21.50389034735346,0.434986442099513,0.392595860778705,0.1911342852779076,0.3042477516653857,0,1,0,0.1475448946397834,0.3509592604100502,0.2175440913918835,0.292676325130055,0,827.9962204599709,PLAY
9,-0.0618322470806935,89.03148194894074,-0.0772788849164931,0.3359155415443608,0.3788269640155714,0.0406239730550213,0.1363504157071952,0.2714953477518451,0.6818417009211564,13,4,11,9.892386883215638,209,0,0.3658708044613643,0.621878978178976,0.8181818181818182,0.3527022146438713,14.604067387556707,0.4028085443223509,0.1377070825382896,0.1724647538421529,0.5599344937929551,8,4,6,0.2734012743391393,0.2548015206218076,0.3902431272835188,0.7147708168061832,0,1824.564438432032,SAVE
3,-0.3442367649680551,56.75948774879953,-0.3103992684396393,0.2554580121215465,0.3132966778113676,0.008477083183631,0.1437158441988036,0.4854879011700216,0.2627957677587185,4,2,5,18.919829249599843,256,0,0.2629988216276155,0.6713744352476969,0.6,0.5515855589846106,7.56804407669234,0.4663810742299187,0.2385842003770435,0.3607986213448689,0.4025225053293938,0,0,0,0.1951628349448985,0.157843554235885,0.2115561405044564,0.3172885585795885,0,973.733528366408,SAVE
7,0.0788278954553767,17.614791821768076,-0.2709014141016445,0.1214175046630778,0.1072101598516738,0.1688489093495801,0.1434461169918662,0.3307571946019694,0.2183713315879962,1,2,7,2.516398831681154,25,0,0.1226484030001082,0.8400066530837353,1.0,0.4874925333507586,20.91728455784619,0.5202439236723987,0.8348012154924145,0.256491659286165,0.4547615351144332,1,1,2,0.0491293949024619,0.2205005338519881,0.2163808882697637,0.1983074979884726,0,890.9252052987181,SHARE
3,-0.0323443595688358,6.411790456514849,-0.8371328941321945,0.3219099977559637,0.3350003620252709,0.108578413982388,0.0128790467138794,0.3776191073360443,0.349708485458246,1,2,5,2.137263485504949,11,1,0.01,0.6214720042801571,0.6,0.1402353994834207,14.121516439702814,0.5312775373487446,0.3167618626030549,0.2428949218881242,0.3379172775703892,0,0,0,0.2190021509071173,0.2926161888651191,0.1878511753597612,0.2505672475455187,0,664.6925924425282,SAVE
3,-0.0830942857423686,69.53407510231163,0.4713910146194279,0.3586034741821047,0.1006731837741709,0.0882693324202604,0.0464847698331204,0.3612426078533947,0.2124446915010026,4,2,13,23.17802503410388,61,0,0.1107786627699489,0.563584872771339,0.2307692307692307,0.4711662021596186,7.125817613497537,0.6268038015665499,0.2851174261597586,0.1744832674873239,0.4517964880738073,0,2,1,0.3125927339864713,0.1152415151162404,0.0259175891334058,0.2564213231633856,0,1442.4571812823297,LEAVE_APP
5,-0.3433693705260828,18.52159077012048,-0.4316301486209966,0.6369824836383141,0.0773930538014184,0.0570178916542812,0.3234352490071784,0.1192903164555328,0.092656331650771,2,2,3,3.704318154024095,63,0,0.1230380305814443,0.2891472418040392,1.6666666666666667,0.3734104390289912,27.813891494321886,0.5682026001780895,0.3994935074269489,0.4162680252355192,0.5118416224358147,0,0,0,0.1363484160436345,0.2862979841170994,0.420966008699457,0.0762856539075654,0,690.3638121926991,SKIP
3,-0.3206285597900697,89.04079899446687,-0.3220905319669102,0.1473142424068735,0.0791997449300113,0.0908947703486931,0.1214029704714129,0.1738785901048756,0.2801806872403526,1,1,6,29.680266331488955,53,1,0.5303017084706292,0.7426220920325137,0.5,0.4994011815350526,12.493012894294411,0.5213727159070772,0.3171735385756384,0.2104072410931629,0.1090295643008886,1,0,2,0.1228314230639534,0.1869864594438219,0.5774506292526744,0.2073540923243537,0,953.7523524837555,LEAVE_APP
5,0.0492287511404539,103.51014548274723,-0.0063016086986993,0.3891448990989533,0.0844708463552541,0.041314161465745,0.2694826711396524,0.2147452243245548,0.0837014486929685,4,6,11,20.70202909654945,98,0,0.1856697745571453,0.5617891882013266,0.4545454545454545,0.328761578238132,22.39213676848681,0.4800461816125869,0.3519531359125126,0.2919096380624323,0.4194574706942727,0,2,3,0.0681055916058849,0.200527733745694,0.4177425459098031,0.1942801706622268,0,1610.0843746426074,CREATE_PLAYLIST
5,0.0778229532692501,6.485327811604377,0.0594092626308428,0.4093956594595227,0.0519661526576019,0.0184137754373136,0.1258425080269004,0.210524353749326,0.2811911499376133,5,2,9,1.2970655623208756,126,0,0.1242563838278102,0.5610359714272015,0.5555555555555556,0.3108026257399317,14.417041859974711,0.6367175835408916,0.5240739296936759,0.04864002984178,0.2748926803858989,0,1,1,0.1793009024787724,0.5248855943003582,0.500389769117719,0.3084813120703333,0,801.1561877051878,SHARE
4,-0.416048592687732,49.57794172960101,0.1426104703744204,0.2127408109854482,0.0827760608897409,0.1179209453401878,0.0806174618561413,0.2923114468149596,0.3175444259318797,2,2,9,12.394485432400252,67,0,0.2773171509489178,0.6983927177797823,0.4444444444444444,0.347425300873358,6.681823706724936,0.5219048602052433,0.6311225189644809,0.2362438492497207,0.3319228482703615,0,0,0,0.1479303694222494,0.0359257087485512,0.0431620934843326,0.2486348650064032,0,974.7732884029688,SEARCH
2,-0.0380405647268926,65.9250397680112,-0.2222719089468983,0.2597764548099488,0.3245359818296943,0.1380506426715783,0.0814300117299244,0.2974444654686522,0.200577600566946,3,4,8,32.9625198840056,749,0,0.7442038807106781,0.7502591302330607,0.25,0.4253250683143643,11.250421140446935,0.2576413437208121,0.1277285773217988,0.3138077972448348,0.4047445025742597,0,0,1,0.149600150620058,0.294351086639554,0.0168943451565456,0.3300173953195313,0,1142.3234005929437,SAVE
5,0.100614853057319,21.768173743272616,-0.2148926661779718,0.4169141112314826,0.1019850762852431,0.0325392513045819,0.081918112543247,0.0579345953926133,0.1787544887959853,8,3,8,4.353634748654523,21,1,0.0484276091608698,0.5153184168779061,0.625,0.3655071055934518,13.344827064599317,0.5888769083583958,0.1093644681485267,0.1475838653849573,0.5449760127079573,3,2,3,0.3293066450243667,0.2923113947041516,0.3858209861974084,0.3088449039984974,0,1056.5526826069045,LEAVE_APP
7,0.0820516199795683,42.34562974326237,-0.6302106242885369,0.0813083942675401,0.1406926083405898,0.0512355935479605,0.17323022264737,0.1406577591390386,0.3888787736976685,4,2,12,6.04937567760891,28,0,0.1145733408623115,0.8338668139733671,0.5833333333333334,0.4125293136308012,20.02670557800114,0.4408565378757533,0.1567778550296339,0.4383877655897714,0.439440746388233,1,1,1,0.6285374820873524,0.3778977863147811,0.2304719884845717,0.2459842418567023,0,1149.5946058763068,CREATE_PLAYLIST
5,0.0635473735677705,27.45144681351599,0.2029503597102639,0.0959167314616793,0.3876738185471675,0.1738478168914724,0.0639100357054035,0.0188039771791774,0.2331926975723001,5,3,9,5.490289362703198,109,1,0.0936782200009963,0.8016226716755318,0.5555555555555556,0.1233845319308992,16.235393324666322,0.5128938786394363,0.705408528058952,0.398116878458009,0.3477971077842645,3,0,1,0.2130243399417991,0.1833340509079616,0.4098042318805172,0.3037514100736662,0,1080.360491196987,SAVE
15,0.0776100520688435,21.68952576807313,0.2000917043056473,0.4219957408442504,0.2983016815328608,0.2146465832309012,0.0666892210668953,0.3937805727697203,0.27545581853119,12,11,14,1.4459683845382083,41,0,0.3569812454503699,0.578648424921737,1.0714285714285714,0.5869973389724511,14.350023232285745,0.4172030560463223,0.3467263566572437,0.3157350496122181,0.5621463524592963,4,6,6,0.1329379150721493,0.2133903249126829,0.2240398499287655,0.6793847379260576,0,1517.5427826951964,SAVE
12,-0.2232551100092799,14.608140125170516,-0.1604008794667405,0.3112636146572132,0.2737630614263439,0.0911922290752524,0.1202201393074219,0.0897886900087752,0.2450857667896394,5,6,7,1.2173450104308765,362,1,0.154228128611308,0.7053869922120957,1.7142857142857142,0.4057831426917777,17.711114432507845,0.3902005876993799,0.3100731256854105,0.4746344638807027,0.2944950580057623,3,6,5,0.1972529979562335,0.4481237758747285,0.6473934975427025,0.4217857884207645,0,919.7791077551518,SAVE
6,0.0665337036641132,43.022395114230335,0.0490680184653339,0.145626401424574,0.0286437632631475,0.100686747198841,0.0599510553937123,0.1389750268205997,0.1974844277590668,5,2,10,7.170399185705056,81,0,0.3811757815411875,0.7657239861099442,0.6,0.2020832913272765,10.729776832323404,0.5205599054521413,0.188222220979161,0.2848137765726936,0.1642551713145163,0,1,2,0.1600256655136294,0.2379312327607206,0.5333483458400381,0.1581307135824204,0,1065.7354866465494,PLAY
3,-0.2233290556457999,86.28269900422312,-0.1165393461340017,0.172837148838316,0.1717616811543417,0.1633799355677764,0.166466329410906,0.148189551066422,0.155587530635688,3,3,8,28.760899668074373,48,0,0.0746787115562841,0.7710139428281544,0.375,0.5086880922960647,18.024950124998977,0.53543433427325,0.4547617627642847,0.1368676572075808,0.1872663322286738,1,0,3,0.0847368998801564,0.3029208632732696,0.2079748320766898,0.2509696274073837,0,1247.9490620503857,CREATE_PLAYLIST
4,0.1246907212472639,41.0813410450739,0.0159211434796573,0.2082547643377875,0.2391835619883474,0.1133461500586537,0.1877359090620834,0.104294668200337,0.2377643927406417,7,2,8,10.270335261268476,40,0,0.1252409251906185,0.7870808688610932,0.5,0.2347890750573648,11.47298488400726,0.3982848657949229,0.3391875693661552,0.4526187137469896,0.2063807970005823,0,2,2,0.5818480107669133,0.393334338184465,0.2446283415103182,0.3073553961194024,0,999.4192879559176,SAVE
2,-0.5105676519633644,61.50181772942526,-0.2879773365305671,0.252167069944134,0.0299590826146921,0.0352934809823074,0.0415916865075971,0.1901007650517223,0.615193278187737,2,1,2,30.75090886471263,145,2,0.0812972708894863,0.6925662204413262,1.0,0.4583401526614912,8.572145144161073,0.582681110826932,0.1239566819625919,0.2434310584937933,0.3267819187958797,0,0,0,0.1251822460079718,0.4521618130069668,0.3256260962104637,0.4083994391616531,1,831.8629319184093,SAVE
4,0.1620701377741591,36.23151194337817,-0.4015749335455368,0.4171528844432237,0.0555324515699889,0.1740934890885129,0.0356130692417139,0.304293050175975,0.4569681056520985,6,6,10,9.057877985844543,95,0,0.3512569643039187,0.551719940943821,0.4,0.2452965998237055,5.915687800330589,0.3249641377167937,0.2357308983214279,0.3788936450372704,0.5086226507593911,2,3,1,0.0197635063388193,0.244174544056686,0.0700154318465676,0.5356192118200616,0,1292.6587254169758,SHARE
7,-0.0486487168314456,45.84026886693511,0.1432747300203739,0.171725331657629,0.196421027098257,0.0486301072708461,0.0504019547923033,0.2615029882510981,0.5860577641884988,7,5,12,6.548609838133586,125,2,0.1283300115368337,0.7717636975861575,0.5833333333333334,0.5915342090950906,14.915248979181932,0.2288255165221618,0.2777142461271334,0.3972763868075671,0.1639651950140651,3,3,1,0.4014998064507281,0.3364602427105012,0.4027693825093876,0.5859823210805466,0,1299.6790729226304,PLAY
7,0.221657713193983,41.689196243556296,0.1882740075984351,0.5554861196398759,0.1394528870133933,0.077907285149214,0.1000000820136754,0.0958973495142038,0.2698053493137036,2,4,7,5.955599463365185,24,0,0.4517253139546902,0.3570092774354023,1.0,0.1617526194470694,13.690251864336014,0.5342664081559156,0.0606624484716045,0.2881554198993492,0.5054795890431977,0,4,2,0.1087383222363631,0.1380094589678044,0.3321851592386464,0.2265207557307999,0,1187.8897630100862,SKIP
11,0.0927986164538796,26.09350395551348,0.4790182707459044,0.1862966735354539,0.1561500975256074,0.0984446352834924,0.1982636399167377,0.3310224795456956,0.3652356771314788,15,13,11,2.372136723228498,13,1,0.2978949224466033,0.7005966245904647,1.0,0.2424203462610958,6.779683136547061,0.194133439877624,0.2617246730474326,0.1025843847460136,0.2000766587433396,5,4,5,0.3001563162696057,0.2355301594811407,0.4231539403300995,0.791193710613081,0,1287.322071726103,CREATE_PLAYLIST
2,0.0448321047216826,77.83623004505128,-0.0113204435722259,0.0826412010610923,0.2794612847794769,0.1528703430272371,0.0815546824598164,0.1282249567579584,0.4397591693483924,3,3,7,38.91811502252564,128,1,0.4289945515684001,0.8896131445212212,0.2857142857142857,0.422033776591945,11.080048866139125,0.4269340051897958,0.7706986128586766,0.0636070984472046,0.5004433156410183,3,4,2,0.3675501986292802,0.4138259314447656,0.2748191686910278,0.3543621177105669,0,1499.0244711242751,SAVE
14,-0.1456274257956039,76.14924201417583,0.5169032954189489,0.1343335724265459,0.2835400736960097,0.1431648446185577,0.0966176965751446,0.3119267848764985,0.4670264227323085,12,7,14,5.43923157244113,181,0,0.2508222340693695,0.7907727688214455,1.0,0.4096774917540768,17.319977752681122,0.5481129898442019,0.2129215393592174,0.1617444695614429,0.6617200236629237,7,4,2,0.1592304906237299,0.3083800740330548,0.5928372533423704,0.5692649078144582,0,1962.1321364693504,SAVE
1,-0.36238807663379,7.10114547585733,-0.5281914068736433,0.214531706553844,0.1146194810755477,0.0360520233182835,0.036023280437996,0.044723934096592,0.1985569645987239,2,1,2,7.10114547585733,111,1,0.3961251066582288,0.7655296927706688,0.5,0.5773415050387471,78.19137521811325,0.6307423734120223,0.2430717811620597,0.124469611657402,0.413902736266004,0,0,0,0.1078364458706531,0.5347963135430243,0.4948839783883622,0.1947261477192432,1,476.44120907446506,SHARE
9,0.1691868476549776,41.25985640448634,0.1400044298025818,0.155124856396206,0.2485512120246187,0.0270291380236229,0.1023981139669395,0.0934854095644102,0.2428337788137697,4,5,8,4.584428489387372,123,1,0.1194835238137722,0.8632987356795572,1.125,0.3523551125834971,12.01083983213436,0.3939966303415839,0.6209047726666184,0.288530087852155,0.4185767309289664,1,0,1,0.2713889409046123,0.1954525885689926,0.1619994477248309,0.387660250264545,0,1013.3431883136471,SAVE
5,-0.2430641410254957,40.86709900122381,-0.2375018201389032,0.0484617830393576,0.0247988342447143,0.1315331928119256,0.1325991693027207,0.1460680185651541,0.4809869262284644,2,2,13,8.173419800244762,201,1,0.1738415509939828,0.8580072883145321,0.3846153846153846,0.6863529475940395,19.628517057830464,0.5558407962874155,0.5459285133713037,0.1024662243111858,0.1652416226381913,0,1,1,0.2812958803605842,0.4015769543403367,0.2798962472552359,0.322807044594343,0,1133.270471478781,SHARE
3,0.219560343496394,2.58205168313818,-0.4352785696651982,0.2522444707646525,0.2642357949200865,0.1241024041932765,0.0373168745103567,0.2224588146766744,0.2470157878058551,5,3,7,1.0,138,0,0.1284524510702312,0.7633932260296143,0.4285714285714285,0.203717695836298,14.281239580359768,0.5855088478898813,0.4019632269742059,0.3528301202134618,0.2339572421587722,3,1,2,0.1309665769130636,0.5051210913872662,0.1007680908651204,0.3232969445022222,0,764.0272077783818,SAVE
2,-0.4955580197655219,16.49916458590919,-0.4136547505445006,0.2938378034465589,0.159037679114061,0.1369055724985086,0.0290642782336701,0.2184864115477578,0.0621626770924661,5,2,9,8.249582292954596,878,0,0.2906606829518447,0.6200921168062586,0.2222222222222222,0.6248774449146091,8.713198998727847,0.3821575118079288,0.1646621802764526,0.069737562904697,0.3822774243079052,0,0,2,0.1730887303227492,0.0546527056916834,0.6437993947545968,0.1822800802832625,0,899.7507626991745,SHARE
5,0.0427932293333874,43.6303567221851,-0.1390168129287808,0.6980690830173051,0.0605986151391155,0.0810778314502897,0.0803588770577652,0.126399369211393,0.2034778879420999,5,4,9,8.72607134443702,966,0,0.1686773858819474,0.2341107061710799,0.5555555555555556,0.6583661683824354,8.919721008168066,0.4898104368558513,0.1600377345534341,0.3499631649862738,0.3414759621942052,2,0,0,0.1754546078820969,0.4029159298765433,0.2106683724027787,0.370116970565519,0,1051.3396316741191,SKIP
13,0.1897721312936967,30.79195642145999,0.1188396301525262,0.216698635319385,0.3429140890804522,0.1420929256953333,0.1196887630287587,0.2099300463704567,0.2438497700687139,13,8,12,2.3686120324199997,219,0,0.1576345264993726,0.7176380148552716,1.0833333333333333,0.5010288176259015,5.693099600201691,0.1300451077871979,0.6478140780470526,0.2837379110655684,0.541667178194298,8,3,6,0.1663237377064417,0.1673455512645148,0.0973773588615498,0.5019730496663203,0,1496.659331431909,SAVE
7,-0.3470165089847913,59.31877909714196,-0.2420658113368772,0.2276044315000649,0.3351749831619136,0.1253093871802367,0.0193564149820828,0.187947164098831,0.1793793146700521,5,7,6,8.474111299591709,133,0,0.1311579967256094,0.7031028584998356,1.1666666666666667,0.1036695717225091,13.044775362570832,0.3648249046085102,0.1885461133054615,0.1534772113744023,0.4699464618726213,1,2,4,0.0186451425179667,0.322253104267726,0.0955639793716536,0.3810266597122489,0,991.5983780027047,SAVE
1,-0.4489788008344944,31.9348018411623,-0.5191605922706164,0.321777395619685,0.2396200680215588,0.0497483086775894,0.2971114398575862,0.1355613636459626,0.5424464842514176,2,2,3,31.9348018411623,226,1,0.1186428422143821,0.6200611557483959,0.3333333333333333,0.4379432294076104,12.826364997000638,0.4553396094869582,0.2083075077490111,0.3797859267638421,0.127260056529274,0,0,0,0.2673118601030469,0.2695349689095571,0.3043917990520914,0.3581708862909263,0,679.0977061874022,SAVE
8,-0.1474883170131354,36.04904703384051,-0.1466538132564199,0.0659669419952059,0.1915897025594306,0.1065539300768586,0.1972668083373515,0.1493227794423135,0.2062555458247003,10,6,11,4.506130879230064,241,2,0.0693320646496859,0.9236685050216324,0.7272727272727273,0.3373341158400873,11.01273988582929,0.3813992906388365,0.377495785619071,0.2005931238633123,0.2315310629760705,2,5,6,0.2168134550674446,0.4272335233621905,0.2650120211038522,0.4378399821814533,0,1298.1340581062127,CREATE_PLAYLIST
15,-0.2464254803798422,81.45589414575579,0.1404389866018857,0.3679442754750426,0.3012000775576015,0.1144121706080774,0.227145419207373,0.1436062153347941,0.4234572855384619,17,11,14,5.430392943050387,471,0,0.0576223101749862,0.5882969921283316,1.0714285714285714,0.2804125440354125,8.93558999868777,0.5003019910859914,0.2890158283552679,0.4084606212503601,0.4245692548709056,9,5,3,0.3853146127772838,0.3837240177995453,0.1559593193258488,0.8328348712025008,0,1833.592599610916,SAVE
10,-0.1192436883678745,40.029749323276825,-0.0522669271788978,0.1402114619087702,0.0943258338612785,0.0226118557954998,0.2672879457745307,0.1019759737780947,0.2135108594065674,10,5,13,4.002974932327683,81,0,0.0715458440489136,0.8119914985519063,0.7692307692307693,0.4051860085904223,22.50487065778722,0.3989489919978864,0.1390388337078952,0.2066843646346059,0.5165909375552944,2,3,3,0.1559736388893296,0.5201416770175213,0.0498218378245664,0.4748444079314645,0,1413.1164744689347,CREATE_PLAYLIST
7,-0.3453469334962402,53.033267979153614,-0.1566382546893731,0.5079975717234091,0.1991035075226148,0.0182465220577121,0.4115373152367972,0.3621850363985361,0.3622573226399694,2,2,5,7.576181139879088,164,0,0.366568944589318,0.4727429468973092,1.4,0.7199991723842765,14.840966526193212,0.2024559287157396,0.1883821416516833,0.0988427241966771,0.1465773188873194,1,0,0,0.0535241332447701,0.1972604593643285,0.2193798456289065,0.3160705461756133,0,804.1940371599785,CREATE_PLAYLIST
4,0.1709337150924688,28.182479857982443,-0.1779765358669429,0.1297626182874741,0.3635200340664747,0.1966919208569275,0.1181741942486134,0.3347663263673073,0.3595858495244339,9,5,12,7.045619964495611,44,0,0.3614123782799578,0.8048642185814787,0.3333333333333333,0.3678809166712856,11.162605780228636,0.3561244329536549,0.6341034571805861,0.5051540108353518,0.473668185813977,5,3,0,0.4066785982621042,0.284571075765997,0.3091605791957899,0.5535894265909086,0,1467.1593620353976,SAVE
6,0.0571340357697668,26.72779379481967,-0.0911340771625975,0.5379814275668935,0.09521217972168,0.0355640612451359,0.1015024880935727,0.1105067510965694,0.2035623800096464,3,8,4,4.454632299136612,156,1,0.1292098152647237,0.434125015174632,1.5,0.2922445945731271,14.752723176489775,0.6034486936146296,0.3529560084217115,0.4036346486545458,0.4643458534449499,1,0,1,0.4359586837910935,0.4985964383987613,0.1152962082477685,0.3825123272954934,0,783.4692127836812,SHARE
6,-0.1983613477471545,55.7358532368734,0.159992909995729,0.1381161321348427,0.2160937428245833,0.0428331930907504,0.0617030853115627,0.1858390303016156,0.2682507392894175,5,2,6,9.289308872812231,197,0,0.2488025171694329,0.7629984459661969,1.0,0.3735324614797849,16.11352042694485,0.5830049562442027,0.4239164271160853,0.272710570175389,0.2687898577015963,0,1,0,0.1394783659228496,0.3987848437808794,0.1646427831148225,0.2618057913347563,0,1060.1437533524963,SEARCH
4,-0.2091893178438251,65.41237012285269,-0.0551984127044864,0.1540441376369591,0.1107629770314819,0.1177050558724948,0.0142084721633684,0.1441724813159881,0.2423171412205731,3,4,8,16.353092530713173,59,0,0.2003592200237919,0.8059045843916937,0.5,0.2315390429624627,31.008650325991947,0.4167154150991828,0.3829891992284798,0.0711138417476069,0.5122503485331682,1,0,2,0.1119372947846273,0.1603696650731813,0.0614674479557296,0.2795106080501671,0,1173.54101617911,SHARE
8,0.1305166851408147,24.93859088919737,0.1164678056764098,0.1401514489786051,0.2113007793089446,0.1079308174222339,0.2311081136334197,0.1254239809755674,0.620316770885047,7,2,10,3.117323861149672,27,1,0.143478797439461,0.8322669729903794,0.8,0.7260642860197988,4.483057996603072,0.524496628784516,0.1635503036991066,0.4344237520973061,0.3452071671288396,0,2,0,0.1518229013692396,0.4187554539698596,0.153613009597717,0.5182618733757967,0,1157.194403894904,CREATE_PLAYLIST
12,0.07441653106664,36.529372665671325,0.2878784446281274,0.319456825108048,0.4966400591042215,0.1807957443659053,0.3860819835303845,0.1907409317442419,0.1172411599561029,8,1,13,3.044114388805944,62,1,0.3198600395134015,0.6021453693433213,0.9230769230769232,0.2888905355976875,15.313764511434828,0.4359455184142834,0.1865097460913944,0.1993470184808065,0.3391570525390714,3,1,4,0.4214883516108323,0.2282516985005122,0.4695766541119515,0.2408553398494206,0,1316.105717433652,SAVE
11,0.1255174600488071,30.78629839137696,0.3544561559222661,0.1949110385912459,0.1207437377076216,0.046686469650352,0.0836560198621072,0.2247592307270525,0.5576157374684635,10,11,14,2.798754399216087,194,0,0.3184349778406774,0.8115334093546064,0.7857142857142857,0.8322289238034137,8.808702893916633,0.2979524414890064,0.2363934996624827,0.6772520076673525,0.5333005185043331,2,2,5,0.1114655817706902,0.088035487280259,0.0945023988085589,0.7181014755962615,0,1539.6518380828563,PLAY
6,-0.009617849609179,49.32283162691188,-0.1217133234287827,0.2268098756324816,0.0757672165165625,0.0125240949122859,0.0713922185907687,0.1344899990904109,0.20409609764791,1,4,8,8.220471937818646,243,0,0.3275085053380301,0.7101806416749503,0.75,0.2933831336874992,23.372219983575537,0.0658436518332092,0.1921348621963941,0.1860017955119518,0.3014826781375154,2,0,0,0.3081080397693468,0.4161223243095372,0.3438463794378688,0.2373746756290247,0,956.9792608231965,PLAY
2,-0.0069342056641133,34.85064758498741,0.200317848816907,0.4109365823072692,0.1334037022893615,0.0106681895072413,0.3395478004565777,0.0911806404159677,0.2042629791182604,7,5,12,17.425323792493707,209,0,0.1376806503239399,0.5412441087372235,0.1666666666666666,0.2161731578114296,5.21391959099363,0.2593800482959636,0.3311835057361766,0.60533565889068,0.399146532437263,3,2,7,0.1001068679444696,0.1061633896749484,0.2260751671761675,0.2851341240299866,0,1224.238348382434,CREATE_PLAYLIST
5,-0.0035063059275062,37.81909989662874,-0.1928358428919064,0.1403208910229773,0.1374769148229521,0.1244552145255508,0.0529961705839441,0.3373938506216921,0.2275115059356254,5,1,8,7.563819979325748,151,0,0.1229564278644345,0.8011908097356026,0.625,0.581114044635254,2.1660563687564585,0.1395848820628138,0.1654200387628777,0.1573920046908398,0.2059902247959738,0,2,1,0.3869268094926587,0.2307232506467085,0.0865257404761568,0.1948083629293436,0,996.4685292370106,SHARE
3,-0.493547913271638,15.610387883168489,-0.666681909663183,0.6207532497662944,0.100770726823759,0.0219989602598631,0.0093752551208291,0.2223961493657263,0.5789913948282991,1,2,2,5.203462627722829,6,0,0.262694417836267,0.3642083822160106,1.5,0.5049235856011343,14.04345626323714,0.3373841227055813,0.5914496489131907,0.2865149721742984,0.3268931629271329,0,0,0,0.2855733694678096,0.4690785516330412,0.3532282511389243,0.4625836090562549,0,601.2879026738541,SKIP
5,-0.1035227676778546,90.16579234729645,-0.0423778053503189,0.1480963941110216,0.2022227689632912,0.1096314702561001,0.1078870095659115,0.0830663032526163,0.1393629495333584,3,1,7,18.033158469459288,145,0,0.0756350534233863,0.7863954058066781,0.7142857142857143,0.4430977657918134,15.693053705418164,0.3461956911845912,0.4860663219893947,0.2242106649748721,0.3413164946734231,0,2,1,0.3307009048156863,0.188925066420981,0.2564323980899781,0.0835723318891125,0,1492.2887276188897,SEARCH
8,-0.0342318582370633,66.84103678920897,0.2460855315313068,0.3844826674444693,0.3679084176665562,0.0340910268391155,0.0691233910277538,0.1540989545413262,0.2262304225391353,9,8,6,8.355129598651121,43,0,0.1235053226633783,0.5985555524498953,1.3333333333333333,0.4489473977769803,22.17714090917174,0.1036433674709051,0.3282793662919877,0.215141805264085,0.45740948422235,4,2,1,0.0979477247977484,0.2208562908304048,0.5012341394221507,0.4745935252960647,0,1351.0082342127732,SAVE
2,-0.3528086410221048,37.10293711963442,-0.4134804503048567,0.1995596040411348,0.2192665472065861,0.0736167564590992,0.0245388971226208,0.0770339938485648,0.2471046019747103,3,1,2,18.55146855981721,246,0,0.4354244105827205,0.7803252675841198,1.0,0.5217734321197932,70.96039708493953,0.6415026240479165,0.5053991283575915,0.4090830710255199,0.589934559246344,0,0,0,0.1795356564520935,0.4764267264693752,0.2018162342084125,0.3246183400509004,0,817.5404252317524,SHARE
3,-0.3969930670448912,28.880323025461404,-0.6716499901594334,0.4294401925882232,0.1075145689839143,0.0414010884504015,0.1703623966444636,0.2701390710087803,0.3652049960904264,2,3,2,9.626774341820468,245,1,0.0371290500781334,0.5663986432537572,1.5,0.4751637549645495,16.727379513168795,0.5296391667131535,0.4937307885939661,0.2281729208447273,0.2976630697248174,0,0,0,0.1616321195727866,0.3411111312407289,0.6155118919451298,0.3204057371634491,0,583.2841124796693,CREATE_PLAYLIST
8,-0.2986375712596953,29.77931017689959,-0.0755006384764972,0.2563440838616709,0.0310024881838045,0.0046241290672162,0.1738972948890387,0.0780131073546982,0.158430435404301,7,5,10,3.7224137721124486,67,0,0.0519132285498952,0.7080998558692688,0.8,0.2178781149564354,4.748975306962285,0.6017842703943135,0.2385912475195278,0.2194258595431295,0.2629774972252832,2,0,3,0.4160878436867308,0.2455207968500977,0.2272020387405572,0.2904727584382703,0,1014.6876654331544,CREATE_PLAYLIST
9,0.0117620943284482,22.953276102444637,0.2409922822165007,0.1195293416810363,0.0763491023044127,0.1737557164867139,0.0985255588219547,0.2304301508875887,0.4066225102214937,17,8,10,2.550364011382737,551,1,0.3101248103881012,0.8880755906958154,0.9,0.2796932098008695,16.436816845225216,0.2633501001243747,0.2509503634853465,0.2437229021496623,0.5565513512557122,5,6,3,0.183582544051139,0.3297112845344195,0.3159409698376221,0.6887219762038268,0,1514.1407891418155,CREATE_PLAYLIST
8,-0.1507939678136667,74.26679964097553,-0.2557621132582326,0.3582941308634685,0.202988863890452,0.0129496297358182,0.0590634301899354,0.0381928087665992,0.2892033836746882,8,6,12,9.283349955121942,497,0,0.1250041347855938,0.6301769303661758,0.6666666666666666,0.3489789383628418,3.901904429360267,0.5026749653285983,0.3185046823467151,0.5425410534932859,0.5849124529485673,5,2,2,0.288639861460392,0.3422993058333768,0.1358362886928235,0.474920685996165,0,1608.2625323181378,PLAY
7,0.1293875039964607,33.934619689059595,0.3937120537530543,0.4888124870388662,0.3040018351622355,0.0311746973295295,0.3741392398772803,0.4116407571847666,0.3520023259530486,13,6,14,4.847802812722799,57,0,0.1162667830635605,0.5014212305633388,0.5,0.1692112633310834,5.757547616123388,0.5443058324739097,0.5381563269408631,0.1554671183412881,0.367977657690561,3,6,8,0.2314725482974882,0.1387956723418879,0.1266031859514556,0.5568880791536043,0,1552.4326605910371,SAVE
3,0.0354479621435026,50.2858728407573,-0.3655495121527738,0.2854888974119441,0.278639927195475,0.1673984213913001,0.1344990698042968,0.3086148653156331,0.3268121776175346,3,5,7,16.761957613585768,90,0,0.2782799016188989,0.6624448386328737,0.4285714285714285,0.7987952165063333,13.532055200056243,0.4587754776357256,0.4306439910409133,0.276119236538494,0.0879878106797609,0,0,1,0.3503382078355062,0.0521164728597162,0.3142989130364555,0.3947607215547914,0,928.7719749477552,SAVE
6,0.1107350200736312,152.6120365165566,-0.0528728450844925,0.0926394178087341,0.1734300574945358,0.0103096596228683,0.129688792493499,0.1992222453790061,0.2879449049591747,4,2,10,25.4353394194261,49,0,0.165406836157996,0.8374908562902441,0.6,0.4216310123797011,12.58573387517846,0.4268195031583178,0.2454745907930041,0.3682534158903294,0.3637476148807043,1,0,0,0.4232725551952494,0.1888309336204635,0.0605676684163601,0.2377771611700805,0,1706.7059357560388,PLAY
3,-0.4777964206896166,2.820862327196173,-0.4294896554571312,0.4855474899163854,0.1144219539494103,0.1322914132163437,0.1555482352048195,0.1530423443994952,0.2775423426720504,4,3,3,1.0,141,2,0.1193367708028086,0.4745441111126797,1.0,0.644664860881612,96.0,0.4519011668153455,0.6338315855115956,0.1746210266811585,0.2559129966557881,0,0,0,0.1394291459307747,0.3092950952604265,0.2581039786432315,0.2447803505347277,0,373.9760225629367,SHARE
3,-0.0484094645248696,43.28482674397637,-0.078074691766778,0.1564728648619172,0.3251698524676144,0.0371428178991825,0.1103451138397317,0.0228990128573191,0.3291267196936241,3,4,7,14.428275581325456,25,0,0.3352662369432999,0.8039477407622094,0.4285714285714285,0.3638282864458078,14.51232916229085,0.4098926307723869,0.373160352413148,0.276809920097041,0.084042997703152,1,0,1,0.097067490080456,0.5450843485971388,0.5616774609293886,0.2950693222017433,0,708.7326087920007,SAVE
5,0.1962281282789161,87.50978932869448,0.1902838737588374,0.2333965212944637,0.2720229033335803,0.0606439031298121,0.0869826117767645,0.1085381447906274,0.0957907910054459,2,2,8,17.501957865738895,85,1,0.0541664167911945,0.705304372204296,0.625,0.5006650586288222,17.14115416894019,0.7474490019601182,0.5810865967048359,0.1311169469089986,0.602497344202684,0,0,2,0.1181812631613024,0.2610199320592824,0.0318700120806594,0.1488678579720953,0,1492.5320361370334,SAVE
9,0.0267277055768551,36.28776597971173,-0.3507645877803614,0.2733887112383207,0.3278406859626471,0.108728120353838,0.1351089036455151,0.3764013233359498,0.3011006480149333,7,11,14,4.031973997745748,182,0,0.2846422030514595,0.699945834309215,0.6428571428571429,0.4724488091992642,4.879821364098599,0.0651250726377584,0.2525038745492811,0.2697617826430807,0.4037418702582742,8,2,7,0.329956045985704,0.4878270370866218,0.187966496956727,0.5487813803283142,0,1342.572353707444,SAVE
3,-0.2031933325765676,21.60651102898793,-0.1050583679654367,0.0723964837272557,0.0557034501707296,0.0639188344460728,0.0958169945385322,0.1744798407660094,0.1016966167521849,4,1,11,7.202170342995977,57,0,0.2411779911513641,0.8414196672597776,0.2727272727272727,0.4068975021182585,8.326267876934722,0.6875287954397521,0.5953246455608184,0.5880652639719584,0.2169436088682558,1,0,2,0.1324460303275071,0.4528013226556275,0.1881854282676506,0.1481930662075847,0,844.0179473241726,PLAY
13,-0.0391767086682447,26.93753855508293,0.033334389289969,0.1448838098818267,0.1170172745184785,0.075808748384273,0.1413592631294012,0.2806713283898933,0.5108752235988029,13,4,14,2.072118350390995,90,1,0.2102688536826963,0.8048812838847853,0.9285714285714286,0.3816755529274301,21.6696794258788,0.6103250968258492,0.1581859740819872,0.1271951143503387,0.7265140774057162,1,5,8,0.0694529538554755,0.4072090108614211,0.2672275648159901,0.5908219162373339,0,1533.9510780941466,CREATE_PLAYLIST
7,0.0517182762279054,54.16800678835719,0.3223617612354721,0.456216609889424,0.2639395444110633,0.091421865327426,0.2008278861456715,0.1382045702049835,0.2426132789978396,4,7,13,7.738286684051027,63,0,0.3013292680923433,0.4927277217859625,0.5384615384615384,0.5564874214427417,5.06697559155712,0.449859555930365,0.136067454533522,0.1758445677524569,0.1707230031636937,3,3,4,0.3113682826351869,0.2119238347144861,0.0363754916075344,0.4126991783551662,0,1281.091344373601,SAVE
4,-0.1968127827045714,28.49925212362176,-0.3157812301229995,0.3549495601867695,0.2020525973029046,0.0455814914041525,0.0253379002252253,0.1839098966420394,0.3582552782768368,1,4,5,7.12481303090544,44,0,0.148754983751828,0.5861673167207926,0.8,0.1668372389373194,72.50866858937378,0.4628778897393042,0.1640207754486303,0.2418151907029689,0.2311912541455715,1,0,0,0.2992339091521372,0.2528860830822519,0.2037034594319716,0.2907380419838016,0,664.8045956687416,PLAY
5,-0.0237883042665599,33.33229545399216,-0.2799593371677408,0.4028368732111236,0.1783585679160179,0.1728230441646725,0.0559311093500884,0.1415425069209176,0.2488059248070478,3,3,5,6.666459090798432,66,0,0.2146032108046848,0.5991298222442115,1.0,0.3324381217144672,23.90130919313302,0.150169549336557,0.4051102069151141,0.0936204555477897,0.4317302672325956,1,0,0,0.3835578734875798,0.208767938127669,0.2935296046287962,0.2592867039840606,0,862.8269186257278,SHARE
2,-0.3876725732819942,11.249032355763026,-0.7650772200349989,0.2649046632127548,0.0783143787083226,0.0276388461121147,0.0786969121953478,0.1393737748198814,0.0871974787654211,2,3,1,5.624516177881513,145,0,0.2547916249292147,0.6754754419075619,2.0,0.4796518062606945,96.0,0.4191611025407197,0.368504251897831,0.4574864348047915,0.3432528267652065,0,0,0,0.1585032410312835,0.0875890522456363,0.4612213278823616,0.228315405274586,1,328.2516294891031,LEAVE_APP
6,-0.1661026613000145,77.79167225810846,0.1650179729303759,0.2567097731602607,0.2837090870421978,0.0684270575510573,0.1278452277699833,0.1161306680051187,0.4835709918113838,4,5,11,12.965278709684744,270,0,0.113006000579026,0.6956874588654257,0.5454545454545454,0.1204353877425807,19.76893670048,0.4964870371871384,0.2812305327763004,0.2635664162374803,0.513775249340441,0,0,5,0.3404309677667524,0.3344532995891563,0.5090726640798092,0.4436483490474493,0,1443.9709894815787,SAVE
3,-0.7599889205456274,10.8107357804495,-0.4231025595803619,0.4359435571839031,0.1566151124409041,0.0410576305947173,0.1639229451151787,0.1778943876120882,0.3259808663496371,2,3,1,3.603578593483167,109,1,0.2134844679125107,0.5079955151499419,3.0,0.377081018634868,43.53067378030111,0.5594369011787449,0.2029008165596603,0.2681429141320847,0.020116705999707,0,0,0,0.279813229033066,0.2330295322895781,0.1108515420895902,0.278729786009725,1,153.1973109189546,CREATE_PLAYLIST
12,-0.1374795478602636,18.7451286416795,0.2817783220053104,0.1714226417996549,0.1574731162472357,0.0570660862227189,0.0566575709231814,0.5540565599066773,0.4723952915619097,15,6,10,1.5620940534732917,170,3,0.1792550690933399,0.7903040291783741,1.2,0.3448572852067072,4.167345457439255,0.3268201155045807,0.529077686203222,0.2526333642087473,0.2551443969051849,9,1,5,0.4262299754810468,0.2417257346612437,0.5294277814915495,0.6516507299479483,0,1276.4318184302904,PLAY
12,-0.0216831307143699,45.15827677730933,-0.0087095664258749,0.4214321720132974,0.1510672019426352,0.0534236570188863,0.0779247131152703,0.3249909274840918,0.4361918945453443,15,4,14,3.763189731442445,209,0,0.0407309340668868,0.5168013770498479,0.8571428571428571,0.7159609546686021,20.82729001201109,0.2559781133334454,0.3493669321497263,0.3017332006973423,0.3328412630181185,6,4,4,0.1300419308472947,0.1435728293275852,0.4910739286682479,0.6458480002518201,0,1565.5107687897982,CREATE_PLAYLIST
6,-0.2142038796951785,38.727726884919534,-0.1845816263253961,0.3159560765154449,0.1459441719686891,0.0865069843005813,0.044930464126475,0.2180987154433177,0.318384709317532,7,5,10,6.454621147486589,321,0,0.0560579592851646,0.6278829405454875,0.6,0.4980762463794579,4.339321721975906,0.4855745565182048,0.2739795140921016,0.2587872013790188,0.2802436849896073,3,1,1,0.1705658798743495,0.2697898149208717,0.2187898155730566,0.4238940378223616,0,1091.6212085045488,PLAY
2,-0.1240246595917404,14.60353468453083,0.0393875907628695,0.0944270830315704,0.1638212078670337,0.1116977637332242,0.0188656120227967,0.2071742245447792,0.415436235988435,11,6,10,7.301767342265415,84,1,0.0560903778846609,0.8051655392449222,0.2,0.6537559307917508,4.099874096516207,0.6444349391806741,0.0801281964082466,0.4068366338032546,0.1865240503865967,2,1,1,0.0782225676598791,0.1281083471949289,0.2277277785367157,0.5691834354199367,0,944.0070844994016,PLAY
10,0.038343328397824,33.09631024847642,-0.578097214249458,0.4263649244421424,0.0604964816176696,0.0782024293605556,0.1227926689633719,0.0349459259909396,0.1321150622060194,7,8,7,3.309631024847642,109,0,0.0474003306177606,0.5080126105710447,1.4285714285714286,0.4608764777761013,6.886084993221301,0.6588570288468862,0.2422482945843882,0.3338905702330478,0.5597642057066733,2,2,4,0.2723842602090713,0.0833406221269124,0.2174422318364344,0.3433909703642887,0,1112.8208582510729,SEARCH
3,-0.4675215640771247,21.19919329968141,-0.5347852902127467,0.5651045939166885,0.0704383190975584,0.0809792935653421,0.0585890333927858,0.2796864720117499,0.3350292581652425,1,1,3,7.066397766560471,327,1,0.3066161682298178,0.4042901690522095,1.0,0.4913541204155272,96.0,0.3436852687440929,0.2997117358462323,0.5769079567138006,0.3894309597133722,0,0,0,0.3355615042669501,0.4337320521312603,0.3718606950594549,0.1674085019313411,0,627.4301145064821,SKIP
11,-0.021838803329562,8.153464838806865,0.1699809160008723,0.4006013597294267,0.0957638741284007,0.0543852382624865,0.1345349712218557,0.1210769834950679,0.1458698936337436,5,6,7,1.0,78,0,0.0483513235655716,0.5375492461018053,1.5714285714285714,0.3239787845976722,23.37411892990382,0.2839554532887237,0.1388353322242638,0.5576905377162896,0.3854508849338767,0,1,1,0.1671090913996986,0.2072071861972574,0.1003883704579994,0.3209440577389148,0,746.7207162657949,LEAVE_APP
5,-0.1535397504964206,13.816733432503348,-0.0910133153106637,0.0703976796957944,0.1244218659488428,0.0251758982987971,0.1379596272427361,0.109067244238016,0.2519207958403751,4,5,9,2.763346686500669,261,0,0.0718189818488606,0.8736194086398285,0.5555555555555556,0.4266195494558441,11.272768763628711,0.4862050685709054,0.5707560243328038,0.4361810047710514,0.2780919231403483,0,1,1,0.2240446898367579,0.2959645999328314,0.2770570144058087,0.3371013129323931,0,794.7325141866096,PLAY
17,-0.00633826791265,43.51075471887323,0.2373763740234055,0.2675180371654928,0.1658806687622931,0.0741701588453836,0.4390192342433195,0.0300182574398792,0.5286778456694713,13,6,10,2.55945615993372,297,0,0.2603976854003253,0.7128220666702485,1.7,0.2498554268065613,3.710497379642159,0.2483030545768016,0.0826578756442155,0.1063622139933627,0.6211377409385656,3,2,10,0.1544825735885924,0.5485335053121544,0.4893655555222375,0.5592628687433492,0,1599.5976046027647,CREATE_PLAYLIST
4,0.2091850261934508,41.337959386912125,-0.1162852908113239,0.1356271143068273,0.1848604581579654,0.2219265372558428,0.0349190660026915,0.3283806685756776,0.2294188780176989,4,2,7,10.334489846728031,358,0,0.2787043691911599,0.8474353774155821,0.5714285714285714,0.2008572438027058,8.685218443162068,0.7356910374309755,0.2636788563009347,0.072146133892611,0.2595991055205405,0,1,0,0.0864046443655939,0.1094955762601799,0.3649977344397523,0.2359345868233074,0,1005.3102611908068,SHARE
3,-0.6621313134316215,9.35602193774931,-0.8605162773504441,0.3235320260469347,0.075774346171427,0.0253028935197726,0.1421145163037404,0.0723424174353231,0.1305429720361734,2,3,1,3.11867397924977,250,1,0.2043039592886394,0.6222944768397916,3.0,0.2311348283687144,94.468435899158,0.447791094385545,0.2487040910777462,0.1076667979143071,0.5130382304416142,0,0,0,0.080390126047521,0.6269812085810348,0.1567650323355413,0.2747463207859102,1,431.8486084653283,LEAVE_APP
8,-0.010999412603422,17.071580541926124,0.2230522287588392,0.1378073371048183,0.2078473584419269,0.0581606733546623,0.2155891576036589,0.1172373923629957,0.1672751337600984,9,5,11,2.133947567740765,26,0,0.3330638074932538,0.8885908767593788,0.7272727272727273,0.4876612512720205,3.220364963931902,0.1893962605752519,0.152106465288672,0.2639168936431011,0.3794956902119533,4,2,5,0.0240023305586801,0.6306831535266076,0.5441630111776118,0.3254124882824474,0,1074.1324756805786,CREATE_PLAYLIST
3,-0.5190730275766041,28.105915692153204,-0.2453965925226079,0.3009865355872931,0.0807639892107444,0.0772894744419922,0.0875289802929711,0.0920717941349963,0.1765503030687746,3,5,7,9.368638564051068,174,0,0.1524352823831508,0.6145094048374093,0.4285714285714285,0.4506499438843735,25.381677471430603,0.6407136106113022,0.1440949573809365,0.3017421382227336,0.2167203346261398,0,0,1,0.1021913040763154,0.2928668326002869,0.2081610330682455,0.2630444179746394,0,831.155647970292,SAVE
15,-0.2281795119453682,2.032474948159825,0.030820603697315,0.2762270433163561,0.4080238717437905,0.110554742071432,0.2468742135403067,0.2177285946459475,0.3765572517240524,5,6,13,1.0,208,0,0.3071443755359935,0.711671340624427,1.1538461538461535,0.2541784198222886,13.429995622697852,0.2577111065058366,0.3818790072618173,0.2186750147308087,0.662870611133029,6,4,5,0.1256857473605734,0.2787446517570893,0.2344506435315238,0.4194188609815942,0,1179.4354014059024,SAVE
0,-0.3623196203246134,23.208022995303388,-0.8401476725294343,0.3249695743115699,0.2326420234117986,0.0311078557834971,0.1215415804367727,0.1441654074588878,0.2526073248162562,4,2,1,23.208022995303388,85,0,0.1452426498758123,0.606391133291645,0.0,0.3555716197585008,67.55130677738713,0.2567244867336998,0.5049068207225552,0.2926536922841876,0.4614770108040855,0,0,0,0.4764863763715652,0.3178326700653057,0.3366581492084675,0.2317083851688571,1,595.7736764130495,SAVE
13,0.1079028733148935,21.092181100460262,-0.0899382159833779,0.0607579501377144,0.3512753929827478,0.0185444312729635,0.0643805244324552,0.5424005360419615,0.5637276025997927,11,9,14,1.6224754692661745,112,0,0.0772136586092367,0.8826727900798906,0.9285714285714286,0.6304044481918274,37.763489172755214,0.3640894324885663,0.5478595182933491,0.4890303231305896,0.3416218212652302,3,5,1,0.2823962818066355,0.1126044996034747,0.1702442059488258,0.7110786648109614,0,1336.4837950529068,SAVE
5,0.1584323626753893,33.40840708907131,-0.109792610701923,0.1736805135149603,0.0583870036050951,0.0112392225122222,0.0447346714080822,0.4644144922471318,0.2339455445172811,5,2,10,6.681681417814263,158,0,0.1701956497031098,0.795424200696285,0.5,0.3004822986539576,38.01440535230355,0.5274402722167967,0.3489238536683928,0.2121889065500649,0.2958955542527006,1,2,1,0.166044854554163,0.564357759410193,0.4018695534019845,0.2061236518805435,0,1146.327746050663,LEAVE_APP
10,0.1024257980320439,42.06053620250084,-0.2616688602941087,0.1590614178146106,0.2107069580458053,0.1384930407304627,0.0994316303233737,0.3708527228798593,0.6082813728806378,8,8,13,4.206053620250084,66,0,0.5938451285005093,0.8261637299448199,0.7692307692307693,0.5480750014627805,9.505239009081247,0.4470717988882284,0.4178231669653667,0.2022719351136804,0.6720628233198902,5,5,2,0.2656064719219164,0.2061148023115161,0.4496056887390618,0.6442304708291737,0,1573.900785211655,SEARCH
13,0.0204745304232585,84.87081380696316,0.1685989035392575,0.2777566616396419,0.2458953854409135,0.2895901252801027,0.1414454189931534,0.2062992841524644,0.7226310111504592,8,5,11,6.528524138997166,34,1,0.4475042903216174,0.6801530022381592,1.181818181818182,0.3829283450189252,13.29113638422592,0.1138280283105962,0.2714966882866987,0.2547457281232556,0.1575924410239948,3,2,5,0.4517851768737866,0.3136324044576041,0.09338164050286,0.6547193998675679,0,1251.6815756425094,SAVE
3,-0.0612340138327388,40.96359905909696,0.0279248581742877,0.1719275049196187,0.1875751126016143,0.0354361562308714,0.077136076762304,0.2083864231540785,0.1592412299492177,3,2,11,13.654533019698988,138,0,0.5291365814903004,0.7585558720384604,0.2727272727272727,0.4656928693643448,33.82842677679926,0.5408935602102004,0.6442872008924159,0.2933950718531118,0.1423344862776893,1,0,1,0.5667519540102209,0.5956528277826265,0.1137816696727385,0.1853232755707545,0,1005.1717589132494,PLAY
6,-0.1433373007502237,60.42552977641109,-0.0818092991492274,0.281988833686804,0.0840058781163161,0.0399650274944099,0.2011968946168551,0.3324895473999315,0.2595769969146579,6,2,8,10.070921629401848,327,0,0.324300670977652,0.6940548307036503,0.75,0.1151390145808143,13.941277782042992,0.6312712597796993,0.5235736169716739,0.5484547474898346,0.4179303043538175,0,1,1,0.3310243287000983,0.0845262566984313,0.1412785690456043,0.2389369104640793,0,1258.467803279053,CREATE_PLAYLIST
7,-0.4957052902128045,52.80727869143794,-0.2748675957453557,0.4488354113816216,0.2830243825732108,0.0686347188576662,0.1228207633876663,0.2117131416431133,0.2449652222709453,9,5,7,7.543896955919706,56,0,0.2683145945516476,0.5301724939338902,1.0,0.3075855415523522,14.45455360746901,0.638258675129054,0.3717047568489546,0.2007879963293919,0.7029190120448252,3,3,3,0.3670956237628535,0.482358928089555,0.4127378708806834,0.4913155798208142,0,1470.8843265665428,SAVE
12,-0.0414426731323735,53.90667749241639,-0.0395810887781866,0.1679152704705543,0.1969812364281735,0.0097964365042478,0.0631214822177817,0.5757233612022156,0.4690736461620595,11,10,14,4.492223124368032,37,0,0.0880455140956423,0.7622659451423196,0.8571428571428571,0.4307481986066834,18.255526279032697,0.2921562500061905,0.6815041759592072,0.2918449737869976,0.0279712912363913,8,8,5,0.1539392783617092,0.4641821948003532,0.1897234228646981,0.6582069586485892,0,1569.3738428878553,CREATE_PLAYLIST
7,-0.1435600583926394,50.794869587321,0.1360559030041537,0.2140439906894544,0.2441918386566046,0.0356876886296324,0.1300443373353724,0.0604337030476341,0.241266132782215,5,1,9,7.256409941045858,459,1,0.1677747530727103,0.6932700308824429,0.7777777777777778,0.3282043303932744,10.471627261525908,0.5489365844738089,0.475665374595369,0.1559163975590489,0.3940124207337874,0,3,1,0.0723421864888002,0.4702383942177892,0.2360363341608088,0.2009216121041787,0,1384.358552209914,SAVE
5,0.0901240594756593,53.18996848867517,0.1002735491309662,0.1818288330306413,0.1018363727333373,0.2157035226145102,0.0098362153944164,0.0579682464905584,0.0959169945086728,4,2,9,10.637993697735034,22,1,0.1336389297299828,0.8476562454468972,0.5555555555555556,0.1871973170294385,15.280477012215542,0.3942130797166956,0.2776670387020661,0.4128708013613258,0.3179937973771112,2,1,1,0.2699119932620419,0.2148655946616129,0.1598782798461156,0.1549228818169471,0,1145.6708826034276,SHARE
13,-0.1794839548020655,10.035701584563498,0.2954443861137374,0.1007985954692234,0.2283981976794483,0.075688515801225,0.0676685147226213,0.2248850236268128,0.527599039638649,10,10,13,1.0,196,0,0.2896855968744086,0.8468839599199806,1.0,0.6226628354693985,9.636395591379117,0.570655622510818,0.1060925189366408,0.4101716390850349,0.4107491436653241,2,3,3,0.4111954110822904,0.1409483756284178,0.3661114739718181,0.7238014460551544,0,1222.6056766921329,SAVE
6,-0.2976996454807142,63.01516231025407,-0.4640236086303408,0.2858832887730479,0.0893011413278102,0.0603651769631448,0.1044047971406171,0.0929498071649487,0.4626808203012479,5,3,4,10.502527051709013,435,1,0.3231179247735321,0.6534440557494993,1.5,0.3262122575062693,9.397116724253832,0.2291640263352942,0.5040699021497446,0.1590304595971868,0.6371352616325086,2,0,3,0.1604381198241181,0.1779371957278346,0.1489948830834857,0.3739528801148568,0,1198.799708945487,CREATE_PLAYLIST
3,-0.6050431002227155,21.48950710235756,-0.0040779007321555,0.5346283725998525,0.0805858578399962,0.0858679124092826,0.1768277179560898,0.0290835117184169,0.2831593867334124,4,2,10,7.1631690341191865,75,0,0.4896280641634358,0.4542815402163709,0.3,0.6241043328534804,6.50747090067244,0.0966597125067094,0.3577452221367494,0.503716186900168,0.4501990614371614,1,0,0,0.1796536017633442,0.5311214897006659,0.1940668901113242,0.2340264044877255,0,981.0935794065094,CREATE_PLAYLIST
13,0.1571896411612397,12.038149770337752,0.4554930655995888,0.3431695820041514,0.1302671588449599,0.0949216948430023,0.286645196967161,0.3768537266614692,0.1242148690128085,6,5,14,1.0,49,0,0.1964205296219926,0.6360879814459973,0.9285714285714286,0.3454165088883525,15.33090606898347,0.4184404713577937,0.4914087308455917,0.3637425863293482,0.2586141609187034,2,5,3,0.1649531589254365,0.2563064399505014,0.5468908939078128,0.1864480755218476,0,1139.5066049267018,CREATE_PLAYLIST
10,0.1238933492223318,50.28584613865455,0.0487187234146145,0.0702914706913893,0.2186923814873807,0.168421766239364,0.0091672076400647,0.2904098564408598,0.2976145297870805,12,4,11,5.028584613865455,161,0,0.0417519004666543,0.9137125676573667,0.9090909090909092,0.4687721120496897,4.362993564225773,0.1708172885624637,0.3292834546865281,0.4346083050998696,0.1350201371472056,2,2,3,0.0705528311986469,0.3097883238325046,0.0774028633406223,0.4738619557299447,0,1371.2404710307694,SHARE
7,0.2407649527910302,45.40442065747996,-0.1745688582014532,0.2632444915178239,0.2395844789270147,0.0716323295109248,0.1678389211823677,0.5391482464878135,0.5098324779989697,9,6,13,6.486345808211423,53,1,0.1354704108365481,0.6911820413847167,0.5384615384615384,0.4321773686875801,14.214157639410228,0.4698849348528133,0.2309672096719012,0.3837563564676937,0.1853870786385636,5,3,6,0.241622243130479,0.2298289913541879,0.1835584806766062,0.6409488094752978,0,1474.8691295392296,SAVE
2,-0.2486533297498196,27.77402320876275,-0.0330394970746254,0.3280413695115377,0.1807379227638443,0.0288725382364113,0.2483770989673025,0.0913685720094629,0.383712276889065,4,5,5,13.887011604381374,90,0,0.2486112113427263,0.5803282752524263,0.4,0.5382989630857276,20.41790850157017,0.8126899775786931,0.2123382903479072,0.4060363624408784,0.2196359659616847,1,0,0,0.2211887211222941,0.1055583049237059,0.1515929722767807,0.3357396004014267,0,678.4093595270033,CREATE_PLAYLIST
1,0.2225920153362538,17.976960469429955,0.0087083420081706,0.0789378747924843,0.0306048660106599,0.0833535090122252,0.1880656121871361,0.116738439786247,0.3202047218887558,4,3,11,17.976960469429955,42,0,0.2674959058486501,0.8365645702297624,0.0909090909090909,0.294086918095109,26.014047370445397,0.4008142603578906,0.3071848897231104,0.1800495199579609,0.50405033591033,2,0,1,0.0321074851103884,0.0744439233565752,0.3035381926004243,0.3164813475714391,0,1034.989054492985,CREATE_PLAYLIST
7,0.0623422465309772,43.91292640948988,0.1717089088409032,0.2464553885232345,0.1916856503660754,0.2307364081548438,0.261927457515383,0.1663782808234937,0.5719941808014298,14,7,11,6.2732752013556965,139,0,0.3768722105614324,0.6740311191074725,0.6363636363636364,0.3517661700913074,9.944607353607664,0.3352493356662859,0.160469618235248,0.3216925396606972,0.3473013287010784,5,0,5,0.494105020798745,0.3802963767640258,0.1355242697142987,0.7092400178954303,0,1233.2687478102346,CREATE_PLAYLIST
8,0.0502108369997963,27.599955737468072,-0.2140541529807584,0.4863572900044711,0.1801418102895436,0.0808810381886617,0.0520674497657316,0.151246028956905,0.3135219286861038,5,6,10,3.449994467183509,9,0,0.074363747598122,0.4685973502433481,0.8,0.2542964179007387,8.346982220848274,0.5654044989028711,0.1887483850285838,0.3119173561207417,0.1937948574360821,2,7,2,0.2535886265450078,0.4293128855916601,0.4135766971577389,0.4410860860588423,0,1130.3313672074958,CREATE_PLAYLIST
7,-0.0974072499741388,47.785195494026325,0.0042404305548036,0.3834564965896564,0.198388372008104,0.0667927132219686,0.1114567384769825,0.0640847997651172,0.2284798526342999,9,5,6,6.826456499146618,47,0,0.2593075567027412,0.621083072785925,1.1666666666666667,0.2067316907769927,12.76210566368567,0.0834941402291264,0.3020598636626208,0.245057628787922,0.6463422049659283,1,2,0,0.069275219348792,0.1382487562058086,0.1305808981173953,0.4978063622880893,0,1217.0723531954477,PLAY
0,-0.5442228499893795,19.349261067082004,-0.416760134641588,0.3434675003469146,0.1287516261059091,0.0898231381849358,0.059982083333412,0.2412684269031364,0.374718029767385,4,3,7,19.349261067082004,521,2,0.1150584839285331,0.5929694091049981,0.0,0.2143774990533428,96.0,0.4616647545289598,0.204614372586849,0.1939484137960502,0.5272289084158817,0,0,0,0.1061181180207985,0.4249566649959613,0.5497600910535017,0.3046453109132632,0,853.3257297152823,PLAY
0,-0.4932275470454248,4.038075647681704,-0.3930565411197189,0.4556008671015354,0.1077571520207711,0.1287233730704433,0.1098412471657115,0.2253156620958224,0.3738843541219623,2,2,4,4.038075647681704,46,0,0.1367977950292097,0.4747847603880739,0.0,0.241495362931539,19.630170217076195,0.1998043065111821,0.5327100555563884,0.1860697057139216,0.2653663657225059,0,0,0,0.1886737732272268,0.4159303136662503,0.5802505091991926,0.302874992367624,1,410.2230373132088,SHARE
6,-0.0798528287784666,23.485547343967024,-0.0818801379584853,0.1093845529765299,0.140125912192524,0.0254496335595725,0.1302523503652533,0.1248602517479616,0.4758016638304403,6,2,9,3.9142578906611702,488,0,0.1201662363078444,0.8569314355737507,0.6666666666666666,0.656852433781989,23.24819640391016,0.2696363252699148,0.6829288460935631,0.257268354194612,0.2201847909979162,1,1,1,0.01067510332074,0.0939809216791362,0.3986959508541173,0.4308806316641325,0,915.8513694428876,PLAY
13,-0.0724525624465766,87.19351256088328,0.3742139767830919,0.1890641792553349,0.1596726979896369,0.0527738535489402,0.1129209547851917,0.2276811161167354,0.2974953339328139,6,5,8,6.707193273914099,279,0,0.1225599077984576,0.7266227872402652,1.625,0.7426898182984543,23.098157638480405,0.3244682945622393,0.1829643416420701,0.2598557176883083,0.2914365955692568,3,4,2,0.3736938350548122,0.1339754406376003,0.2603485122683252,0.3648612001938541,0,1495.005828827611,CREATE_PLAYLIST
5,-0.0799883929896262,50.38363486139692,0.1329293526457576,0.1894686984243842,0.0526248802912344,0.0678430182954017,0.2074379295560812,0.2057289144536871,0.2541712041270392,5,3,12,10.076726972279385,81,0,0.031945726076314,0.7562854069120444,0.4166666666666667,0.5329161907580747,7.042949537894869,0.4126547311160475,0.2939315508543341,0.2667940718167059,0.4146352807912581,3,2,0,0.2615009226657392,0.2257918522494901,0.1384015144723649,0.3372591456495631,0,1232.3450970544936,CREATE_PLAYLIST
6,-0.4061908905037928,35.18628869286678,-0.3619798236836906,0.1201894424401805,0.3698513436523922,0.1546208766553876,0.0550088141730251,0.0641597003271866,0.152009813238914,2,5,9,5.86438144881113,43,0,0.19684961042641,0.8211217436332342,0.6666666666666666,0.2204531805259665,21.631219635603152,0.7063305086821418,0.2310055937233295,0.3281668618239159,0.3584232154026712,1,0,0,0.3590276047639057,0.3767241482087366,0.2074029749960934,0.2832056615501366,0,1117.3886400207505,SAVE
7,-0.0562060463605088,38.80971226276961,-0.1757669467139803,0.1474421565123373,0.3180673940675903,0.1528593401380484,0.1803996888717061,0.1697984155268515,0.1934146514587599,9,9,11,5.544244608967087,101,0,0.1212863685097561,0.8384953370180669,0.6363636363636364,0.2518210539459,21.10247497582881,0.2525240955688399,0.4056505467457346,0.1639747453755491,0.4347375894699822,1,2,0,0.0482165307191281,0.5735995080901702,0.3646002563165853,0.4834285403521932,0,1383.5308466659576,SAVE
2,-0.1923536559555852,27.051070630006684,0.0787725576627209,0.1316703111508677,0.2383521972201682,0.0593375079446259,0.019348355021269,0.1473330384995687,0.3267639031454808,4,3,11,13.525535315003342,103,2,0.1395602268757052,0.8021181674636305,0.1818181818181818,0.2501579926534487,33.59740335792555,0.9311244970365762,0.1534131987863053,0.3322047404292662,0.5962044082982841,0,1,2,0.2359935727411284,0.5507213981813013,0.0877133628030885,0.3467718683687972,0,1329.2891597618857,SAVE
2,-0.4383990116695359,65.34341635665432,-0.5169565956455668,0.0993728650604388,0.0329213511322488,0.0713119592649685,0.035207192290218,0.1520600474536863,0.399858054923829,1,3,7,32.67170817832716,79,0,0.1975801215727138,0.8534059429373129,0.2857142857142857,0.6542313928782387,9.428785494049162,0.4191231164735019,0.4226708536696968,0.1507081760928041,0.2853185015683106,0,0,0,0.0249959426066424,0.4980094505614448,0.1770377917905246,0.3015631150935101,0,953.703594591792,PLAY
8,0.1349685500385305,12.454097133436946,0.2361434603479625,0.1614981947995491,0.1982453665812551,0.1291794143668393,0.2141397918446143,0.2575712143725812,0.4707359107538568,11,8,12,1.5567621416796182,29,0,0.0817033726030678,0.7760502434761871,0.6666666666666666,0.2208851977417353,17.01398879626125,0.2543715288754651,0.4603414696570091,0.1066168743761482,0.4011782922051377,10,6,2,0.4178550858541554,0.2618343613347145,0.2686280813972901,0.676570701440111,0,1330.1365717416131,CREATE_PLAYLIST
3,-0.2940166706240255,37.468985745283454,0.0441846430935065,0.1608229389507246,0.0842572776798658,0.0654087920537884,0.1042247186332054,0.114515765387084,0.4408683631705173,2,2,6,12.489661915094484,76,1,0.2021483123686476,0.7897142395403315,0.5,0.5088750453706514,12.33650444903308,0.7559108879425247,0.2273641582014892,0.0161995207265384,0.4068965842478117,0,0,2,0.1532524200583032,0.241649337884161,0.1911659116470863,0.3095693624027957,0,963.9696920862746,CREATE_PLAYLIST
3,-0.347353313646338,67.26351150989008,-0.091027417881577,0.1579120315168653,0.134095547873468,0.0495377452834063,0.0049536773175438,0.2364945586619548,0.0652803384543737,6,3,5,22.421170503296693,55,0,0.1961947643999691,0.8333672235189166,0.6,0.6054025206047041,19.20006737435796,0.464471102217192,0.3043604884753793,0.2566801830048374,0.1285376087554912,2,0,2,0.2741805316221483,0.2151323636350933,0.2341478020138799,0.175370755646276,0,945.5773229785812,CREATE_PLAYLIST
7,0.1834986089509204,47.51611067010916,0.1113273407538977,0.189188697891344,0.1048198480437297,0.0749299782840496,0.1034005320778376,0.180122881001662,0.4869376259787745,10,4,10,6.788015810015594,1258,1,0.0597922975668907,0.7512347087442104,0.7,0.3435928976498676,14.878326306971072,0.7123702170417656,0.1507121173629533,0.1406790002700167,0.2519785566968546,3,6,4,0.251024239635399,0.274824235032172,0.2305016900966005,0.539704485588081,0,1272.0826599834588,CREATE_PLAYLIST
6,0.2529354974632518,99.284831779488,0.0798184385868933,0.1443774163822156,0.2491385707993062,0.0205758241411049,0.2129316680118359,0.1337411217238793,0.4236864541154748,13,6,6,16.547471963248,49,0,0.1105007021375314,0.8783557837091046,1.0,0.3858471135136034,10.22126506327494,0.2454625307638882,0.0748280473859051,0.262010845095361,0.6579431745840955,2,3,2,0.3399512588513056,0.4261065472054573,0.4016364211250917,0.5505136765349539,0,1718.065265077806,SAVE
4,0.0613849379455108,61.99716512746864,0.0177197268844541,0.0727775367594756,0.2638256657271977,0.0607901892788279,0.2135263326738589,0.1942464244156449,0.5066469987662326,3,4,10,15.499291281867158,177,0,0.2607489203276283,0.9284089616204884,0.4,0.3362605951700151,29.339466605539094,0.2211277995062656,0.3402681953477369,0.1282701483848388,0.1770449272246141,0,0,2,0.1899540579250763,0.0594317940090814,0.3320233845129888,0.3993405643535226,0,1133.5859975071703,SAVE
14,0.1001013832847825,30.499472654623933,0.4001597134745545,0.208302706878543,0.1341840477420167,0.1683277026857227,0.2002982882283713,0.3082753181300167,0.4456939266120225,5,8,11,2.1785337610445668,17,0,0.2531919494442919,0.7630311582785785,1.2727272727272727,0.3797038791639525,10.33332044832287,0.2859693459956944,0.1374231370655928,0.3365797103235922,0.5110308899667534,2,2,5,0.1826002752885232,0.4463299192343893,0.183267514050649,0.4720920061008746,0,1416.2736111939628,CREATE_PLAYLIST
4,-0.4109845718315059,16.42767520210706,-0.2897387005071984,0.239134196995801,0.2434462537082886,0.0333348847234011,0.2255672223383384,0.148889100490847,0.3872752254633771,2,2,3,4.106918800526765,103,1,0.1643341281155226,0.7307859267060627,1.3333333333333333,0.1802412857074563,13.55707124505436,0.6622129174404231,0.2872557933695668,0.2808149453035168,0.2042158097060869,0,0,0,0.217604177329725,0.4905180742725971,0.4718561881109527,0.3142889680921598,0,422.77536088313,SAVE
9,0.1259909957599737,92.17107202116424,0.0069648542838737,0.1012119593033645,0.1423848504733893,0.0193883360235468,0.2684880491288733,0.1615073644290707,0.6565227792917654,13,4,10,10.241230224573805,2249,0,0.2748882663185836,0.8350714493420974,0.9,0.1546729535218354,16.187968564587976,0.1034617773265672,0.1496662195902197,0.4251695953951481,0.223658693907528,4,9,2,0.2844937322908146,0.1298234022288421,0.1840562061609294,0.6351265503156318,0,1915.6425510169856,CREATE_PLAYLIST
11,-0.1061931416788978,54.68294678279121,-0.2474436067189193,0.2432610634660598,0.1493802949106352,0.0454005843920508,0.0629354506838516,0.3365598129081236,0.5286083266985528,6,3,8,4.971176980253746,409,1,0.0916935576636916,0.7163750019121967,1.375,0.1396287325243923,4.6300262877074045,0.2981562650851367,0.1490758861685221,0.1906944994405578,0.1201949038927701,2,2,0,0.1387071003080014,0.1099161123897687,0.1250062317895046,0.4399064064140347,0,1113.8081597820403,SAVE
1,-0.1171851204321473,82.32318600977803,-0.2815225365277862,0.1047964496139614,0.1614162658665342,0.1578005949736967,0.0633717151709189,0.0426499239908099,0.4522313567368419,1,3,4,82.32318600977803,12,1,0.4687059739215065,0.8563138210437667,0.25,0.4343063155101739,7.332424773619951,0.1748117452472948,0.4445617609385683,0.0688796324544504,0.1347510290813943,0,0,3,0.2037220448227185,0.3639981362736515,0.1624911657693187,0.2778243532466348,0,1030.4913987064408,SHARE
10,0.0362038119343222,16.84914069340013,0.1843293357484219,0.5456089160622348,0.2182330838332605,0.065970980822068,0.0576676362377112,0.0766376225694491,0.1051572639346734,3,4,10,1.684914069340013,62,0,0.2550304838205017,0.4390542714012384,1.0,0.1198170661809197,2.7535117344007425,0.2695307495639844,0.1690910227233485,0.5203069572866074,0.3114637630533781,3,7,2,0.1281299536956948,0.094433459014175,0.1876235595124894,0.1519523806951139,0,1052.2160977033964,CREATE_PLAYLIST
4,-0.2675705780085446,10.253134220971232,-0.2701741560783528,0.0922076941850894,0.1085113243983573,0.1773414799045784,0.1252936053825624,0.1501422760087944,0.2552555329212832,3,2,2,2.563283555242808,128,0,0.2315008550707458,0.873101079259905,2.0,0.4402789982497329,6.063469755156442,0.4551191268839269,0.4195991221418979,0.5736217249567443,0.1273514751456423,0,0,0,0.2316686698724394,0.196645664485866,0.0992292788976465,0.1950971303529861,0,350.8527364242468,SHARE
7,0.1148007705237473,107.03770851404374,0.3646212404141161,0.452042459799263,0.1300419321233356,0.1070064836746037,0.106695843423621,0.4456751498327124,0.638809242102607,12,9,14,15.291101216291963,86,1,0.1663264019055435,0.4750687239640917,0.5,0.6089130911765305,3.787900800688188,0.238655788980674,0.1748145108104546,0.2179507730827226,0.4256895947382775,3,3,7,0.2779713952337105,0.2626757690014833,0.2807886728217161,0.7629909548630889,0,1898.8198325225555,LEAVE_APP
0,-0.5010709025634364,29.96722740871845,-0.2653094345205035,0.2142732559540115,0.3061391075729008,0.1719528574139073,0.0368210012898409,0.0585606291447511,0.6172548908971122,3,3,2,29.96722740871845,192,0,0.1466766976310707,0.7052075643449257,0.0,0.1962638387292726,39.19765838305678,0.3108830653687773,0.5198691889055767,0.5241355170650615,0.5604944713034509,0,0,0,0.1982333235937475,0.5161606824390798,0.2277340684646415,0.5233905714758715,1,767.7101870661938,SAVE
7,-0.0040353655813408,14.568935443726328,0.2482449054838174,0.0387612334473626,0.1599267666918384,0.0541841774788024,0.2398062670014598,0.3608176214360327,0.5123445391060562,11,7,14,2.081276491960904,136,3,0.2099162163528732,0.9676370118151804,0.5,0.5559290404277177,20.594452305216304,0.3246129691817236,0.0515169850458896,0.4670059353981917,0.4091968794086694,4,7,9,0.3460641748093218,0.0752916622766642,0.1733046021493372,0.6541773119207301,0,1343.3517639855863,CREATE_PLAYLIST
3,-0.4832397752721326,38.67755686638383,-0.0105268083568378,0.3646691011515628,0.0355446495575613,0.1130857473401458,0.0358551307700308,0.1593600778999651,0.3015713557236926,5,1,7,12.892518955461275,69,0,0.373553969819455,0.5959421087520803,0.4285714285714285,0.688119739329262,55.08959780575232,0.4251435774465707,0.4330814488832344,0.3505011284020518,0.493069421150284,4,0,1,0.3435567309783488,0.2065704294168883,0.2224470545512554,0.2983521299864698,0,1124.126089441235,SKIP
9,0.0368667526898345,6.2111085686362335,-0.08851444582339,0.3883469240876926,0.1587555827494415,0.0750187600879435,0.0053315698031846,0.1775831258528293,0.4755039942915236,5,4,8,1.0,18,1,0.0905781874197891,0.5775520447535651,1.125,0.1390774577574065,14.00691644803947,0.3186920968834855,0.1381945862070565,0.2533656002171422,0.336083851800494,1,0,0,0.3023956046952772,0.4114617801061594,0.3656239160279049,0.509838199243568,0,800.4110386161346,SKIP
6,-0.086934071103239,11.593171286815526,0.1466051984409683,0.0710153089997034,0.1611993576580816,0.0879149328062211,0.2042015458595779,0.2248752368145331,0.2831844940014757,5,5,9,1.9321952144692545,206,0,0.1535439686602023,0.8516315651524493,0.6666666666666666,0.4186886140490896,9.494224455959069,0.6303458847564881,0.1853237216101713,0.2352260255795786,0.2628827477753014,1,1,0,0.2312615198627144,0.1342689881939611,0.3132617266185341,0.3487983887313792,0,749.5170343134063,CREATE_PLAYLIST
13,0.2050907516054614,26.472564830020666,0.0121055207092986,0.3412175201219528,0.3075955290755042,0.1508350406841101,0.0772466416552129,0.1793274588648882,0.6895605340967824,16,7,8,2.0363511407708206,102,0,0.0719061091055272,0.544503080949157,1.625,0.4025246465355833,4.9968489735007,0.1267747183501833,0.3601503946918987,0.2303835037012057,0.4049409733287215,1,5,9,0.2397370281667295,0.0540799646809203,0.3337790535457132,0.8380828673976285,0,1217.2726641274207,SAVE
1,-0.3102152410336793,11.489372344904911,-0.9162960288469252,0.2429554977410599,0.2543607466101383,0.1991773358071021,0.0659532325136772,0.3415420403150518,0.2931787401028557,1,1,1,11.489372344904911,81,2,0.1381009788701288,0.7382648863915822,1.0,0.6217869198801512,25.61213313538546,0.5224392961601645,0.5361166059224667,0.4093468209858441,0.1438502892649987,0,0,0,0.1403293978234013,0.4985301832562053,0.5872921746061585,0.2443970835521148,0,351.60950770692176,SAVE
4,-0.2337880519473735,57.029224666118935,-0.0680141176743446,0.0965130329931371,0.0524622427131908,0.0088106810023862,0.0971022489480567,0.1755993878486466,0.2896285619058346,4,2,4,14.257306166529734,292,0,0.3031371284588973,0.8577291187217172,1.0,0.5895279711006878,13.398941374732424,0.2601068064042598,0.3556907880505462,0.0842413780076142,0.1493464317683125,0,0,2,0.1073303467935862,0.3049354951372992,0.4032821787592308,0.2698370411368457,0,792.5409592808853,SHARE
5,0.0221480255753375,11.44229313900522,0.0010214988915351,0.1649447220253554,0.2196950749007453,0.1050941806951138,0.1083902208076026,0.2481996175016745,0.3779558305614977,2,3,14,2.288458627801044,99,1,0.1040064275972167,0.8060222627854772,0.3571428571428571,0.1945391838567391,7.609912552284191,0.2426142560874574,0.2349974008549829,0.0997318225265436,0.3748197108887643,0,0,1,0.34273707294269,0.2701224504657225,0.2279000592747604,0.3520141037410202,0,999.8779267191908,PLAY
8,0.0525793247416833,8.86241227842492,-0.2044884245563193,0.2680021224105665,0.0605374369936311,0.1329465660347411,0.2581952156343164,0.1065334428897995,0.1617956734199171,7,3,13,1.107801534803115,457,0,0.1046126051883033,0.6857115231697679,0.6153846153846154,0.4804309572569934,23.5307119055804,0.6332072814821733,0.2979018267955023,0.412156797667117,0.1648181760026334,5,0,2,0.4555829323267256,0.182854214430555,0.1651156562586956,0.3445397151967613,0,1055.639699695353,CREATE_PLAYLIST
7,-0.3301488221625219,29.922855890064227,-0.2384897102826248,0.2680094159389461,0.1128860508394604,0.0575712501331067,0.1005627331810773,0.0661235319734634,0.3946606273988116,3,3,4,4.274693698580604,100,0,0.2287908445741869,0.6543026289457695,1.75,0.4355201129913076,18.711304323480643,0.0858504523166606,0.0275464073495515,0.3375462022969754,0.2752407961475981,1,0,2,0.0486690691413202,0.1979606446498024,0.2561542538079845,0.3423786272054008,0,743.6756909922361,SKIP
8,-0.0783480285211091,6.413683889208784,-0.2364606941530393,0.4249922159078639,0.1314062194456104,0.0373787383116554,0.1585010674833186,0.4721686559934197,0.4845605332344654,7,8,8,1.0,58,1,0.1144320146785369,0.5349135915728588,1.0,0.5049333649237305,23.84102251166823,0.2026880333666207,0.3885586281221281,0.3360598490223184,0.2616006871556013,1,3,1,0.3918479756496829,0.6551949712328927,0.2104579358626547,0.597865255289721,0,905.3934951370488,SKIP
3,-0.5325251457220773,3.80640668170629,-0.3077216581366168,0.2476767580751067,0.0200796576367763,0.1044984205632273,0.1065873047972285,0.1505943618101644,0.2805484332956646,2,1,3,1.26880222723543,204,3,0.0616970427275544,0.687148769949689,1.0,0.5224865964147737,36.12865759618573,0.436444566929461,0.3897163668387869,0.1607765690498318,0.4556870835076516,0,0,0,0.1987901224161355,0.1454052117543318,0.5830008294315634,0.1803644026361796,0,568.3871305280161,PLAY
15,0.1058642390026695,18.05858573942624,0.0731568948459469,0.1387734367633351,0.3768188457773275,0.1338938104008962,0.1399691051279237,0.5024615065177623,0.4627605109999363,11,6,13,1.2039057159617492,40,0,0.2209663720686333,0.8131663541639788,1.1538461538461535,0.3747784666772191,7.651677142733761,0.1946003889353965,0.2275607586270716,0.5718137235012816,0.4802525506968537,3,3,4,0.4070771188901619,0.1238523790834738,0.5673365336238296,0.5884156574667526,0,1392.862707439018,SAVE
3,-0.1408699361308109,86.87823597427753,-0.2478291513740659,0.2069850414530606,0.3825949949129488,0.0837218054375821,0.0221049727560549,0.1381846458292723,0.3142967329241838,5,4,11,28.95941199142584,45,0,0.169464563331107,0.7388671939746314,0.2727272727272727,0.3604627365833598,38.354449194014805,0.6988372860624265,0.3325493238590931,0.4348732990670514,0.2897526505592838,0,1,1,0.334525665943267,0.1468371772797684,0.1578304205439677,0.3854899384105698,0,1526.5608208498782,SAVE
1,-0.4129944458639391,17.870423771624523,-0.4457493496952256,0.4129848300895286,0.0798897813956433,0.0153866868374453,0.1293222331094998,0.2849298020230128,0.2321601323563943,1,2,2,17.870423771624523,124,0,0.0836773506110442,0.5127606442047177,0.5,0.5275449519167579,73.74234145717426,0.6914464912938555,0.7264499336517974,0.2176404957071537,0.620104938328814,0,0,0,0.2777119513097042,0.2328378128760971,0.4414032070321826,0.1779710392277429,0,638.9366447061112,SAVE
6,-0.0987257487965999,42.84700123252614,0.2024546918466081,0.1541463215304386,0.1295324064143072,0.1073559902545526,0.3029134413579974,0.2691696976484491,0.2195217255274445,7,4,7,7.14116687208769,609,1,0.2311957133542761,0.7989147489227818,0.8571428571428571,0.3548505426618019,24.2363767124146,0.3291532798448189,0.5753428305797302,0.212385290085634,0.2937049481780758,5,3,1,0.2785257121805488,0.1775971322861236,0.1449556796684563,0.3326512882553697,0,1019.0364058967064,CREATE_PLAYLIST
8,-0.0119453429385005,29.194909936899226,0.0169595390378668,0.1454050441296612,0.0918811278029935,0.0460821232429599,0.0963944403566666,0.2029660997909236,0.1600605158147397,6,8,10,3.6493637421124023,7,1,0.0981234317198776,0.782584091728421,0.8,0.6499024499544489,5.281228557464934,0.0661977790837649,0.5449088528940164,0.388279731167057,0.4693747049311064,2,0,4,0.0920487032835455,0.5457237799275532,0.4476244733781772,0.4636386756824348,0,1106.554287085706,LEAVE_APP
2,-0.3410847207231421,10.143789020417149,-0.3822927852762366,0.1993035611226161,0.271470249990835,0.0649644243891753,0.1019657231730983,0.032500508411628,0.2726524666204798,2,3,4,5.0718945102085735,94,0,0.6228096933080508,0.8133521847995255,0.5,0.2208620922004791,16.860838355902715,0.3751574355655637,0.5236995782392079,0.5113883978774809,0.3535864394380898,0,0,0,0.231742804611442,0.216709766232544,0.3194960732005517,0.2750994024030181,0,581.9859080906642,SAVE
8,0.194489583822931,19.667441298864727,0.1933281081388323,0.217406620666171,0.0850537162209887,0.0918988312781892,0.1708853039543085,0.0651066646485064,0.2481226128281075,8,2,11,2.458430162358091,439,0,0.2742881203316076,0.7524158655332583,0.7272727272727273,0.2783745682945093,13.443765301303593,0.2126232467510187,0.2422057257241791,0.4609437796176068,0.5547150786994628,2,6,2,0.01,0.4375759358304793,0.3191516868474904,0.3654945638541765,0,1413.3361840307691,CREATE_PLAYLIST
6,-0.0362595109884104,19.475368323246855,-0.1632617657490907,0.2924788559760449,0.0599191834404665,0.1045350943054171,0.1432140371673133,0.2119967190220935,0.3029883880692514,4,5,6,3.245894720541143,47,0,0.0289363377953259,0.6374798106856245,1.0,0.5339191812693138,10.391977333786087,0.4131141522381515,0.6971356343244508,0.3811241560304935,0.2084743046094939,0,0,2,0.1614933122821668,0.4449112627942022,0.3209766356787905,0.3801415439846952,0,698.2765689029386,LEAVE_APP
14,0.2127655286771584,83.4900183556312,0.0282475781812793,0.1832520601277201,0.1446614345476993,0.1436593750192116,0.1363864754866169,0.4817792194943484,0.2509790929904119,10,11,14,5.963572739687942,566,0,0.2420353259644504,0.7994816888448525,1.0,0.338316453489998,10.403643086051993,0.4218265884956497,0.1172763560907446,0.4980497807689868,0.2988188673812995,4,3,8,0.1556615678396791,0.2572293817896294,0.2340805924765945,0.5857733999373802,0,1787.3487923945747,SHARE
8,0.078464569246189,94.44303345326458,-0.0694848907378924,0.0123562795570173,0.0789420758421224,0.0133549851267787,0.2140903116992527,0.2200859252721094,0.4870948372883806,3,3,10,11.805379181658072,173,0,0.3249596079799645,0.9734007011020712,0.8,0.3368789228630196,13.310377983800269,0.5233882501935064,0.1881772748428083,0.5670291768590626,0.2697611857373367,9,2,4,0.502805919477381,0.5917300301483529,0.2011136107656951,0.3852317666537877,0,1381.744522912676,CREATE_PLAYLIST
10,-0.0291444041864661,42.7506191299062,0.1645714226756806,0.2643020944135291,0.2017684566168367,0.1274556880377334,0.1177975648980169,0.2025768783181246,0.3284844106063743,7,4,9,4.27506191299062,149,0,0.1349455132489465,0.6717135298197667,1.1111111111111112,0.2937367888272472,12.512314941095536,0.1898728360993081,0.4212404837560879,0.2325893739690974,0.3662375762011672,5,3,9,0.1087837311985618,0.4261341463864456,0.0486870868081765,0.3920537480856584,0,1269.511083479323,SHARE
5,-0.0484973887831486,87.54613067314857,-0.1382616948194263,0.3594589372555143,0.0369665797865358,0.0355936312541486,0.2292644158365301,0.0777634123490471,0.1836628497607622,5,4,9,17.509226134629714,35,0,0.3948596813639944,0.595988395415863,0.5555555555555556,0.584702358803732,15.665199083441866,0.7360068776985093,0.5239665114386123,0.0871080318007592,0.4008544762140528,2,0,0,0.175631982907384,0.1175892828934167,0.2981899835113651,0.2451087587272102,0,1269.3181302338062,CREATE_PLAYLIST
12,-0.2333731222560437,21.86967109568931,0.1199785027868094,0.462211914050964,0.1268947485286868,0.1234767908816052,0.19481198439461,0.3597852935030372,0.3232501887368474,10,8,7,1.8224725913074424,12,0,0.333988888411348,0.4818201088998849,1.7142857142857142,0.4810518626468726,4.137644647411922,0.2357892278193923,0.270392725638796,0.1691446077498887,0.1319826393128717,2,4,3,0.0811685884089299,0.1339048395947592,0.179267056320066,0.5337194599176419,0,828.9558892532756,CREATE_PLAYLIST
1,-0.3909262739185067,30.67951409566984,-0.7662352961214179,0.3377562999443904,0.1150466391258302,0.0227631459123075,0.037041186206035,0.0509646803181706,0.3065829466724742,3,1,3,30.67951409566984,73,2,0.4433123096313687,0.6493582693742143,0.3333333333333333,0.3015651553416992,34.176625142813805,0.2466815248660174,0.651564293505908,0.4262301447483428,0.1673168844622611,0,0,0,0.2337981611761168,0.5901260112134843,0.3750879737041756,0.2347998838233862,0,553.5169449783103,LEAVE_APP
3,-0.4249024343019835,13.511750776120618,-0.7909447681929451,0.2495595692294696,0.346668884723704,0.1105816956280002,0.139122994966903,0.1366724851892186,0.5796082076606428,2,4,1,4.503916925373539,1001,1,0.3125363062370583,0.664904424405279,3.0,0.3288574522392495,32.96813058114599,0.4336080750204073,0.3708920972192513,0.1119938762769456,0.1852894022174369,0,0,0,0.0635610108242417,0.2537377263998349,0.2818656170839257,0.4578208952672004,1,379.54589264266673,SAVE
4,0.1396946876966367,76.00601481659363,-0.0976742699008799,0.3970194748208612,0.0624554957807522,0.1347869497236557,0.015316390206941,0.2087752709199257,0.3781336507758286,5,4,12,19.00150370414841,137,0,0.117876110738822,0.5527950662368434,0.3333333333333333,0.6252227107536213,21.73095230999122,0.2127761704925877,0.1215904242669931,0.1804478398696991,0.7761296387387294,2,3,1,0.1600913402530122,0.1817067907988007,0.0717538428583832,0.3373616064346257,0,1643.0751930178242,SHARE
11,0.2226754044232891,28.27997073134444,-0.2606741430259769,0.1138167336447752,0.4477395703196049,0.2557485577068129,0.0996827341638612,0.2262800109685239,0.634108060235174,16,6,13,2.5709064301222218,1733,0,0.1888709937251966,0.8044557776944865,0.8461538461538461,0.4518770817735474,6.170980789118588,0.7437204025444885,0.363771445807675,0.3068670035497961,0.5821237695612688,5,4,8,0.2412286684369851,0.3428825123473361,0.2998922984905113,0.7738749631375218,0,1640.6252180795811,SAVE
13,0.0326712167811267,22.575646847476435,-0.1875400616530333,0.2022782957330424,0.5792369760231499,0.0179704522236194,0.1957484066421474,0.1412832003591546,0.2982090639016062,7,7,10,1.7365882190366488,63,1,0.1626413312792423,0.6843673372208591,1.3,0.1068491077455263,21.45635986613839,0.2413810596947997,0.4615125216832741,0.5743508577467997,0.6524817384061388,2,3,3,0.2080282462691193,0.2720884388844866,0.4077404217523175,0.4183667512659656,1,1294.4873901339693,SAVE
5,0.0197376508325708,25.77714293215188,-0.1093584180551682,0.4817370350214343,0.0161048675520481,0.1157259123431173,0.3806155328306354,0.1539776878596027,0.1831872294714903,9,4,9,5.155428586430377,1070,2,0.2809276321275902,0.4385291491878787,0.5555555555555556,0.4008345707938465,34.53014247137588,0.1863344358259643,0.2677512232352285,0.3774533274866825,0.1866529678865671,2,4,1,0.2292005660773333,0.3634485721486629,0.0725617518167189,0.2907887003961084,0,1141.9516391389304,CREATE_PLAYLIST
3,-0.3004602425969248,14.79054851748942,-0.438318686545768,0.1490855671860445,0.1295148052277406,0.027526093451048,0.0768118031085944,0.0776453374883367,0.407238905336217,1,3,9,4.93018283916314,5,1,0.1891697835988885,0.7424127272289877,0.3333333333333333,0.2784411792306148,11.977393758935763,0.2204984530588533,0.2195813598457641,0.178439964337445,0.2012997432628147,1,0,2,0.1782190321162387,0.4142228103129854,0.2887275318243922,0.3078917064174039,1,693.2363157690821,LEAVE_APP
12,-0.0646344816636187,33.54799488038897,-0.4473021784234559,0.2173547171123536,0.3945564694364122,0.1145124048212148,0.1219907868033316,0.4042388886335646,0.4918193417034956,13,7,11,2.795666240032414,22,0,0.0630960155771043,0.7943708414184758,1.0909090909090908,0.2639741213106376,30.71031384223074,0.2160847498913678,0.1669589051210388,0.1491887425173964,0.3791327675707426,3,6,6,0.4310039252561048,0.6860332388321876,0.3343334677235344,0.6157990839328257,0,1457.272955617654,SAVE
2,-0.1665229998973409,49.551287114209,-0.200395008938307,0.176961609974229,0.2634095271368353,0.2721630848932631,0.2151752234899254,0.2395254426419701,0.0903499091577671,5,2,11,24.7756435571045,38,0,0.2778057737389579,0.7948498166009685,0.1818181818181818,0.0937786435657371,7.338912349624457,0.194504598888959,0.2354677426515798,0.2056117177489967,0.550364197715611,0,0,0,0.0952316080785135,0.2010993443554819,0.3153597470256959,0.2014120944143233,0,1472.239977597952,SAVE
3,-0.3780410369319596,63.0486663520841,-0.4018488493450757,0.0732778312710742,0.1328134677743815,0.0695632843992352,0.107465943238998,0.2507215047350678,0.5120805224930676,3,3,6,21.01622211736137,41,0,0.2249113866854757,0.8525509037868664,0.5,0.7115021733177844,20.7620482281284,0.3410674024571843,0.5151356805008719,0.2841864607516476,0.2398160059253151,1,0,1,0.0948437611619182,0.0819148968768554,0.0771813667678479,0.5241392450860377,0,1033.0806265426138,SEARCH
3,-0.0718523923288061,35.768164837056936,-0.5381607805476681,0.2473482166626727,0.0661357517704821,0.3030178255900203,0.0825134151744436,0.0581371470190369,0.3697505803977959,3,3,10,11.922721612352312,277,0,0.2109346485100236,0.7219576596075947,0.3,0.5065622565749641,23.87546939289117,0.506565746559398,0.0821802649509733,0.3294197049825405,0.2765678898438954,3,0,0,0.2642851804496129,0.3931577796210034,0.0714494306867487,0.2873378429792287,0,960.7761689917104,SHARE
7,-0.609322255025596,13.088118629060034,-0.7215375336481664,0.4479139318024353,0.1014175164352259,0.0510184163542136,0.1016092100510605,0.1432467898968904,0.2251613589409944,1,2,3,1.869731232722862,9,1,0.1983469640522024,0.4409943879866657,2.333333333333333,0.4590099580694033,31.618131135472886,0.2953092471490789,0.4752997007206451,0.1890435862903085,0.4368001167720436,0,0,0,0.1047346875029007,0.6215915422637925,0.5371395308862483,0.1925334410232016,1,586.2608654301656,LEAVE_APP
5,-0.0561672969579891,40.91650194715388,-0.6786949748248814,0.1628784173971452,0.2183378333410639,0.1083516256660653,0.1658522469340216,0.3596619609026442,0.2057949299680537,2,3,4,8.183300389430775,31,0,0.276330671862497,0.8476450519406636,1.25,0.5057947931848215,14.575172474140365,0.1038566196310807,0.4531851589190649,0.2604112357162085,0.4383388346259242,1,0,2,0.143884625904221,0.5702121755184989,0.1052129357232812,0.215576827560158,0,783.5896434184276,CREATE_PLAYLIST
5,-0.16676066412645,26.65503166386675,0.1602560497008818,0.1175063223285201,0.1435859378863541,0.0092577025515821,0.1088258859662993,0.2454267031373228,0.2499988505316866,5,2,13,5.331006332773351,16,1,0.0873748788694773,0.8302989875292677,0.3846153846153846,0.3502945591051112,19.05393533650672,0.3236666792687016,0.364296907079522,0.4206125502080974,0.4208947004308904,1,5,0,0.1489403312729491,0.2812288638673676,0.0767754723186812,0.3173129287793473,0,1263.681781430824,CREATE_PLAYLIST
13,-0.124109456521858,10.363784155677552,0.1617077523666407,0.1348663061471915,0.2092485603424966,0.1734628134599303,0.1386445319606799,0.1290843705823345,0.2004048643116201,10,9,12,1.0,243,0,0.3177776823372432,0.8114198691431642,1.0833333333333333,0.3810969853152657,18.67467479121632,0.2722929162111526,0.2373784494841767,0.2850354977611379,0.5300978076708683,4,5,7,0.381562498653938,0.1927839649524779,0.2315192701820891,0.530177918264634,0,1329.416131936038,CREATE_PLAYLIST
7,0.1616282867991687,59.24848171520875,-0.2246588866846242,0.5795132380769156,0.2781511629832594,0.083949988533473,0.2276281922352475,0.3455911837481102,0.4635547329958908,9,8,11,8.464068816458392,111,0,0.2034947469026135,0.430133968281805,0.6363636363636364,0.5532021808947922,2.551705050053544,0.1649531522816558,0.6623623003274365,0.0366401213579961,0.667243143502934,8,9,4,0.2887913456874773,0.3167577938026842,0.0995342738148326,0.6591171810368325,0,1658.035005601922,SAVE
4,-0.0816057223747475,26.00801955493961,0.2817134247286439,0.0741263961076313,0.1670509915259184,0.0104363333818275,0.1150937847184661,0.3158171034169084,0.3335878488637009,4,4,9,6.502004888734904,266,1,0.2815240201309334,0.8547618511269452,0.4444444444444444,0.3554058755847497,4.798399910755802,0.3365706387193999,0.2677813901245738,0.1496374992097033,0.3862822132286233,1,1,1,0.0908958159461337,0.2203505714811773,0.2952370333377589,0.3442703589558877,0,907.8040264890084,PLAY
2,-0.5690843041132656,5.771732867641977,-0.7799106533413604,0.2784654320622821,0.272822644428234,0.0696585957437971,0.1773876205491198,0.3143699371111502,0.2178756532311725,2,1,2,2.8858664338209885,187,0,0.3720966234190617,0.6348879658929308,1.0,0.3454904300445574,69.86462338943646,0.3145530025861877,0.4926122204520838,0.1349174707669071,0.5200920999079403,0,0,0,0.1980543077232147,0.1787145311627982,0.4899512483773172,0.2322162180315904,1,282.0039632943965,SAVE
13,0.0960055916630089,39.95695175852962,0.1405691548105244,0.5509435745631569,0.1672117959464209,0.1331952551974388,0.075587985747487,0.3079755896989581,0.2942872484691249,10,8,9,3.073611673733048,35,0,0.1199313543859306,0.3519364788836865,1.4444444444444444,0.8023781905212596,19.097499458111635,0.4789139709299425,0.2291455194626625,0.1571259611253261,0.6305978123936082,4,5,6,0.3495164505587535,0.0867471127802211,0.1329736659039047,0.5570341705800578,0,1597.4400194555308,SKIP
5,-0.2188572265701757,33.48752208502385,-0.3029595209241331,0.104689338249049,0.0909205584252747,0.0108276597198481,0.1406353005836736,0.034971297920149,0.412031497732188,5,3,10,6.69750441700477,624,0,0.2893335039807587,0.8576139948847655,0.5,0.1696205619875397,4.5460583598664375,0.1373778160990621,0.490254849439477,0.42253948939517,0.2269762874804572,1,0,0,0.1706670133832214,0.0526231682857991,0.4375273001409786,0.4059517672672318,0,935.7212748062474,LEAVE_APP
5,0.0054463692246439,19.56316223856409,0.0783171810018379,0.4335966088518048,0.3586942134019492,0.0776732139783004,0.272599439256794,0.0878651911645603,0.5955576089301281,1,5,12,3.912632447712818,82,0,0.1127751631555451,0.528125658891269,0.4166666666666667,0.546024442954845,8.71638930902,0.3803075183124917,0.3534819698966231,0.1529735945216153,0.31197847689532,1,1,4,0.0414414750313353,0.1756515248552707,0.1327930575076503,0.4406168991489103,0,1010.6896395212976,SAVE
4,-0.3239583010355249,32.551707627170586,-0.5383128239924141,0.3295856369256796,0.1714493129047268,0.1368574005219809,0.0581247756101332,0.2033556534780343,0.2322189581883198,3,2,9,8.137926906792647,232,0,0.24575702894846,0.6578226690001748,0.4444444444444444,0.4443951596314624,12.470024815491644,0.2626229402384081,0.2386392154662468,0.3962258150074921,0.399183033907396,1,0,1,0.1322877499259223,0.1813451972249832,0.2248597481009371,0.2784372269439243,0,1052.1226291301955,SHARE
3,-0.2366849451185482,23.313444364164397,-0.0293570215102344,0.2173586519623793,0.1350262250598584,0.1232003643103822,0.1659552962486975,0.1696245718889779,0.2083284686580629,2,1,8,7.771148121388131,87,0,0.1705022670926045,0.7310223105366025,0.375,0.4631058698629888,36.945992089998455,0.1806223758071405,0.2075308424241869,0.3565206318581099,0.0913379847914836,0,0,0,0.057309768558405,0.2570328967112093,0.1222681198085941,0.203812270980562,0,702.8341617840523,CREATE_PLAYLIST
5,0.0776707882559085,1.6593072088043244,0.1591679777475709,0.3134859705928725,0.2285215095798206,0.0285485585297678,0.1665465527737598,0.0943674501020361,0.3952628120330129,3,2,11,1.0,17,0,0.3697750375529168,0.6750056687078153,0.4545454545454545,0.319481578082001,14.202224378894805,0.2854581348770272,0.1165753542106661,0.2549186418539672,0.4244907949632115,1,0,0,0.3291983904041321,0.4148572437455622,0.3292302561268763,0.3089404424635634,0,833.1351609543675,SAVE
6,-0.0190727296241668,17.48914610529217,-0.3254746733351011,0.2324616072940047,0.0979649944976078,0.1769871691766982,0.0382346622414947,0.1806628579307199,0.1717443482680521,4,5,10,2.9148576842153617,103,0,0.0570255139448854,0.7354665702461524,0.6,0.4171190519130087,18.93050403226544,0.4494888465657497,0.3708497709669504,0.2166930554877481,0.4418684952158527,0,1,2,0.0149683863140882,0.2111619013329422,0.2164934445664437,0.299983689047987,0,1161.5470837025389,SHARE
5,-0.031356819318657,51.08149066796645,0.169681923086612,0.1783988492969702,0.1764816682588995,0.0560686045719172,0.0331390631747181,0.2252132429961541,0.4615878758115915,4,2,10,10.21629813359329,140,0,0.1209115709254139,0.7538977650434531,0.5,0.6899558671386362,8.690013099712678,0.1154255959706581,0.4748200903884502,0.2582428469441092,0.287145658135668,1,1,0,0.2281033505448729,0.2653775187038074,0.251339591770592,0.4098013342371492,0,1137.9080082427406,SAVE
4,-0.1169871314054672,142.6501152224409,0.0078438970860869,0.127863263221699,0.3233329618069155,0.0612134396459851,0.1779191349503927,0.119591601177371,0.128988915443286,4,1,7,35.66252880561022,529,0,0.1195014894581606,0.8695212329056298,0.5714285714285714,0.5020636998144232,5.436370043752716,0.3009699173150155,0.3707405470792609,0.1297121943367728,0.7054020592123437,2,0,0,0.1185310506402146,0.1073684420605436,0.2119425103670369,0.1821167914175609,0,1860.4671971955563,SAVE
15,-0.0867754754759378,34.44977842490205,-0.1723567197646911,0.1051430757153208,0.3090391811538014,0.0776735280405784,0.1308679854663997,0.4727052095808552,0.6375472895473315,23,8,11,2.29665189499347,622,1,0.2107680519677689,0.81635522791381,1.3636363636363635,0.126636881145073,9.388644923714304,0.1399308227260902,0.2225816333834026,0.3784548062043603,0.3298522730406706,2,2,6,0.313237000104652,0.125027125174273,0.329629321693007,0.972104701537274,0,1458.1710877884386,SAVE
5,-0.2136864102940244,27.98486063815752,-0.1516420722163194,0.134317034237949,0.1282045365146621,0.0778446624948529,0.045939227928724,0.4793636069524321,0.1911523287417778,2,4,7,5.596972127631504,87,1,0.4088546533677708,0.839181713068692,0.7142857142857143,0.6189077556172975,13.42227981631639,0.0208879957132,0.1216856664168714,0.0884401652397427,0.3039188398694622,1,0,0,0.2708108009376907,0.3971044645443538,0.2298823540855355,0.2112051979956883,0,842.0766491068829,PLAY
5,-0.1521203085741549,41.13768125398919,0.2429262506082082,0.2185388236063132,0.2560723838683337,0.0332268082284014,0.1249126285525449,0.2185057630299889,0.5725087411976097,3,5,12,8.227536250797836,28,0,0.5462037859940974,0.7011612407012495,0.4166666666666667,0.4828768114296989,12.435087906183467,0.5762255567446424,0.5590765715772099,0.1439486940227092,0.314841259017813,2,1,1,0.1244482810372652,0.5240900900172878,0.1471941445896085,0.4314678121489004,0,1083.3816731598183,SAVE
1,-0.4096617661908873,2.373809916321621,-0.4454308022459398,0.4571551057597159,0.2922675270912994,0.0417966235514337,0.1843703725691557,0.1982964739971025,0.1324006102490883,2,1,1,2.373809916321621,104,2,0.1697701924694461,0.4995104968142148,1.0,0.0809935029404181,25.897609703931657,0.3254654522501213,0.2578704499075895,0.3224234665442669,0.3221697899906621,0,0,0,0.0464154753032399,0.7930970697100427,0.5751941065561776,0.2191620764401933,1,432.7290169490247,SAVE
2,-0.5326868385347656,15.710522060207175,-0.5616060896439747,0.2579772107163412,0.1353680706709783,0.0374678247008895,0.1467417203377152,0.4679099003863854,0.3982051285603973,1,4,4,7.855261030103588,128,0,0.0866633802441437,0.6686174821454175,0.5,0.3790675690594129,21.237694114065803,0.1310519077288799,0.7583374685418615,0.1109109059034219,0.365457706379762,0,0,0,0.4879300316769301,0.4194721425743823,0.3181634409925977,0.3289919848869897,0,528.2238905149296,LEAVE_APP
6,-0.272421358145518,20.70950258033918,-0.1720851676690006,0.2725107257533245,0.1094786785435782,0.0785889870951237,0.2410287350877116,0.118913051502009,0.1231382043459073,2,2,11,3.451583763389863,64,0,0.4755794732222821,0.6736531349733254,0.5454545454545454,0.387559997470984,14.695870692059495,0.1245231921049542,0.1930514625607448,0.2730064203381924,0.4156975220350465,2,0,0,0.0997885101464025,0.3431335932691933,0.2473998265413709,0.1353949389527557,0,988.8670644006104,CREATE_PLAYLIST
7,-0.2956846960226703,27.352643254357893,-0.3303464209870673,0.0501436118407796,0.0899871904581183,0.026416859983363,0.1492518611497977,0.1704523538120794,0.3461482337226658,6,5,5,3.9075204649082704,57,0,0.179554283327709,0.879925672486755,1.4,0.2507774696714861,10.137891101693862,0.2613330656334958,0.3900337371552609,0.433887213426176,0.1608048011877023,1,0,0,0.1889262443026901,0.4690640440815553,0.1082025413984213,0.4055129654225123,0,715.4817249282221,SEARCH
12,-0.2721559683499531,31.00456453129011,0.2610979928480175,0.208373574735646,0.1755553769853189,0.0803130736681296,0.155378906615688,0.1613056921428163,0.5839722149691001,10,6,14,2.5837137109408426,194,0,0.4487915894106411,0.6999202799007419,0.8571428571428571,0.3122065507000038,2.552884714367329,0.3206563332062399,0.1978851727792331,0.1823071868181744,0.2834500704579597,3,4,4,0.3050385871736868,0.3715140158515553,0.084209477197597,0.6352566047501131,0,1387.8784458987332,CREATE_PLAYLIST
14,0.2563442759845421,45.96789612254888,-0.0366287108300513,0.0392833206796731,0.2021091411647365,0.0237350408811967,0.0793152011678055,0.271011123828793,0.2377628495387322,5,6,6,3.2834211516106344,33,0,0.0970715879644475,0.8751222741285638,2.333333333333333,0.3800837678442041,11.49629528617687,0.7562365501346953,0.1810383219416333,0.4277368425114659,0.0870998941476178,6,3,2,0.295169686440115,0.4362303461760257,0.0918957696433032,0.4187935919245141,0,863.4302234871485,PLAY
7,-0.1953461539926976,39.413842521008064,-0.1524281758985265,0.0888084253402273,0.0187129307483918,0.0458193559241449,0.0577891566548018,0.2006097841837726,0.367472500771072,4,3,1,5.630548931572581,237,2,0.5463740344554231,0.883628926798936,7.0,0.383274257905035,9.810067401357593,0.5677101854536543,0.1674642898655185,0.3066027317334513,0.2286283649942138,2,0,0,0.1254455215521846,0.3206453410153334,0.4893053251331202,0.3604615241335087,0,623.0902132153519,PLAY
13,-0.0328115118272443,49.34746345973632,-0.0765244345975601,0.2203080496850848,0.3369184365086569,0.0597170348297111,0.0838114598636307,0.1016529137004571,0.500896030486687,16,7,11,3.7959587276720246,39,1,0.01,0.7291097437273384,1.181818181818182,0.5958954343571634,5.351437276111926,0.107884058435628,0.5708584030424072,0.2897854981419063,0.4224292780777611,7,6,8,0.4160229336622654,0.0492348073705305,0.5105765699911325,0.6838061638706088,0,1743.6745819544035,SAVE
4,-0.2572978620828787,18.15190006036721,0.2629726375592305,0.1886878593410286,0.21399467444128,0.0142173427941909,0.1247103682240613,0.125505785330542,0.1705445845213107,5,6,12,4.537975015091804,182,0,0.2748125674218569,0.7790335326423053,0.3333333333333333,0.3288438055204838,28.853803540112335,0.5415335793766715,0.6960494570270742,0.0836686363088146,0.3310419044193356,3,0,1,0.0988824246726772,0.3797177600436787,0.0865202927224981,0.3030872823885911,0,1023.5257393379616,LEAVE_APP
1,-0.1250922757658891,55.00950757615023,0.29822370703787,0.1025250371995312,0.2760088824587904,0.0887767565963075,0.1304732421370336,0.2901179360913159,0.2665650918258542,5,1,10,55.00950757615023,34,0,0.2082145913280526,0.877810780736151,0.1,0.2011902101657288,5.810748840042949,0.2300887431437059,0.3009553491683002,0.2031158945703665,0.0866921128315207,1,1,1,0.3326818885607502,0.1087573523153913,0.0263698597134405,0.2697784680064207,0,1073.3118042194203,SAVE
9,-0.5481354793525197,37.953464731493455,-0.0536385157489554,0.3583473689234783,0.0570526774673681,0.0643945288003177,0.1133010886448633,0.1819927682418488,0.1622286195198411,7,7,10,4.217051636832606,451,0,0.3192781558480073,0.6103070813452235,0.9,0.2149638974786129,4.796206089086766,0.636893161061836,0.4734596935471866,0.1910180068846443,0.2097786146361162,4,2,4,0.0404291332409033,0.1409301077349183,0.1335712095011314,0.3579538459683772,0,1044.5540018646868,PLAY
9,0.1605850719950187,21.202786680473736,-0.2689696228398938,0.2368639851073113,0.164344667198704,0.0289909080654099,0.034311062929869,0.2047302769015568,0.605307365704113,9,5,11,2.355865186719304,396,2,0.170544282357572,0.6860070189273288,0.8181818181818182,0.2924002633157698,8.375367107207815,0.4119042641659679,0.1031414327779063,0.4491386088326199,0.4523370140685216,1,5,2,0.1222286266884028,0.1055499955811128,0.1926597495108967,0.629019872640635,0,1181.5030037899298,CREATE_PLAYLIST
2,-0.2901535578618491,35.20862114514811,-0.3468210234798176,0.2072420666919417,0.0748340831021166,0.1222201972743454,0.1297203783161161,0.4516064347126097,0.1829534510289442,3,4,6,17.604310572574054,65,0,0.4439272203246146,0.703548447070444,0.3333333333333333,0.4162166333789026,5.095134415290345,0.3448477774846888,0.2460150249942035,0.4398075755925203,0.4256837353593776,1,0,1,0.2049674561564025,0.28228386545538,0.2768259360210643,0.2138206181417596,0,882.0880042240095,SHARE
9,0.4843423363229461,64.86630849691024,0.0760349661424115,0.1423208808840637,0.3335757124653274,0.2266173690252849,0.2508740843823343,0.3055453570144008,0.4366872774810219,12,6,12,7.207367610767804,534,0,0.2480916232973252,0.7841924571642602,0.75,0.5361662806243984,9.12412401685962,0.0989579041591655,0.050328175425316,0.217271764437664,0.2490587305493048,2,4,5,0.1652653465286613,0.304273736644043,0.0959128674656109,0.5580027873779458,0,1548.9903287158577,SAVE
10,-0.1021879136761279,46.43151178844864,0.0528911357368344,0.0231073187510405,0.190261381200997,0.0528524750741244,0.0742596894092327,0.164338243000821,0.3167600771903779,5,3,14,4.643151178844864,51,0,0.0618463105351863,0.9720540007053252,0.7142857142857143,0.559771258791045,24.23635183449964,0.324035054608988,0.2664697466397976,0.3848255238260091,0.6594068248577741,5,2,4,0.420151811178329,0.5248042985751231,0.2807771862373369,0.3528774801696712,0,1490.9328955819576,PLAY
6,0.0661043964389071,28.544427417494383,-0.0728261671339822,0.1036524755163431,0.1237670922439637,0.1189532378341896,0.1420730784363877,0.2985598872029943,0.3656579859100586,2,3,9,4.757404569582397,25,0,0.301373680756227,0.8524474550620106,0.6666666666666666,0.4621517983217736,14.36608602701612,0.5994944516801222,0.5575854582844163,0.3439801426672751,0.4856262655893812,0,1,2,0.1514788273793307,0.1697255546859638,0.0624609700924023,0.2419386873895788,0,994.4427625607394,PLAY
8,0.124165604006571,56.17812587687353,0.0447972653792461,0.310634976160369,0.0141801551673628,0.0681316268219191,0.0518822328568429,0.2020898443486367,0.7044488349840755,2,2,8,7.022265734609191,294,0,0.2597263232584544,0.6221918671979616,1.0,0.4910579945087068,12.363020484258517,0.4046029012467765,0.3903306702534472,0.1699966069574884,0.188470054883915,1,1,0,0.2424894139870718,0.0827109895855576,0.3514120923635121,0.5104942798664227,0,1098.6764570651217,PLAY
11,0.0310322426074504,34.09872724080539,0.0438391677404262,0.6737833458081207,0.3939040376083329,0.1248100112078865,0.1532178508391173,0.1562791423398899,0.4364745156526771,11,7,13,3.0998842946186715,405,2,0.3292142162626055,0.3273323808060439,0.8461538461538461,0.4307798147843166,10.236270114363927,0.1743994787247813,0.0813651899353883,0.0532256966857027,0.3058398347021931,6,6,3,0.2561786093675959,0.4097120424832914,0.1495132364779532,0.5517385718711639,0,1460.4642721336802,SAVE
1,-0.1989704767062804,111.90666359118362,-0.1923864041453554,0.3744553571732991,0.0457487818004837,0.0796468619051029,0.081664526978394,0.0344831816604663,0.2014002728796954,3,2,5,111.90666359118362,119,1,0.3224802816973645,0.6021733279207857,0.2,0.0768902411932941,16.12588874093897,0.5727087896348136,0.142011742638582,0.0530229161228813,0.355867528058169,0,0,1,0.2394708098679273,0.2218002431509566,0.3660533550262723,0.2236756634416677,0,1306.6411367356282,CREATE_PLAYLIST
3,-0.5065199966731746,21.99920745925594,-0.5387669279385194,0.351499225017124,0.0754197382014827,0.0511885909431151,0.1121103865795536,0.131830642470558,0.1104125582477371,3,2,4,7.333069153085312,104,1,0.27590804652354,0.5946273545796286,0.75,0.2858908605644599,96.0,0.7248234758908717,0.2974563250664793,0.4776797305055584,0.4532122355337657,0,0,0,0.3819312955877688,0.1612007962678918,0.2202951365846588,0.135086957263929,1,776.3960001580356,LEAVE_APP
2,-0.3579440418679231,22.752282037341693,-0.4711045455859509,0.2898675390662472,0.3764976578647629,0.0625597156262495,0.1133061435995215,0.339048714881945,0.2403040548915105,2,2,8,11.376141018670848,765,0,0.1724034330310935,0.623932890291754,0.25,0.5781897221677006,8.526905984666136,0.2493008129645291,0.202490176233289,0.4779499487711927,0.3935875561769767,1,0,0,0.1597075053662845,0.3692125702684919,0.3029958816969459,0.1987445832575473,0,824.6566601568012,SAVE
6,0.0982223581397081,22.455267381366387,-0.0052007891843225,0.0989773836998567,0.1897909464392899,0.2642879833620597,0.1597303856399426,0.2221658567547177,0.579902466630243,15,9,9,3.742544563561065,68,0,0.2358085352429636,0.9121555424027002,0.6666666666666666,0.8432753172096301,8.050191516857403,0.3741158985881197,0.1610584941588634,0.0501821677532394,0.3209234386048187,7,4,4,0.3673374709001061,0.200394111756397,0.1922672630846435,0.8162861213027206,0,1188.717691248489,CREATE_PLAYLIST
3,-0.2894501624050295,23.4289354410534,-0.1994824624872961,0.3674592595598673,0.100528522281639,0.02194165164886,0.1193938661936502,0.1341143019258702,0.301267060792293,6,6,7,7.809645147017799,87,0,0.0416898362285968,0.5743522912745201,0.4285714285714285,0.2432753887292828,7.256860738587202,0.2059785841247236,0.3862046207249537,0.1885145978634042,0.2448684486560237,3,2,2,0.1887941067225298,0.0340548327626342,0.2738262284566789,0.4309172882596839,0,973.7649100047506,PLAY
5,0.0872148520061726,12.306815662577018,0.0390493319741604,0.2297285737469367,0.0231305441413353,0.0918446372938295,0.0833164242370156,0.0707547202660223,0.1107608842425722,10,8,12,2.4613631325154035,44,0,0.2503018758527892,0.705816517576006,0.4166666666666667,0.3342475167080366,8.871775049109427,0.1962133935050653,0.0275599550292289,0.2979599792451635,0.6463241615120878,0,5,2,0.1577956360329487,0.1637505002559287,0.1964827603955,0.3776204546447609,0,1407.1595451712683,CREATE_PLAYLIST
5,-0.3343247730374914,4.8853484461502745,-0.1706164418543606,0.0942914163360586,0.2706993088573977,0.0608727229253366,0.0602013361266162,0.1476200743052617,0.0927638636507959,6,4,5,1.0,23,0,0.2498731232783748,0.82219291280947,1.0,0.419901794645701,24.183628836093817,0.1366709825694662,0.4153822881936142,0.0619864050297941,0.3030514000551005,0,0,0,0.0801210915422108,0.2162360869067713,0.0497778692787608,0.2153698329221565,0,675.5163163109678,SAVE
9,-0.061554964506919,40.05193763602575,0.4591084149199219,0.4451482695014724,0.2823263676931151,0.1246740189476602,0.1264298554339329,0.3228296168309406,0.4996470862436721,13,8,13,4.45021529289175,104,2,0.4590688961737629,0.5110692257031083,0.6923076923076923,0.3846142471598691,12.140827496147754,0.1521986757535061,0.0348208331450898,0.4274607009132571,0.3093840679288332,7,8,3,0.1376427427127015,0.0682288381929537,0.2658753771667469,0.700787191590178,0,1596.4155825180617,SAVE
4,0.05158027640278,29.938448860710984,-0.3498062584376524,0.2342016304898319,0.268598444312926,0.0206700147912001,0.0320061265670493,0.3079333041828231,0.2937015654825491,3,2,10,7.484612215177746,122,1,0.1338344962501647,0.7506202524935579,0.4,0.305470713060099,3.2478557004827726,0.2757125894224995,0.4152905769542873,0.354235302915836,0.4487292550448953,2,1,0,0.1588631305446586,0.2753509297012581,0.2027025308821198,0.275210225706376,0,1176.2037853366978,SAVE
5,-0.3451574719451443,10.763647499862971,0.5187883689634372,0.3093841942300962,0.2182879512625296,0.0343082713359875,0.1170800480121423,0.2684454471619239,0.2963871900071448,8,5,9,2.1527294999725943,22,0,0.1828150471828747,0.6390882781463113,0.5555555555555556,0.0912593271415731,6.343701502770272,0.0756653145694889,0.1578005739146634,0.3109678585130805,0.5529224033981471,3,0,1,0.1126027865832876,0.1584262549455516,0.38053801285071,0.370935560197086,0,931.948426406192,PLAY
11,0.0444952051632775,29.59031755584271,0.1427183968401509,0.319309619991717,0.2668684174040922,0.0274375694133997,0.0505880583514944,0.1272776295609557,0.3673469655182247,9,5,12,2.6900288687129734,69,1,0.4522713208206412,0.6828390643665989,0.9166666666666666,0.2716141291445978,6.181679394856895,0.2417814601581828,0.2685459119590275,0.1847101019813276,0.2425714436942079,3,3,4,0.2900916207198438,0.3839773014505906,0.0753392924340112,0.4625584884022619,0,1207.4366746210355,SAVE
6,-0.0191670436606627,11.902442235154592,-0.1082433273589782,0.2099221803867636,0.310178694318597,0.0447007766860777,0.2020840688057349,0.1521253956713621,0.4426651055636004,4,3,7,1.9837403725257647,39,0,0.1455637881410607,0.8054623249909518,0.8571428571428571,0.6000160950156352,12.852049035126845,0.2715209561458327,0.2566371106892325,0.4505269906188932,0.1682258149550203,0,3,6,0.2075556861916165,0.607701723003704,0.299177039573458,0.3253035363261423,0,734.9652449376055,SAVE
2,-0.3569041515812785,42.95007731708518,-0.400946565392337,0.3042983495019007,0.1681780447791381,0.0615782057410804,0.0658737895059052,0.1317069437373575,0.1977312018247803,1,3,6,21.47503865854259,212,1,0.3810899498069914,0.6663602422429017,0.3333333333333333,0.2639834230340561,21.201261608257543,0.3466978328377768,0.520181698010795,0.2365874717310269,0.429430623880258,0,0,0,0.3688681103494636,0.2757306162825297,0.2136929280853139,0.1717988644021697,0,871.5176659383272,SHARE
4,-0.1895635867872099,8.89684793630158,0.0857169391734115,0.2555317357621653,0.1097128870938139,0.1365302941142044,0.0386764049869801,0.2159064363684813,0.1673808317879498,4,3,7,2.224211984075395,292,0,0.1953767312895807,0.6767469349508647,0.5714285714285714,0.4698231350167398,10.83064484779194,0.5681044720238372,0.0496239771647619,0.1300269259537607,0.219330239510976,2,0,0,0.4892349607772727,0.5142353983244626,0.2779554146532348,0.1908143566797366,0,670.5023528662622,SHARE
4,-0.1932637637678169,37.63388936982072,-0.0147569992711127,0.1976350421309686,0.0794408916053217,0.0552293916471081,0.0789711717906457,0.2343356577720852,0.155659075641643,6,3,12,9.40847234245518,71,0,0.1372070616126059,0.7161593716018239,0.3333333333333333,0.3189795647911408,11.265935468494837,0.2017523415958861,0.2687263035992415,0.4525689311619433,0.2879893606766484,1,2,2,0.0731052464941394,0.3665545437105085,0.0778209347440122,0.243839167289886,0,1089.1984627538525,SHARE
1,-0.3777863614700054,57.64605868714779,-0.3909877744318391,0.2393783056322171,0.2475096806745708,0.1494921792619175,0.0260277183030744,0.0709967532353175,0.0616308251315583,5,2,5,57.64605868714779,147,0,0.4489301713056021,0.6865364442777369,0.2,0.5374531077185265,19.94190746372897,0.5248964874284204,0.4956096091479257,0.417660996534041,0.3170879710863978,1,0,3,0.172748970776022,0.4766280221987732,0.4659632733904357,0.1883644556281928,0,992.2888168270186,SAVE
1,-0.4585363279724678,13.649507272400411,-0.5662927189423325,0.3841950964508213,0.0366706028367471,0.1258844343140853,0.041162516955822,0.3144422806642038,0.2111894774358696,3,2,3,13.649507272400411,399,1,0.3507416537132624,0.5612434033522437,0.3333333333333333,0.148474340760665,20.327676628728568,0.4552720979361419,0.1664595873049305,0.3332066879094909,0.2060956710262927,0,0,0,0.4086922312134988,0.3355029821540877,0.5502606423822369,0.2889014554366902,0,470.8215347232805,SHARE
1,-0.4946366350995231,20.89487586838449,-0.6686648694707178,0.2068482639983485,0.1220442090860258,0.0043837653637135,0.098626782214004,0.1418499101247299,0.1261325465508667,1,3,1,20.89487586838449,31,1,0.1414672176661671,0.732150542468622,1.0,0.5002649869611607,15.483478724124836,0.4131750122659524,0.4411165191009841,0.4450046102942328,0.4255466877030534,0,0,0,0.2988051252126613,0.5000059583287335,0.4224169544678899,0.0809165459010672,0,518.0996706027826,PLAY
5,-0.0742046001832302,62.42948656803056,0.0015104352207669,0.3315717582910034,0.0563674036116132,0.0973427506848737,0.007067971673434,0.2711916593894107,0.533882877876481,5,2,9,12.485897313606111,226,1,0.0482269639003986,0.5997430091308844,0.5555555555555556,0.6489162761082594,21.39492643862536,0.5062545406206284,0.1207614215072166,0.5131173045481038,0.5935559708738474,1,0,1,0.164727631633728,0.1452427691730917,0.5553771642227626,0.4779477588381055,0,1392.6953049695549,SKIP
7,-0.0733678481190044,46.65607604493416,0.1624206496244181,0.0869010332936079,0.0896241790112844,0.0937865327970168,0.1003162877891342,0.0991996068169539,0.1901644184812736,2,3,11,6.66515372070488,73,0,0.3472205698213025,0.8288980750429514,0.6363636363636364,0.3100421395437167,6.282416923527822,0.692692879221835,0.3812876971069143,0.438205575495846,0.2277408978072981,1,0,2,0.1263746420900632,0.1168967762782681,0.199169828573694,0.2173301016178756,0,977.2977612816496,CREATE_PLAYLIST
3,0.0094045846976483,19.41981523655513,-0.1302983634148742,0.3905689441016168,0.0477056635126911,0.0710528123800046,0.0934381863639474,0.073782728140574,0.3074508589963871,5,2,11,6.473271745518377,89,0,0.2322810290872429,0.5287235929068392,0.2727272727272727,0.5872412452235949,31.931720490367148,0.2802879985460371,0.3292450047088309,0.4167160183745745,0.4005257450917177,0,2,1,0.1241236123589419,0.1318367661217282,0.2017392710447871,0.3806016219883538,0,1052.401093316973,SEARCH
2,-0.1966658661477829,92.32579999328796,-0.3444349549372267,0.3931563890340134,0.092649348471155,0.0582755300434315,0.1929682381035209,0.252444778809628,0.1865132838757506,3,4,8,46.16289999664398,103,1,0.2671232953639209,0.6362670772220272,0.25,0.4097790924160615,24.43911576883697,0.4142734595430521,0.4941427543054049,0.4218484616572885,0.4111304119767358,0,0,1,0.0889630813915201,0.4098616030020995,0.6276346703036931,0.2348975951524766,0,1320.2524390669396,CREATE_PLAYLIST
4,-0.1928942628630687,40.06284507848893,-0.3400455809218744,0.0699867921580969,0.4142763824018891,0.1095964383360313,0.130774832420462,0.1827373487320363,0.3809784463632396,2,4,9,10.015711269622232,8,0,0.2590412907285794,0.8574858336872128,0.4444444444444444,0.7563440730996517,11.430007337621102,0.2326628989366802,0.3985160660588713,0.1578481164033109,0.2286461394660792,0,0,0,0.2170975906892557,0.0984513195697859,0.0909189919283186,0.3017535676310495,0,1098.7991766240957,SAVE
3,-0.0589829274631984,48.99731943992095,-0.4511038677849651,0.0927303034926681,0.1963604064628163,0.0193724973777825,0.2973356762156462,0.0426357356003632,0.30388797086837,2,3,7,16.332439813306983,28,1,0.2232315825725671,0.8188990905820148,0.4285714285714285,0.7154992759942967,6.753120466702084,0.4404989623291865,0.2207432050567951,0.1870712567768051,0.5025395375376257,1,0,2,0.0650327495426151,0.2627355779984855,0.3197103860889412,0.2974423801154351,0,911.9612388328252,CREATE_PLAYLIST
1,-0.4663516852529009,9.039142458144436,-0.2944960170297414,0.3102676385192864,0.1627246481563752,0.3394036001389772,0.0463000100900871,0.2131632467097049,0.1777620484427911,1,1,3,9.039142458144436,129,1,0.0398968005034663,0.6620988391256076,0.3333333333333333,0.5474200181047169,22.722086685105182,0.4763525195442792,0.5417235442826543,0.3609861381625391,0.5596359990911476,0,0,0,0.0379279581213583,0.2476018590875428,0.341261559155103,0.1962242897079551,0,632.6912673748102,SHARE
9,0.0545668210090292,95.61454810950816,-0.2494321593080738,0.1213745653150629,0.195496523358149,0.055579799213104,0.1063753928708168,0.2126405816762986,0.351353009653629,4,8,11,10.62383867883424,33,0,0.1356988226337085,0.8364568729608132,0.8181818181818182,0.5027527153793122,6.889124398598229,0.3437000356367087,0.341569613602136,0.295746708055335,0.041829612215197,3,4,0,0.4060650762524991,0.1003771991828351,0.3697542307321024,0.5331814601765227,0,1541.8510189631652,CREATE_PLAYLIST
6,0.0781320380051285,44.16960601382024,-0.5455171559051132,0.4888945557254043,0.1150863695777996,0.1211558493995315,0.175646480480781,0.1864378000810223,0.2076171356377122,5,5,10,7.361601002303374,56,1,0.1238132320017057,0.4871928917776437,0.6,0.5070492633056608,12.428979782874867,0.6687044670834772,0.1099390663578023,0.0594436643763166,0.2543711204691725,2,5,1,0.13349967727026,0.3607285850461954,0.1369689224076174,0.2924721955450129,0,1278.0277688267988,CREATE_PLAYLIST
10,0.0071473074464756,7.552361015422311,0.0787397272400246,0.2743547034454,0.1921406036418194,0.0357004514298499,0.0585178700861743,0.4758756121451827,0.2257598904703532,9,2,11,1.0,246,0,0.1732347375626412,0.6912907488381115,0.9090909090909092,0.5699174937077891,23.85549247746012,0.165104492412752,0.3423081457478191,0.4925842489265362,0.3450447645080873,3,2,3,0.1177385445110215,0.2804262308482257,0.1851933233109746,0.323729613270782,0,1045.1889524472626,CREATE_PLAYLIST
9,0.0811286059540909,115.3374074502648,-0.1368715000042661,0.3038131440059337,0.2152259732571799,0.0299941862866213,0.1405053013735471,0.1503893504095883,0.2940257635320612,2,1,13,12.815267494473868,22,0,0.2400387667049739,0.6756067872445279,0.6923076923076923,0.3652725136161221,4.950236337795041,0.3840397217945029,0.4771783357787837,0.5442170628183998,0.4727547242301469,1,1,1,0.1560922851298388,0.01,0.0912425571509633,0.2854068682738745,0,1827.9595745493932,PLAY
1,-0.5745078912445254,3.6105696007128736,-0.5270749563709675,0.2756266341029824,0.0707651059036044,0.0016614243172372,0.2611338555954399,0.4430415257349503,0.2145341028849806,1,2,1,3.6105696007128736,103,0,0.4122790386919063,0.6752643420937442,1.0,0.2958437274745212,38.07548065260109,0.6776803974876037,0.5478156668252817,0.0499272818268692,0.5039179897065318,0,0,0,0.2028098785604319,0.6270223762552688,0.3125099803515084,0.197166165148923,1,489.0028573440082,CREATE_PLAYLIST
8,0.2479261748721294,58.54528215449419,-0.0615238818418577,0.4042166765657176,0.2011374340746325,0.1501847139528941,0.129781163093715,0.2513412222400917,0.7714755272547729,13,10,14,7.318160269311773,433,0,0.168472929137193,0.586598207059328,0.5714285714285714,0.6298452949222729,11.183891888013235,0.1368567465810918,0.1869213079288902,0.105804561142317,0.4683680818298698,3,7,6,0.3363921909392727,0.5465290610175607,0.2611077565582222,0.9160770772876754,0,1833.5577710414584,CREATE_PLAYLIST
11,0.0995236262827978,14.22754312486225,0.3197087214837818,0.2819576443781701,0.2152865923582224,0.2088513565802905,0.1497708798714339,0.1409110924418737,0.3373932128905241,12,11,13,1.2934130113511135,131,0,0.0421311611197295,0.6941152629470566,0.8461538461538461,0.3607237613032024,9.421480476016235,0.0593319972234285,0.1022688370538054,0.2130150668387033,0.5527591052071507,4,9,6,0.1812977571876345,0.6596224132441035,0.3262259340784318,0.6468462963565916,0,1597.7198343275184,SKIP
3,0.0020247645991569,66.29914935039528,0.0729624019893554,0.1536363955896664,0.2577691952177351,0.07021908167048,0.0974994679030309,0.2835754098666235,0.2713241708634655,3,3,12,22.09971645013176,186,1,0.0800825996711537,0.8025120753911833,0.25,0.2577825027483477,3.2636649452059454,0.4878932027772977,0.4689115921831315,0.2886784191826428,0.3358854459699463,0,3,1,0.3304550046617711,0.3532844090092181,0.3014918744247556,0.3069165639684033,0,1341.678966919191,SAVE
12,-0.0214049412098244,20.91555029699433,0.1051962580236603,0.2336712653428759,0.3215890552000821,0.1003010180952428,0.125886532956634,0.1932377860662074,0.3262688301533334,9,5,14,1.7429625247495275,124,1,0.3255909260184888,0.7407603641358006,0.8571428571428571,0.4534874956709869,15.35534884188537,0.2962790003924569,0.2712103429188189,0.0255342293498243,0.3230091246397346,9,7,3,0.3158593582740917,0.7034307623741776,0.3193433186230365,0.439773968416491,0,1496.915148228445,SAVE
5,-0.2837151327602942,17.200412444660415,-0.4677275095439933,0.1376487718333819,0.4131754125657049,0.0246263125037607,0.1264569092098197,0.1325724270416482,0.5245545942600583,4,4,8,3.440082488932083,12,1,0.2082144601571994,0.7888652128461736,0.625,0.6556450889214119,9.112822812110023,0.1063155214521029,0.3707353133475603,0.5607306568255457,0.6056366519777222,4,0,1,0.1522900253863828,0.1280885570461291,0.0835579947605753,0.4271074827485694,0,935.7792997036426,SAVE
9,0.1600814016958641,17.54482321524762,0.4537780462949152,0.1712509636378737,0.0556464846951802,0.0155532995262381,0.0610284944906944,0.0918064649334016,0.3176927869425271,10,8,11,1.94942480169418,543,0,0.0851500600201985,0.8244034234960108,0.8181818181818182,0.2423332351330922,18.418291890384783,0.5353039872824391,0.36672305535518,0.4310112278360956,0.4735568931489456,5,1,7,0.1477602977625209,0.1655369504093162,0.1131074293148604,0.5404732115937416,0,1281.216358488232,PLAY
9,-0.0893026112946035,23.53311063792652,-0.2325970779639576,0.3683798011821685,0.1329455758766497,0.3187430174100357,0.1445324057336796,0.0570324427130727,0.3272595340698404,13,1,12,2.614790070880724,149,0,0.1263149010615597,0.6282782481782984,0.75,0.4939563694801366,7.778269127670816,0.1744783849436322,0.0160639344966578,0.2863476270346147,0.2346718087372941,4,2,3,0.2959416210828399,0.1982999821329699,0.3940169594339091,0.3906239374019444,0,1198.5303551236898,SHARE
2,0.0938700591337806,74.35318662837393,-0.0396805566584168,0.4125057241661887,0.2931338842196173,0.0301859532421735,0.0476462040654008,0.2582009295210069,0.2441334948791619,8,4,7,37.17659331418697,557,0,0.1830268930591122,0.5308014266296731,0.2857142857142857,0.377658471103918,15.887223974486073,0.3365803104608759,0.4371505874050085,0.2264065782683501,0.2935243553847099,1,4,2,0.3524631640912981,0.1663521387819781,0.0647234869953734,0.3656566464539483,0,1346.514556323884,SAVE
7,0.0413663948398058,24.336246291258213,-0.406329314997816,0.6401250295309288,0.2756930074379064,0.0368365936494474,0.2021825982960546,0.261033468760894,0.6239124697399846,3,4,7,3.476606613036888,141,0,0.1391218738864573,0.2998182760459636,1.0,0.1489003018724884,8.027918507095741,0.4469830445825983,0.3543238671249414,0.3226253403833878,0.3211135974290363,1,1,1,0.1168869844825695,0.1066567891776687,0.1325936251244474,0.4843673731155559,0,866.2763877246501,SAVE
2,-0.4075967667058557,17.60481712961367,-0.3735989913808476,0.3854021043591111,0.2178121394220866,0.0428417084872427,0.0615825302186194,0.2288689033529624,0.5801836193541374,1,2,5,8.802408564806836,22,0,0.3365849727168674,0.5448970350915501,0.4,0.4181391357615964,13.217810533620122,0.6043539492170803,0.4050029026169564,0.1911346657145939,0.2494205129626867,0,0,0,0.0845444495712465,0.3394626444167665,0.4095359981629877,0.34252668419972,0,545.8912863975318,SKIP
13,0.3478133328991376,26.01071074013811,-0.0510773675581988,0.1217022167055226,0.422881321966462,0.0474822571389015,0.1157031365889802,0.2733706034001207,0.3671974833558677,14,7,12,2.000823903087547,165,1,0.063170625744707,0.8464011170662522,1.0833333333333333,0.3300898297304891,9.316984294296706,0.5227055699678165,0.1488554082252456,0.4698682291380658,0.270528174779428,2,5,5,0.3229509125585458,0.2283120017465071,0.4618120660723536,0.680193892136717,0,1367.957539245194,SAVE
1,0.1442343347536334,31.596825216869163,-0.1299820526964433,0.1891408755908356,0.0099035528245885,0.1465151792797991,0.0775625137892735,0.2895311340800754,0.1882274104826652,3,1,11,31.596825216869163,93,0,0.2812543102777489,0.7611770839220154,0.0909090909090909,0.2735047236172837,19.27672518553404,0.4056454765517527,0.2175107848426064,0.3811850912847623,0.5667115497401901,1,1,0,0.2273152645059397,0.1990022000970154,0.3026572001003249,0.1742195441367518,0,1082.7566130146056,SHARE
10,-0.0849395637847703,30.517708241424373,-0.3683656835265397,0.0498873782312202,0.3757938722357291,0.1808648264520131,0.0828705180597329,0.3110612829377315,0.323528098558651,11,10,11,3.0517708241424373,75,0,0.1365158755930526,0.8898476681123846,0.9090909090909092,0.2667806151603428,8.345473166271303,0.4226893900968015,0.4426215434723967,0.1306581611031441,0.5497729543128228,13,3,3,0.5990451296536209,0.5350748877657241,0.4149965155850568,0.5816297090589642,0,1436.6455387676826,SAVE
12,-0.2280737433416332,41.162740183203695,-0.2193900974866521,0.5086092952277933,0.1597962227928588,0.0533221175074763,0.1027429725332553,0.1797077200416517,0.5688942769307892,5,9,8,3.430228348600308,94,1,0.0219679940418935,0.3702810173957702,1.5,0.587746151175885,3.387779352533764,0.4944713733459664,0.5458398523764358,0.2500438445148981,0.2395783636295199,1,1,2,0.1497072313900791,0.1606428762354295,0.4743701882381992,0.538138718642657,0,960.9497732711998,LEAVE_APP
5,-0.1515308464386764,46.33205694029533,-0.0993741783034708,0.2174198642505207,0.1535109900601166,0.0730944827870411,0.1915744087389664,0.2348685003131007,0.2756437104680931,7,7,9,9.266411388059066,119,1,0.4665055608604836,0.7166227137510525,0.5555555555555556,0.4678681932092213,16.348263257199186,0.5028934507099291,0.1314678203849488,0.1372714174378714,0.2841104854691375,2,4,3,0.0460390847087257,0.0457363146664463,0.180971107383807,0.5455488334154796,0,1286.1510997196278,CREATE_PLAYLIST
8,-0.0215850288809733,52.69081991739999,0.1819393764391366,0.2702641666482344,0.3352282225564645,0.0778749353298748,0.0806692499921697,0.1917490629194666,0.5865879104951842,6,6,11,6.586352489674999,74,1,0.0813545829833728,0.6901315271987215,0.7272727272727273,0.2804526778186441,11.366739681486813,0.164854961840883,0.1249718079757418,0.1035369293740315,0.043879613226142,0,1,1,0.0614678253673945,0.1987961926991309,0.0932666644914443,0.6037585527369904,0,991.0175382238326,SAVE
7,-0.0190420520976334,18.51153759563173,0.2520672198152077,0.2814938043096686,0.2394537851486793,0.0835503244156306,0.1410685924009524,0.1397215865599128,0.6210982001139665,4,6,9,2.644505370804532,58,1,0.3268674656457361,0.6908470718565712,0.7777777777777778,0.1308173297037458,9.045772291610248,0.6458245858810866,0.5389328082790078,0.4678484175780827,0.1427538485923689,2,3,2,0.2076322398392597,0.0964097873459999,0.2038456038834611,0.6105704189499809,0,841.701859018035,SAVE
11,0.1382832593830576,36.29603819559546,0.0449759827887036,0.4343942010918824,0.1742211384039125,0.2411090303164511,0.2178024094768355,0.3576932383202751,0.1249693954075441,14,3,12,3.2996398359632235,78,1,0.1473852579108203,0.5299259556569422,0.9166666666666666,0.5343277043043423,43.92063853408549,0.1102354250338737,0.3027969147232491,0.1847315308215835,0.438137239516479,3,1,5,0.1559786834067834,0.3699993602991843,0.2186884856234196,0.3921831398444408,0,1344.3130400662344,CREATE_PLAYLIST
8,0.2555480406287178,15.82984204026735,0.0106225808746403,0.0572621535578091,0.2182398825231592,0.1065473026202623,0.3452305821938852,0.0695774706513392,0.0689183372915851,2,4,8,1.9787302550334187,50,0,0.0645629572112635,0.8641573179115293,1.0,0.3588777897717183,10.33057572685762,0.5504526281825579,0.2486665838750404,0.2059912339882331,0.2670398314300998,1,0,2,0.1308802528935329,0.0965027421936609,0.3435122413934439,0.1630450231867196,0,812.734324788337,CREATE_PLAYLIST
3,-0.4221431173716965,9.55345990103201,-0.1605441689599309,0.3717056966696039,0.2265640820277483,0.0225828182912241,0.0408545200411002,0.2585416801898971,0.4353106365041548,2,2,1,3.1844866336773365,114,0,0.1421816734046313,0.5827247533470449,3.0,0.3053357081484316,12.976655435026384,0.3956688914890581,0.1654924078130187,0.2384930308836309,0.1303813078764122,0,0,0,0.2005546811911114,0.5009241152970062,0.3135219285684977,0.294680208316886,0,247.7897546253895,SAVE
14,0.0937221042954383,80.76578599718161,0.289077293904052,0.52063088927894,0.3835069225680448,0.1310708972551086,0.2140791916741101,0.5279071339021794,0.4456233620721926,14,6,11,5.768984714084401,45,0,0.0332825786486601,0.4129459231765471,1.2727272727272727,0.555267296396478,13.112988534427528,0.1616096331624787,0.4897024611644552,0.3550745463002526,0.5009363104050852,3,8,3,0.2928843418174484,0.4477004054940095,0.3676047767586285,0.6430036872882413,0,1990.836130465843,SAVE
4,-0.2175974068902837,55.173251788458494,-0.3405021699643619,0.0334133334443704,0.1172993496475895,0.0168488320538194,0.0560985625599594,0.1110442630607999,0.1235699208114477,2,4,10,13.793312947114623,1274,0,0.1306101268492773,0.9362155792094352,0.4,0.2793872409060756,8.78480630793134,0.4728204828846387,0.1101137654438358,0.4831681459769504,0.3070113962503812,0,0,0,0.3840151499294805,0.1363674489613685,0.2186612080854469,0.1851815571070034,0,1102.0659520305935,PLAY
6,-0.1419325744818092,42.86601328257111,-0.4329989287553353,0.3949363989427327,0.2677982350733198,0.0718667117562002,0.2499405095562826,0.1293728852540903,0.0884351836257396,1,5,7,7.144335547095185,445,1,0.2036056281285336,0.5604299214157897,0.8571428571428571,0.7067955530330418,9.670907689212292,0.6688624159518503,0.4082874933056845,0.3376227836688646,0.2129702137308093,0,0,1,0.255365288599311,0.3393389501599173,0.2022073678140844,0.2273495200422943,0,937.195531829468,SAVE
5,-0.3213209314783723,35.52145455498246,-0.3628426376914536,0.4635341746292351,0.1018405167696525,0.1465961819941577,0.0568449664561368,0.0708334098191062,0.3931770780301032,1,3,2,7.104290910996492,194,0,0.1000223643538975,0.5148139869010697,2.5,0.1305575100865005,29.711748416151003,0.4458548791338523,0.4969722776545472,0.0453616133505129,0.2227051780774374,0,0,0,0.2471806392788325,0.6687696533344362,0.530330627087344,0.2453754097054399,0,530.7281748657031,SKIP
8,0.3247748440093841,14.776965629131102,0.0929029404416339,0.6783692296521566,0.1926020259051254,0.0440693167635477,0.1790649931202493,0.1682750552867174,0.4804104088830118,6,5,13,1.847120703641388,286,0,0.1627046971699947,0.2542955750637836,0.6153846153846154,0.4175417554081604,7.949410442847375,0.1154966954172422,0.1509049595439608,0.4542266615652739,0.2470344180924976,4,1,1,0.0555347355064081,0.5213600413985858,0.343953703963135,0.4478962176691805,0,941.0251892863988,SKIP
7,0.0359869361659849,44.87796484200417,0.2045944572638371,0.4392854362080731,0.0686973887225654,0.0709174607540417,0.1206998491429151,0.4597417848264195,0.4988154739138756,14,4,14,6.411137834572024,389,0,0.2199147254973668,0.4781845690161088,0.5,0.2631175486108862,15.853659588696496,0.4393259718292973,0.3147465908045084,0.0819294990913572,0.3733246298217385,6,5,3,0.2852931417179011,0.2875200918531551,0.179314522339946,0.6130374030846293,0,1588.093085253479,CREATE_PLAYLIST
6,-0.0829752922702268,18.90813376099472,-0.0369317649204856,0.1752777993267814,0.162392266448918,0.0868525035275315,0.1741133097727661,0.5385468925075367,0.1647268693436325,4,4,14,3.1513556268324527,627,0,0.1526096964804306,0.7778661029865613,0.4285714285714285,0.0400527820184411,9.7253223634398,0.7216638232439914,0.2302150040148783,0.194915759109285,0.1193213591837135,0,0,0,0.1127486739652194,0.026424651387559,0.1000319890312492,0.2792639391894324,0,1064.589898050975,CREATE_PLAYLIST
7,-0.1237779558814361,60.35387456554847,0.0413457201197601,0.4004203360573723,0.0949758587592432,0.293437378589241,0.0952277439194945,0.2850740432488992,0.1350347874936771,7,7,8,8.62198208079264,381,0,0.2514259125650878,0.5797690261014027,0.875,0.3093513650883956,10.552416609135625,0.2392216315176933,0.2036211684173878,0.1985407365986103,0.258948782650482,0,1,1,0.2066684340064757,0.3056732112381726,0.3003121254458321,0.3952048927184936,0,1059.705756627047,SHARE
2,-0.2480919820023958,35.452053012938045,-0.230552474168376,0.2206618874299315,0.0561359776047967,0.1266917013337913,0.0278335636875607,0.2705230670350431,0.5738784069546267,3,5,6,17.726026506469022,68,1,0.4470762789568092,0.697461670331662,0.3333333333333333,0.517967296582024,8.801149050466696,0.2176309137355568,0.4270811726293907,0.2996351849436744,0.3527683008634786,4,0,1,0.0794622553888176,0.1123274852570793,0.0668154961834167,0.5416535439197282,0,837.4195536241696,SHARE
5,-0.0077986753969165,114.1930784679359,-0.2940931582581014,0.4005579455309159,0.1061690467296679,0.0575028373608327,0.1806131593106937,0.0194851180496009,0.3877151750645539,4,7,12,22.83861569358718,21,0,0.4073493180180904,0.5965494761954135,0.4166666666666667,0.6278375073554611,13.58362288546284,0.4783192007456758,0.2330488855454851,0.0858330684065259,0.7267991615637125,2,2,2,0.1243843735354724,0.1671503158151873,0.0677118448637788,0.4631456591594071,0,1882.756494697285,CREATE_PLAYLIST
1,-0.0758581322294625,38.0410918778526,-0.1580036833417835,0.2566240293375679,0.2160994445368985,0.0166832620810442,0.0975436846401827,0.1446798965021451,0.2547034971486469,9,2,11,38.0410918778526,148,0,0.1025441434896092,0.748789306887419,0.0909090909090909,0.3606656480476777,8.132770878172416,0.5462795417028607,0.3990773551050076,0.1656881287800584,0.3747098691265633,1,1,0,0.1417722237180033,0.1298708505023112,0.3465398429676513,0.3480871245609072,0,1176.2403320360888,PLAY
5,0.0319837032831446,61.59952633692842,-0.0266768249777352,0.237109123132455,0.1156737955865539,0.0224334098583264,0.0426185655362267,0.2640290496217113,0.3722178309905292,3,3,10,12.319905267385684,454,1,0.2872488370112263,0.7108220758545868,0.5,0.2335552015926693,7.763649962571081,0.1183884291330267,0.2388718937594392,0.1111445610124017,0.6728671817826104,1,2,0,0.4625160136906464,0.0623727478027405,0.4511825160860078,0.3531261935882983,0,1423.698634276348,LEAVE_APP
3,-0.1628519918479961,17.404666427354158,-0.1451869018819839,0.2926292973145817,0.2349353775296703,0.0240410597453161,0.0545012404039041,0.172136013474607,0.1609284697876471,4,4,3,5.80155547578472,33,0,0.1889400163413737,0.6193544865019207,1.0,0.3142106805321517,8.063236246676995,0.3944863923460925,0.3085877445616274,0.1601153813885092,0.3074250116523634,0,0,0,0.0770348369003845,0.228268123501885,0.1070343998969767,0.32738900762332,0,656.2523932571581,SAVE
5,-0.1990543699370694,22.205089287544148,0.0139976031041336,0.3568816181065384,0.2075690689818986,0.0118837050865159,0.0836792057006814,0.2650526110054206,0.1681138275338983,5,4,8,4.44101785750883,20,2,0.2186542745416452,0.5021326142883732,0.625,0.662878404991577,12.089512978443429,0.2183007259003219,0.6288821303019358,0.3458672115745036,0.3039941540679373,0,3,2,0.0603031240861336,0.2924337092237352,0.0581824082135589,0.2228053664293904,0,1140.0546789276846,PLAY
9,-0.2212499104176808,44.16699203910149,0.3606300449902657,0.3895085074744653,0.0751326714517396,0.0323776523470572,0.1665774608553002,0.4096186547252146,0.1818275272625121,6,7,7,4.907443559900165,29,0,0.1358644064328056,0.5243269100126492,1.2857142857142858,0.3870200050050359,5.888957432331044,0.1416270317385653,0.0854132542768389,0.0586218986018234,0.1998410126166686,3,2,3,0.1050101421851761,0.0668199585548862,0.1442866058994615,0.3580416385966468,0,963.4133534816236,CREATE_PLAYLIST
3,-0.3310632368422559,26.55377248595784,0.166154788242919,0.2251741635050238,0.0836006671829573,0.1453545149717966,0.0908781761028023,0.2511449765118282,0.2818435889827085,4,3,7,8.85125749531928,122,0,0.5808897788709965,0.701516242333279,0.4285714285714285,0.3634504107812996,16.3175813704335,0.1727517088186236,0.0785471158563299,0.3447169683168221,0.1985530250255223,0,0,0,0.2566568573757511,0.1031125365455173,0.5660794628975626,0.27171438496271,0,737.1792646397953,SHARE
9,-0.1088915355166665,64.91394954735884,0.1086290782190974,0.2637406262424969,0.2226449463955784,0.1070849354929504,0.0867107908802284,0.0694938924520267,0.199800264048916,8,3,14,7.212661060817648,26,0,0.1026829809553248,0.6907765602302491,0.6428571428571429,0.5774547881451192,34.7222397369126,0.1909871684574693,0.01,0.3906590473488243,0.263329760381404,3,1,8,0.063624457294683,0.2097029153841547,0.1292829327522766,0.2699156564867874,0,1467.337256845599,SAVE
4,-0.3957036713144332,6.122334659901997,-0.3800170608504009,0.207158740796672,0.0631970969955614,0.0331418922426797,0.1459016822230731,0.4202172785180327,0.4897596507617813,5,3,5,1.5305836649754994,44,0,0.1956298244800361,0.7314508579651902,0.8,0.5337163051516929,12.939045885842445,0.1307450287433841,0.040049304460912,0.2463830588434086,0.3512766783225977,0,0,0,0.0502421148964732,0.5950679006020525,0.3774808932085663,0.4191403350326855,0,651.0296829196778,PLAY
8,-0.365696460227103,73.03782277598899,0.1937801645194673,0.218647580026331,0.4705586360001331,0.100529079487568,0.1127787597283328,0.1542243394317722,0.5226181494327039,7,8,11,9.129727846998623,1027,1,0.153613085262723,0.7444088959041987,0.7272727272727273,0.1221205840832589,9.16176057250037,0.559979942055191,0.0952148900714894,0.2162076559693029,0.3235556913022359,5,3,6,0.1718098302053235,0.1548452637292698,0.4760700911020812,0.5092971543007924,0,1524.0194871557633,SAVE
1,-0.2816352458752347,72.55815503057889,0.0166061580380662,0.3281940856811055,0.2157911268584673,0.1250535627827298,0.157074392199157,0.177953751762235,0.2249415159171336,3,2,6,72.55815503057889,372,0,0.4517220745787994,0.6287712034368733,0.1666666666666666,0.2352582881825911,14.87433938955968,0.5585530426378822,0.153375228576204,0.1665632361617874,0.2575205225639116,1,0,1,0.1988100008740438,0.3816220425374823,0.4245588242145641,0.2269206657277571,0,1123.1678966174638,SHARE
10,-0.0718699823628733,36.40990920683437,0.3239529292110198,0.4492009614425385,0.1919467237557938,0.1723012439434793,0.2677029729205842,0.2309113269677849,0.5099909401630506,20,7,14,3.640990920683437,284,0,0.2269365864536473,0.5417353326871145,0.7142857142857143,0.5943617937846369,4.519199788486136,0.5048698151040829,0.2911135342286211,0.6244975786206901,0.4869690773550857,6,4,3,0.4715687466511555,0.3372844726368358,0.3897154693602075,0.7853951431453519,0,1635.474419702211,CREATE_PLAYLIST
14,0.1082283087273453,38.467994207339125,-0.0890630444290412,0.2107834758438732,0.2297414908998564,0.0280355182894432,0.1032837289087106,0.1217620749152308,0.25731599062993,6,2,10,2.7477138719527945,41,0,0.1745977824013295,0.7198964347758271,1.4,0.3181509983324858,12.664624280594944,0.5045425918794703,0.2893784209700392,0.2889196596018201,0.458384188816254,1,1,2,0.2436822383903172,0.1812213757853122,0.4309432866868335,0.3860291797578584,0,1135.1135735683,SAVE
9,-0.3546239347417543,61.147568173720586,-0.1829593942244074,0.2416468219503171,0.0092322315430519,0.0126644467705775,0.0770575656673137,0.1746231562085249,0.4352982505711925,9,5,9,6.79417424152451,16,0,0.0700380611925675,0.6884485202688706,1.0,0.0983709928934153,14.321884399131902,0.2829744281524464,0.0932449216553744,0.1887566277302658,0.3766761467127922,0,2,0,0.146367777917281,0.2232951153591907,0.1458491550748608,0.4880925725137761,0,1285.9264742180856,PLAY
8,-0.4655822707588655,8.529333458156268,-0.4292487057830851,0.2003839095047509,0.1920445726511499,0.0122597540331903,0.0404940298492031,0.3110074688506794,0.0582289833690933,3,3,8,1.0661666822695337,320,1,0.110393360400277,0.7636438454941425,1.0,0.1749888724796389,17.47088389177241,0.499094189836593,0.3595476458388124,0.2904147197234311,0.4972229410939137,2,0,4,0.1508298244835894,0.0389786982632929,0.2971130447016911,0.1683750739606567,0,768.9147613814669,PLAY
1,-0.5027554845300688,12.667820911847448,-0.1922364135639849,0.1614312281084435,0.0256838555657356,0.1765725859654262,0.136285571736967,0.0246621618996268,0.2977161233346036,1,2,8,12.667820911847448,332,0,0.1806045055022996,0.8448133248783951,0.125,0.5279038778275879,10.123301970210449,0.5057262714298365,0.3565943442424814,0.2764963674911739,0.3146000274130171,2,0,2,0.0975624584242864,0.4213718780644475,0.1891868727897627,0.2957902871442599,0,628.4541410713032,SHARE
1,-0.1932537417984188,10.449802533212535,-0.2158450748214159,0.4433108147844988,0.1230773143267855,0.15087338146591,0.0636506370936458,0.2065737368415418,0.3311564038577852,2,3,3,10.449802533212535,66,1,0.1094797730676689,0.4492669555408833,0.3333333333333333,0.0702524084847737,58.75965028760079,0.4620416373220647,0.2634692058829761,0.2027180165162427,0.2128999603667263,0,0,0,0.2713724127909837,0.557867441682394,0.3157564496302423,0.31202600135587,0,327.526269733032,SHARE
10,0.4230603999295834,36.62423770816529,-0.2467723687246595,0.0961130691130285,0.1063856570958609,0.0737271012516456,0.1120362893807143,0.0600008513279825,0.1888955559195932,11,4,6,3.662423770816529,626,0,0.2110864719395957,0.8455501721367381,1.6666666666666667,0.3560484340718995,9.700199634543754,0.220980772899141,0.2395675193273048,0.3428610411960548,0.4004591828460602,6,3,4,0.1400193319775497,0.2175686865627558,0.0952523903371297,0.4303541473413853,0,1259.4888825690343,SAVE
12,0.0034771440612535,57.56036006974388,0.4092528415249189,0.4356434106752499,0.3412627049162203,0.0799140698407438,0.1337993250720572,0.2931954732678671,0.3345039905420714,6,8,12,4.796696672478657,103,0,0.0757455962868338,0.5265570132164209,1.0,0.4270828040703134,8.287416837212195,0.2572295257895521,0.3683804581606323,0.2857908389737432,0.4659138954050499,3,3,5,0.3638983054868562,0.2072185500921375,0.3377543383946972,0.5789743188378309,0,1509.119401986639,SAVE
14,0.2263145801782923,21.75079595737392,-0.0069503809457548,0.1963708877975087,0.0962298439089232,0.0124632277256094,0.2078508933173062,0.325265079922587,0.6664152814759626,13,6,13,1.5536282826695655,91,0,0.2857609952102583,0.7858824789231557,1.0769230769230769,0.5301112162787096,23.73184500050362,0.1377122246974276,0.1083751098946245,0.1211511821537102,0.3801542360266587,1,3,3,0.2704697857865323,0.3896518235390424,0.4291857165108466,0.7814087489885015,0,1388.3131602229787,CREATE_PLAYLIST
2,-0.4796192394787558,8.438134034744147,-0.5241140418185706,0.2613542783919486,0.1334440140945429,0.0913123110821797,0.0908865626686583,0.2722635903106843,0.3878635749322204,1,1,3,4.2190670173720735,15,1,0.2541440151327786,0.7273832099835013,0.6666666666666666,0.2551455995568683,24.042976389916284,0.1815566900363812,0.1716346534155136,0.312309259807019,0.1295714201635165,0,0,0,0.2693218178691061,0.5997087055801237,0.3573446304687885,0.2421239316035146,0,328.5396317411488,SEARCH
4,-0.1247609782169104,62.74367095462371,-0.5503621973761015,0.0468964314138571,0.1346302084968985,0.0424104532002088,0.2829854380956797,0.2034521788791586,0.544598801840095,2,6,7,15.685917738655927,23,0,0.508242950119995,0.927522016450492,0.5714285714285714,0.829718216537354,4.606217552719498,0.1168506718381574,0.439648323647505,0.1898861236341949,0.1268567994970949,0,0,1,0.4255177502942478,0.3671444681026109,0.0784883087564094,0.5024519330921997,0,925.390967649168,CREATE_PLAYLIST
4,-0.1637705067039835,34.980727312227366,0.0112270480817457,0.3297317486311584,0.1207590819210907,0.0434625870785314,0.0322614035010229,0.2474407574468559,0.5570716851805069,4,7,10,8.745181828056841,171,0,0.1318502064471112,0.6417150629241436,0.4,0.3253594049496076,13.225468105499209,0.1656392472977524,0.3722833269921894,0.1940482714148268,0.4553814687441627,2,0,1,0.0642124640181666,0.2634057945906837,0.2679123990150895,0.600005177016906,0,1084.667493056132,SAVE
2,-0.3438813789394138,6.574784123657641,-0.360153564116367,0.4620770269408732,0.23685622040325,0.1242286102714422,0.0364955826819576,0.1221806583855563,0.1810225564794536,2,2,5,3.2873920618288204,22,0,0.0781436068685042,0.4783918925462868,0.4,0.5056334671650528,37.17078595859825,0.7050502997455952,0.5432280415075185,0.1105374956027144,0.1174864732251458,0,0,0,0.2849222652500673,0.3762081857566151,0.2435169430003738,0.1932718563124719,1,514.0340582170289,SAVE
8,-0.0619598275995712,32.889277835129754,0.0398157588664142,0.3766765862330276,0.0769876405344569,0.1232787091550367,0.0807572990076511,0.2994629723473108,0.5050778318458168,13,9,14,4.111159729391219,11,0,0.1498772781219172,0.5330965218908628,0.5714285714285714,0.3903207080353208,36.60169766553146,0.4724281197735651,0.4913800473680971,0.2294197706795116,0.5617549821693181,6,5,7,0.2196079131016204,0.0291220047738084,0.2822073458704768,0.7128181307575521,0,1699.208763969559,CREATE_PLAYLIST
13,0.0352001448689178,23.39302123683036,-0.046050151182949,0.1418086702615975,0.4444596015643389,0.1714728034656414,0.0577267045949313,0.2204747315319425,0.6041822811198466,8,13,12,1.799463172063874,87,0,0.3241964646468616,0.8278521148402239,1.0833333333333333,0.5969626939662414,30.238176982238077,0.1971422448984212,0.2696892632251065,0.6017450030846725,0.6857869214793408,6,4,5,0.3633352997069186,0.5337510958317265,0.2304815328802801,0.8224547263282901,0,1480.6273387926967,SEARCH
6,0.1284138972894517,57.119611628125554,-0.3179085043343413,0.3356462197498617,0.0918224147808088,0.0744884679045444,0.0756893251661198,0.0376815603712107,0.4909496463453323,7,7,11,9.519935271354258,102,0,0.3854952614852007,0.6446792854286745,0.5454545454545454,0.2915518211903872,17.638113033704144,0.4161292689557945,0.3251994673504166,0.2592195368318004,0.1953843009851893,1,0,1,0.153008579923054,0.1557907308921417,0.1824583465039188,0.5169630261559671,0,1181.3850109972266,PLAY
1,-0.4645628192221455,17.71477232006977,-0.5969929323261068,0.3577566360168563,0.0986487591406507,0.0728974502889156,0.1420792004410367,0.2234091724113942,0.4106776972531225,3,4,6,17.71477232006977,67,2,0.0722504474860117,0.5974152498513706,0.1666666666666666,0.7109965601375572,23.839803536532173,0.4099127857582414,0.2568076229795606,0.3266602311840527,0.2146282150068651,0,0,0,0.3336778323822401,0.2918357733245559,0.434022519249243,0.3769878083925604,0,592.8288423269308,SAVE
6,0.2402093731449657,40.98573709000498,-0.0557570750636231,0.2499802663569,0.2817180473452367,0.0284728400629691,0.2349265980597117,0.2731810254678051,0.1824108624399862,5,3,7,6.830956181667497,652,1,0.0237102400931085,0.6789742175595245,0.8571428571428571,0.3776274822672555,11.52719834389079,0.1971523710042175,0.095813804792681,0.3959209851584147,0.3341462171698866,9,3,3,0.1347467692170381,0.2960092924016744,0.1494231731020061,0.2456332589375902,0,1011.1910387313932,SAVE
7,0.1323826403314277,62.47654277307063,-0.2896978098378839,0.2027494436960068,0.2611011654699318,0.0468143530241828,0.0518585237420163,0.1162944010848388,0.2253898242654649,4,2,12,8.925220396152946,302,0,0.1718412800420646,0.7207972009939917,0.5833333333333334,0.1833469498669969,5.853656880179448,0.7298618803838973,0.1827892431629895,0.1661103461222225,0.2442477831519429,0,1,0,0.0475057747540504,0.1861099344594382,0.2776655889756161,0.2356429790470928,0,1289.8877983363234,SAVE
2,0.2008916330521876,107.73926163638605,-0.0494672566442874,0.1979545351778715,0.0713189537349059,0.0452144266794472,0.0498674898593422,0.3977698459729129,0.09621368294709,7,2,7,53.86963081819302,183,1,0.1918340764885865,0.7175579235114713,0.2857142857142857,0.715524681111676,11.023515951401146,0.5291625711511375,0.4110404564632599,0.3397586604638811,0.6065707532652717,1,1,1,0.3657877463953331,0.1182617673857678,0.3367093324746916,0.2179242762647112,0,1678.6648580656874,LEAVE_APP
6,-0.061205431476375,1.9979781511496344,0.2913018986900538,0.1988023053909138,0.1542752807016113,0.0559789291489966,0.232159344172298,0.144238523399241,0.1892194378426731,10,4,11,1.0,120,0,0.2694790227677937,0.7521460566122181,0.5454545454545454,0.6372720964517333,22.054866464537568,0.5802736947513761,0.279190345028761,0.2077233382194427,0.1594796887631276,2,4,7,0.0441724813309524,0.1782813463812795,0.2053759852942192,0.3458180840257402,0,965.0405381645958,CREATE_PLAYLIST
10,0.2437837643443487,45.63426739470651,0.3130325451516859,0.2159013362390059,0.1978065902439532,0.1818501064779693,0.2211176048341034,0.4563656342929064,0.3381878615512289,8,6,14,4.563426739470652,309,0,0.1137433996009824,0.7433976249540919,0.7142857142857143,0.4438252663652149,5.4558519149219125,0.2466028767354514,0.01,0.2916915051273586,0.5083693472784674,1,4,2,0.1262236763281748,0.1055703375156767,0.361473148840277,0.4596871947999626,0,1640.3873094278515,CREATE_PLAYLIST
10,-0.1496755906642659,13.646328854175785,-0.6863369015504177,0.1556210268916102,0.0634100310956096,0.0135585215693835,0.0605934715483567,0.1075521618786803,0.0651766532659534,4,3,9,1.3646328854175782,209,0,0.1098070378344194,0.7702200999178088,1.1111111111111112,0.1997757035849766,11.195529740434369,0.5760205645387262,0.4861921901668674,0.3025658201340703,0.0826637384809221,3,1,1,0.2674449395175156,0.4842098194590629,0.0119813832321188,0.2328882603568005,0,709.3505048090032,SHARE
9,0.1763224840437162,24.20965652391795,-0.344603089517658,0.2294249336444518,0.224268212510051,0.0653321062919975,0.1180280530783539,0.1474761259627003,0.4054061784580089,7,7,14,2.6899618359908835,956,0,0.2359418556270949,0.7124020836918079,0.6428571428571429,0.685206629978059,5.554658172279345,0.3168223036404805,0.0794931953376985,0.3033762331049405,0.3422213526246112,8,5,5,0.3353843719801998,0.2092580577967915,0.1542358093093503,0.5451787229142497,0,1349.124200339028,SAVE
4,-0.4412797159036901,15.086425505200571,-0.3596180637688163,0.3139798333276686,0.0954270770732088,0.0065669704996951,0.0570098336015009,0.0577069830083944,0.3940899507455465,2,3,3,3.771606376300143,92,0,0.0495441324305643,0.6411822572056428,1.3333333333333333,0.2765554259080215,52.41872926196663,0.4099935701556994,0.4475706163490054,0.4079608539716793,0.2791860706218389,0,0,0,0.1004842505709258,0.5451774124996163,0.4274061385520239,0.2923949278605473,0,403.7087155712413,SEARCH
5,0.0712838968187666,84.02079980448119,-0.0339701420163735,0.1718631743616503,0.1592780601049014,0.092049256616439,0.1230107521696324,0.3274467213597996,0.4214249760669594,4,8,10,16.804159960896236,71,0,0.1527556990239253,0.8363051478608023,0.5,0.4504248980365199,92.3607174115891,0.5285066723871731,0.2161653652243095,0.4574068281800592,0.0730463586329889,3,3,3,0.2928073344039875,0.1481449888652661,0.1546467972518551,0.4867829613677573,0,1247.5315840858734,PLAY
11,-0.164919786297479,72.2458076237473,-0.2639561991352701,0.4513912268533477,0.2149893400203151,0.1490434441581263,0.0700821018877745,0.270595849852289,0.1927020306824184,8,6,14,6.5678006930679365,199,0,0.0494421253037195,0.4794482499638707,0.7857142857142857,0.1734615944919721,4.2634909988913385,0.3683194932573114,0.1769636568138413,0.3332080795455142,0.111036096570681,2,6,2,0.01,0.6106979152491525,0.2071065686716824,0.4100983079845437,0,1601.011210836931,CREATE_PLAYLIST
7,-0.4367435921949761,36.213287670121765,0.0961615798969612,0.3175391669541586,0.2039018179346106,0.1606466718952946,0.0769804772696778,0.0682356830876536,0.5675491307854602,6,5,9,5.173326810017395,73,0,0.1965495440138974,0.7093277439161334,0.7777777777777778,0.3514095794098598,12.01931070406471,0.1498987135462338,0.2629374796879249,0.1705191704451725,0.4937495699233699,4,2,4,0.118876948309824,0.5119705756296077,0.2141909709547247,0.5429944487088861,0,1193.9237855716974,SHARE
10,-0.0573084978585491,33.50308405290208,0.2756643543041923,0.1073145634828639,0.1586609067725152,0.1093122100996366,0.2013022469428,0.0434473525371027,0.1240041119657487,9,6,12,3.350308405290208,63,1,0.4612487680454845,0.8942521060969031,0.8333333333333334,0.3689022734053054,12.117715269130318,0.5803146583947282,0.3156329591096236,0.3315426585818645,0.1807667153440433,1,1,7,0.162959669081653,0.0979813501487682,0.2025082327266329,0.3165261461641797,0,994.1706063686088,CREATE_PLAYLIST
1,0.0699695996899164,22.426515951954297,-0.2501508312854327,0.2996721188209598,0.3864127391824037,0.1436639192543572,0.0258421524945659,0.1621165754376395,0.2457083044343768,3,3,10,22.426515951954297,108,0,0.745639865448106,0.6018517922878027,0.1,0.5605929866628675,17.48950617633183,0.5468364676965908,0.3664719534656458,0.3322258864190134,0.2842371765995132,0,0,2,0.5825862314922762,0.2078498560817114,0.4021172510676256,0.3602870767300928,0,1090.825527875043,SAVE
5,-0.2120073223629487,33.77290149264983,0.1356086003992041,0.6789535439079633,0.1712244289771798,0.047873906744912,0.1306083248467056,0.1446931361627728,0.3876914323754938,6,4,10,6.754580298529966,473,0,0.2088007378565614,0.2556920049013441,0.5,0.6067324162421134,13.534879404031802,0.4700160475610635,0.2506258720536382,0.2604708601160017,0.5132631853389142,2,2,2,0.1598797360549318,0.1810066706420099,0.0472792496819926,0.4262909222841948,0,1213.4733248961363,SKIP
5,-0.004599080741925,11.794808310485664,0.0254623009450394,0.4082393385901122,0.3882888777592556,0.1127276454608013,0.0277736018859287,0.224690138983986,0.2859637417882958,8,4,9,2.3589616620971325,203,0,0.519430412688701,0.5138911054300559,0.5555555555555556,0.4435506089830416,17.192767001933362,0.5696461633784113,0.3841705943365146,0.4360745195227625,0.5295441484300676,1,1,4,0.4691919575682813,0.1589057596368756,0.2814272424890188,0.4097110456941622,0,1036.3716036476912,SAVE
4,-0.4088107479053077,22.355506984724386,-0.5015062962333987,0.2134606249970085,0.1469763505155891,0.0782163685248103,0.2109778181037768,0.1031348900902923,0.425285800116341,5,3,11,5.588876746181096,147,0,0.2722806884931266,0.7445684514647141,0.3636363636363636,0.4663435030551908,24.370554542808424,0.5359351022373654,0.1809319385330844,0.3102625120726094,0.646041700312894,1,0,2,0.1583696084101409,0.4651364237155774,0.2207930944044686,0.3436771132955408,0,1262.983372242183,CREATE_PLAYLIST
2,-0.3072871938008145,5.964015252199036,-0.3751170625128536,0.2040520068114972,0.1866050379402005,0.0812073176505538,0.0265087373001544,0.075456486975106,0.375803051978572,1,3,1,2.982007626099518,63,2,0.1928269023624352,0.7323384688856899,2.0,0.4488823607969492,21.15769979405308,0.171033134835552,0.6590651930584983,0.2278628149160879,0.4377360693783346,0,0,0,0.1781567104756873,0.546414952923914,0.4706511187659408,0.2262155010463561,0,493.452956988428,CREATE_PLAYLIST
2,-0.0823607365468096,26.20772845664957,-0.1928576351471051,0.37494203044428,0.2137304838634168,0.0897118973963662,0.1932095589439036,0.1949338915885132,0.1129144620777554,3,5,11,13.103864228324785,72,1,0.1584271971906551,0.5291908162747213,0.1818181818181818,0.5869217708035137,12.516587200355485,0.3577667875111982,0.2682344260281399,0.1552989868552816,0.0941342859538009,0,1,1,0.1841997828688369,0.3319031054443515,0.0783921991164269,0.1924712034622106,0,788.3502285204627,CREATE_PLAYLIST
15,0.2056344009478454,42.68538878787204,0.3645582806395283,0.3475201446644226,0.2862089121193479,0.1858238713612059,0.0661983917588091,0.2137874704504686,0.4433251506607787,10,8,14,2.845692585858136,20,0,0.2565782380801052,0.6066832774622213,1.0714285714285714,0.3238074385187664,13.356717415766358,0.3915142641698104,0.4741335570864692,0.1333448597539947,0.5049062779510348,7,1,3,0.5903304591606046,0.2135617645820292,0.2033915099431502,0.6591801457115002,0,1572.1391531327483,SAVE
2,-0.5463800724705958,21.514172967067665,-0.6773050917543514,0.604191763561201,0.3237786865147685,0.1089605344611324,0.1348021225883903,0.0995215703098692,0.1405288456312319,3,2,1,10.757086483533833,135,1,0.2570875365130354,0.332033023414217,2.0,0.2401304332996138,17.14984869831572,0.6057248904623342,0.0602328787140775,0.2379603005052378,0.2251810411567346,0,0,0,0.0436471139270508,0.6879836950568218,0.3803326191668796,0.1255268318587138,1,374.6229717485122,LEAVE_APP
4,-0.1739498581850084,26.05488049611513,-0.2839107310201899,0.286234341146894,0.1775733027633443,0.1128265965882809,0.0444724129373123,0.13696548390643,0.0998015840230415,2,1,1,6.513720124028783,383,1,0.1798462542808998,0.7118432156620187,4.0,0.3969476492687055,28.488046251263352,0.7696073019477678,0.270413978208589,0.2278113139178536,0.0909569141719833,0,0,0,0.1393537756632206,0.464096689254746,0.4438937974394455,0.1333175320332861,0,377.7106035540595,PLAY
5,-0.1249643375678485,26.213187400187056,0.0962457839561495,0.072734994619617,0.0598126095406006,0.0434249239093992,0.1960507389283524,0.1996152157724281,0.2036515086950971,2,3,9,5.242637480037411,116,1,0.3781743108534019,0.7921431309119682,0.5555555555555556,0.2779240290600961,16.39598428390161,0.3011990831065952,0.4502726817469354,0.3366500083351293,0.092967679435744,0,0,0,0.1559451921217574,0.6504956806186001,0.2648157179810955,0.1775466614239725,0,818.5357894589894,SKIP
9,-0.2401743519871166,43.457001984964734,-0.3079061686212537,0.2336433317574867,0.1092117100659478,0.0363422010843851,0.0899317155540615,0.0660850209396079,0.196360102714905,3,2,10,4.828555776107192,115,0,0.1590909193137269,0.7160883350099876,0.9,0.0971362455475278,16.248209513637136,0.2644326880050557,0.3419028757376628,0.3496630563879638,0.3119301957728439,1,0,1,0.2191553703554512,0.2543909096122155,0.4675018807306352,0.2508019847801886,0,1189.8947613353798,PLAY
15,0.0549781231107585,12.899302604356969,0.2549083128426888,0.4314965971062611,0.3865840765123672,0.09281451586407,0.0639862821695797,0.1864541135332359,0.4205619901648576,14,5,13,1.0,489,0,0.1743247974690895,0.5084873957857705,1.1538461538461535,0.4067265766686144,5.19824420760083,0.1803186250779928,0.2441954802856246,0.3106192975069414,0.3581915103622944,1,6,7,0.3618262361926943,0.0704470791001933,0.2488660762113712,0.5672029749069036,0,1430.4081219563238,SAVE
10,0.1158078126831652,105.03768847941558,0.2736497075564266,0.0555230105114668,0.0698293404877619,0.070702072366139,0.1220498769418182,0.0788461258563398,0.2869109468221529,6,7,12,10.503768847941558,121,0,0.1259759292883074,0.927549883406712,0.8333333333333334,0.3722294980845463,18.16869510845253,0.4451235155024408,0.1286262252820814,0.4052712348992696,0.2219080472009312,2,1,3,0.3561042455630684,0.111929115470718,0.0694566506671411,0.3865581599741651,0,1559.3919205679597,LEAVE_APP
2,-0.0695630100905864,49.41664600510913,0.0647970969865016,0.1824616323773763,0.1399091813012246,0.09621504638437,0.1545773835946816,0.1059165133576733,0.4066747690802905,3,5,10,24.708323002554565,164,1,0.4532977920285428,0.7695849780264731,0.2,0.4437251826965324,19.34871648481708,0.5937508932026928,0.4946839652489798,0.2340069830029076,0.5569634961910935,0,0,0,0.1362250816147489,0.20824149233799,0.1312026852632952,0.3785248832506006,0,1387.1208073121252,SAVE
10,0.4650509029653773,33.798197345295655,-0.0286211464156623,0.2378442737258255,0.2206407855986585,0.0378915271868758,0.1166609812372997,0.0416647463367427,0.5529520433893765,10,2,14,3.379819734529565,633,0,0.0513023178560791,0.7269989327842266,0.7142857142857143,0.5922466262835274,8.021926326004868,0.6424807844651156,0.4153712815249384,0.1102740312421164,0.2862638458111496,0,5,1,0.23599467128734,0.4067466325456227,0.256350729648218,0.493364294512305,0,1278.1306236356595,SAVE
5,-0.1352149731302271,46.54057407948751,-0.3624510354445024,0.4494129557062367,0.3925258013081403,0.0803496252637144,0.1717012728809972,0.2084072457597925,0.4802389090791253,5,3,5,9.3081148158975,40,0,0.3258720913465496,0.531879738015201,1.0,0.2398412859771305,59.22031289323499,0.2680045496354293,0.4034647753420384,0.1618463428437495,0.4495124395145625,1,0,3,0.0952616324436222,0.0664471621940504,0.0786135616199858,0.4368847806591804,0,864.4699479346889,SAVE
9,0.0617276518792567,20.441639946937933,-0.4146138575025034,0.5294634642737698,0.2899892048654041,0.1112597568566867,0.11201346676664,0.1404033852135923,0.5216399298959349,12,1,13,2.271293327437548,349,0,0.4200869030251269,0.4255513586083824,0.6923076923076923,0.1244758666662727,23.971277495580324,0.3043589745768037,0.4117896605757322,0.3821026551550772,0.5151152049582736,3,4,5,0.2406349132954515,0.1264706992898694,0.3003393040730947,0.5225463785590306,0,1407.9772007690035,SAVE
2,-0.1172470674202746,123.60901818523077,-0.1060947868167788,0.2155696262572967,0.0727498060432391,0.1369055807753275,0.0748190392465822,0.0391427813539476,0.2570998063315334,4,2,12,61.80450909261538,45,1,0.2127242137188295,0.7470894452567731,0.1666666666666666,0.206579894369691,10.486687105010985,0.6164859981472578,0.2368161864192714,0.1989582673407791,0.6223591705722976,1,3,0,0.1201230733013122,0.3516136298819614,0.0954444452690642,0.2527983722095895,0,2018.137548367281,SHARE
13,0.0432251839055148,33.83879240877173,0.1936765368963111,0.0945607777025831,0.0828171697438751,0.001,0.1138735441672496,0.1029362922631491,0.1366095308012259,8,4,11,2.602984031443979,161,0,0.2907827278555024,0.8662524206734624,1.181818181818182,0.5178690369799358,7.717392286736299,0.1883887818355032,0.1887021834455431,0.223311475254168,0.5075321477533544,3,5,2,0.4948345921464175,0.2259795685273952,0.157396486709141,0.3315327398883024,0,1243.714691683606,CREATE_PLAYLIST
5,-0.1054098015924465,34.9797891166692,-0.072301949495111,0.5219008780329445,0.1839861278296104,0.0630031192582242,0.0624261819745737,0.0208453948630592,0.2498236176497113,6,5,7,6.995957823333841,346,1,0.1128881652893084,0.408981292205523,0.7142857142857143,0.2477016119626978,11.235766554795644,0.2381581758561944,0.2189928404035629,0.291773432052022,0.2166167719079585,1,0,1,0.2738067650203637,0.1342690926679142,0.1064813777865562,0.3549965320249987,0,805.287840110312,PLAY
6,-0.0809362245571417,23.755950843142625,-0.2973075096846059,0.2049659407443581,0.2951245772386192,0.1159392233971157,0.1494543630567372,0.4299810076481132,0.4163739695300437,7,11,7,3.9593251405237706,200,0,0.2098433707948802,0.7670321245774759,0.8571428571428571,0.4874376135973715,11.06927479802779,0.2582184421343158,0.4720230785555269,0.1783071174713366,0.4758174752843017,1,4,3,0.1023146665556788,0.0973490794805123,0.1160740262742768,0.6301262245720947,0,1201.499079363933,SAVE
1,0.0650627007001201,57.01464331075282,-0.0916782330893991,0.2644570402584102,0.1885392004744958,0.1031404397662032,0.1233692694653755,0.2218872558501009,0.3180838700703151,5,2,10,57.01464331075282,79,0,0.0671748971580334,0.6701795190214541,0.1,0.271309914248887,26.81995198731808,0.3515748221249879,0.6248530984093821,0.189175795209734,0.3613940991493433,0,2,1,0.0490747435962609,0.3581276396221818,0.3603392924960502,0.334947157513932,0,1218.1732150508262,SEARCH
3,-0.0692012017364009,86.5786146255048,0.3378250226213025,0.0694030910932823,0.315190958926356,0.0167872782077888,0.0482055573739363,0.0835071357503348,0.285786242153508,6,3,10,28.8595382085016,254,0,0.1793557833312523,0.8250240609184274,0.3,0.3688535663697495,3.36004010718822,0.4837258083870485,0.1888992662161769,0.1586913301591913,0.3802201109038898,4,2,1,0.2006170337078151,0.1793590724518548,0.3180020427314198,0.3070614202123283,0,1351.6516183906049,SAVE
5,-0.8247300853757944,6.625041175633422,-0.58034486545955,0.4557442786689247,0.2449863425186169,0.0249852747056762,0.1467565955679899,0.2137195557112906,0.3305215208890402,4,1,1,1.3250082351266843,97,1,0.2571918097977135,0.523721452071239,5.0,0.3278955319573326,10.846897402259064,0.5273174253904543,0.4577702434639785,0.3469177366954358,0.4734387486065872,0,0,0,0.3012859150684825,0.4148296856649519,0.4310103348828445,0.2464896621479886,0,524.4973029742524,SAVE
4,-0.7079629722860654,28.66772456465273,-0.2017463178534526,0.3948748401386293,0.0943729759868759,0.1816009861523544,0.0501687210928819,0.130211739285037,0.2671571931785218,6,5,10,7.166931141163182,39,0,0.3637466887039158,0.5506897904971624,0.4,0.518515998081268,16.845755674955416,0.3032218316838032,0.2786641561918739,0.5302440867627104,0.2972240661623722,0,0,4,0.105341374424213,0.121101402755369,0.2242611352659494,0.3547366767146983,0,905.3007550631744,SHARE
11,0.2721691572271958,27.600185296270485,0.0492615042273133,0.2289633324755969,0.1765241338105254,0.1063132519736217,0.1422986666951704,0.0624352863368958,0.5677397744987409,4,4,10,2.509107754206408,68,0,0.0978236917677669,0.7200043438613752,1.1,0.2203470239544122,8.554096909932516,0.3572484798506896,0.4270655827461291,0.150985756732413,0.4318363836292748,3,3,3,0.1845335527475317,0.1713237278492558,0.5746505034535624,0.4998274927596595,0,1015.208377625004,PLAY
9,-0.155376391539694,25.792273185570448,0.1697823896356308,0.2685880651033406,0.1303190016227064,0.0582961747534755,0.3537991228456482,0.2832994245532041,0.3196879997122703,15,3,12,2.86580813173005,29,0,0.122567203467766,0.7176959098979396,0.75,0.513411890226051,15.317577473191449,0.3302466984775284,0.079236991281004,0.4470497670581723,0.5947515279685309,1,4,5,0.1389358158388482,0.463577365172436,0.1642785238736955,0.4733589103856443,0,1730.818415769412,CREATE_PLAYLIST
9,-0.2342260048298697,140.51719105489278,-0.1212849823575666,0.3897763185034669,0.1688984888085523,0.2658751943976268,0.0976901507964808,0.1044650139650163,0.3498815575585992,5,2,7,15.61302122832142,172,0,0.2685064639046124,0.6008844321456782,1.2857142857142858,0.0666635725684919,25.8394517721105,0.4397304074614511,0.6785600278250564,0.0652906533548767,0.2099455969183406,0,0,0,0.1717574894268594,0.1442184416731146,0.6192887161619114,0.3321004532041001,0,1523.060880100125,SHARE
6,-0.1631627375785543,55.93527671141059,-0.6037413701746914,0.0499285667778991,0.122960856186393,0.0773225313591902,0.1583312947348856,0.2505589049961304,0.574951200459833,2,3,6,9.32254611856843,1064,0,0.3396554920425272,0.9323403112626812,1.0,0.55136446639513,26.061489652363917,0.1117803480093718,0.2119147339576243,0.1744482581417917,0.2842763206377878,4,0,1,0.0751390783814923,0.1777430511201558,0.0666910500011111,0.4415217656130882,0,982.1966117072324,SKIP
5,0.1054854353648893,27.670889945120205,-0.0455161924647849,0.1798118329846024,0.3287039060541989,0.0430819489571091,0.186677791367313,0.0192442477655618,0.1936621014620148,9,3,9,5.534177989024041,55,0,0.0551964371121868,0.7260543776390793,0.5555555555555556,0.6208821495129953,10.528346832108763,0.7367203323703836,0.5804881701450578,0.5742347296233127,0.5311422283963007,0,1,1,0.0174107921096621,0.3438050660831505,0.1774989492850554,0.3523522164273239,0,1078.754570386275,SAVE
14,0.1760655614764713,48.92388648231808,-0.1151161629957388,0.4054882279620736,0.328052164480536,0.0760356019435222,0.1502838434435016,0.4265791238945263,0.4214127308847032,14,8,12,3.494563320165577,54,0,0.0910853267229024,0.5767327896037667,1.1666666666666667,0.5951118644313694,18.59754155001405,0.0337991506302996,0.4997260945353976,0.4433206040120411,0.4801791646840159,8,6,7,0.1149161823544573,0.0664190613761562,0.3518675702693135,0.6843616170955795,0,1761.467538094014,SAVE
7,0.0094631362560061,72.43896737504372,0.0401565926012526,0.3581181520690921,0.0748890237742128,0.1683537209337244,0.1786837731167788,0.1407191830045354,0.3111713784442686,6,7,11,10.34842391072053,212,0,0.1165697608107586,0.5868235651571588,0.6363636363636364,0.430741594524086,7.728368840850157,0.5665901838754624,0.2346901788005995,0.4151836458751067,0.4804716187027182,1,2,2,0.0607278603383851,0.266497049384452,0.1481243849409481,0.5292799951608539,0,1562.8893863847309,CREATE_PLAYLIST
4,-0.2223768967731088,98.0553916679009,-0.0871891467351498,0.254444042848282,0.0891143472822415,0.0796866742710913,0.2766696463677069,0.2673036341013615,0.6119793399985006,2,3,8,24.513847916975227,44,0,0.1699275784574251,0.6570016716070574,0.5,0.3041605854711118,16.70903016308786,0.5739376820220901,0.2100504674892369,0.0849903491921464,0.3141766646218761,1,0,2,0.0628704717427025,0.0968241524851089,0.2079032218910741,0.4309985137146011,0,1236.8149223279795,CREATE_PLAYLIST
8,-0.0350523072676463,30.295261544908065,-0.4164905610324027,0.2194687869970724,0.3563293846379798,0.0308046923270529,0.1493871895551997,0.0340227801215919,0.3552035631161567,5,11,9,3.786907693113508,33,0,0.2042708408826541,0.7363529452027096,0.8888888888888888,0.1571442156141187,11.267831188549769,0.2283851204706109,0.1839649817277427,0.3269465187302223,0.3648767900618663,0,3,2,0.2796497096260744,0.1701367198318668,0.3215976507378958,0.5592370866598485,0,985.3699631359926,SAVE
2,-0.2119568749319551,6.98511201079622,0.042441739055903,0.5756207401811112,0.0640764466648868,0.1374923587800362,0.037735007555697,0.1997980823433209,0.3175766159615207,9,10,4,3.49255600539811,41,0,0.087754082303131,0.3669153216111809,0.5,0.227528634167842,13.062538045417044,0.5401812528412475,0.0905364500241416,0.1658043317615298,0.4956062191813921,2,3,4,0.5626418236731829,0.3276744769384223,0.1497022169764431,0.5224568553232487,0,966.1673177119987,SKIP
4,-0.5295451869732665,9.984496474414067,-0.5260938374237539,0.1269161470880002,0.0881576274460947,0.1042426182594566,0.0424669826624662,0.0635778139989044,0.2682381781292269,2,4,1,2.496124118603517,329,0,0.3499526029015812,0.8240884462386235,4.0,0.4406057826265229,41.265149225336565,0.7176143622759182,0.3958566408858772,0.6060800573577304,0.2262042563603896,0,0,0,0.0661006861067125,0.3151483335203924,0.4893174569381409,0.2804883640014919,0,294.8972374404773,PLAY
6,-0.0935130219265708,27.87805376026193,-0.1567793685401619,0.0772841608408781,0.1044016434918682,0.0629414291958513,0.0913565308849904,0.0966440838137453,0.1496508622902465,8,1,11,4.646342293376988,76,0,0.1218757504172894,0.8368309188305092,0.5454545454545454,0.3668615190857424,11.009637586928251,0.2051435190579731,0.1637176050811093,0.2161627060253457,0.3511389200296907,1,1,0,0.216572231224129,0.3038535952834159,0.4121687252365652,0.2908750146627351,0,1303.6850977006786,SEARCH
13,-0.132387708324495,28.507955697624112,0.0710444467712912,0.4638131892014944,0.2452360423142197,0.1133706606163404,0.2609667873744325,0.1858544905914459,0.2119375925102164,14,4,14,2.192919669048009,553,0,0.1023801125203822,0.4808277018941761,0.9285714285714286,0.2642519717531749,19.420803373724333,0.2242446310983264,0.2281226276475979,0.1790921745861061,0.6736999303004516,9,3,0,0.3568867370315667,0.1888840289166883,0.203544564038482,0.4288111586659515,0,1692.8125189230925,SAVE
1,-0.1970355945443351,6.081753468352088,-0.4713012660140686,0.331882700057806,0.0895134224410722,0.0182654480900317,0.1173514276766515,0.1735859914105858,0.4403463507144386,1,1,4,6.081753468352088,315,0,0.1886656931058408,0.6214309827332172,0.25,0.4196366712134153,24.807283445079573,0.2691968786711213,0.1303043344274325,0.4780614215999766,0.3118195457055875,0,0,0,0.0206208738111786,0.4840900248057896,0.1827861598035894,0.2917829386808263,0,442.69200422403406,PLAY
12,0.2031147956040297,30.45101169737715,-0.0419280849955833,0.3822722088625141,0.3080800814433823,0.1419067909380569,0.157258734273177,0.2550620750305672,0.4283551446294339,12,6,14,2.5375843081147624,144,0,0.0579019447430335,0.5599869101631747,0.8571428571428571,0.2072604951930249,36.604087710097815,0.3701374326826868,0.1200811071962502,0.5873262403120507,0.4455544881444654,5,3,5,0.151621569517606,0.2963692006743598,0.3138680203554805,0.5491086432583167,0,1450.715807122583,SAVE
4,0.0901464198380508,51.95308798665422,0.0868328729940533,0.5678421279533077,0.2700963419273204,0.0716155686608761,0.1540092746055924,0.0651369036733183,0.2910121981539036,3,7,8,12.988271996663554,3756,0,0.1193194876318488,0.3977550183692512,0.5,0.3696683124878295,15.132159181421525,0.8498703582866423,0.2719193492752005,0.3011979240409702,0.0788309283998148,2,1,2,0.0952795173434439,0.1521181917113447,0.307028704616637,0.380315070697354,0,942.8662362983064,SAVE
2,-0.2510174079029486,27.5673095197638,-0.4558173642040466,0.2818062717458534,0.0377322721405872,0.2231261724255966,0.1465796712757922,0.2963031444713368,0.4173191340589059,3,2,2,13.7836547598819,99,0,0.1428765583137541,0.6427428741996688,1.0,0.6365670700406398,39.58324853483534,0.4298954226669188,0.2360087077761037,0.3150418590629158,0.0969611812849126,0,0,0,0.097253384827441,0.4302182469686578,0.3705942635307089,0.2791357940049244,0,508.6346111360579,SHARE
8,0.0505216589508777,35.80859095715459,-0.03821578210555,0.2167244377232309,0.0926988531351806,0.0430929551696449,0.1260603292555285,0.1209653604026145,0.1344489342586576,9,4,11,4.476073869644324,127,1,0.0557572466117812,0.6964971458505423,0.7272727272727273,0.2641592242007358,6.84760392360622,0.2838386732388395,0.1941469325007375,0.4619531000760862,0.379657563081713,4,1,3,0.257733659060125,0.3312765108833081,0.3390785599564387,0.3727123705536887,0,1285.295093480828,CREATE_PLAYLIST
4,-0.2432972905118381,19.39901201247507,0.1560614095916268,0.4311448411995207,0.0216948345081113,0.1357786545964854,0.0966828443317129,0.0637184885773331,0.1326578482818562,5,2,9,4.849753003118767,133,0,0.1198824845449217,0.4632296578690819,0.4444444444444444,0.4771316918571029,13.472024899441829,0.7261044997738578,0.4973557866149629,0.179598031782664,0.2640513605079327,2,3,0,0.4511384400805084,0.2619500704571003,0.1380527658014517,0.1666579016724782,0,985.68654836351,SHARE
8,0.1281891319583434,97.78702995738814,0.1406678383764596,0.2763446029909037,0.079637780970344,0.1012288870573736,0.1369461077693194,0.1528128865025331,0.2098322679331378,4,5,10,12.223378744673518,71,0,0.5919679162505622,0.6474279634493573,0.8,0.3874099623855352,15.716031782843698,0.0748794286889619,0.4006062357005082,0.5843199532062041,0.1644933452749957,2,5,7,0.4042568573914443,0.0635128863318512,0.2843495199296414,0.3040282952499125,0,1479.0119534748835,CREATE_PLAYLIST
8,0.2003805550177232,58.2959439481072,-0.1371483693259678,0.3803728822788095,0.2333467503420757,0.1743800844052362,0.0978203647233495,0.2029874988488047,0.3439258194275585,7,2,13,7.2869929935134,69,0,0.2714959645333905,0.5549311424991514,0.6153846153846154,0.2899895947829202,20.058323514184373,0.684739187855476,0.4551499119454802,0.1691396583808606,0.1195292999776388,0,0,2,0.2030342878127275,0.0286640447901837,0.236971561786523,0.3032920462225618,0,1332.5695838013803,SAVE
6,0.1404140402875381,57.832854190476205,0.0356347198541188,0.1174280566450928,0.1527800014534667,0.1513061875565516,0.3745473743592224,0.0781168414547191,0.4006811697043345,2,4,11,9.638809031746034,246,0,0.0944165591725018,0.8465852315192942,0.5454545454545454,0.1554282652418849,22.11036185685033,0.2907112121478589,0.4148345131031241,0.5693275285264134,0.3381123005580377,0,0,0,0.3038602182284644,0.4754158016089471,0.2572829420653896,0.3814699562756713,0,1101.801209420827,CREATE_PLAYLIST
5,-0.2728297775945008,25.53191267958652,0.0806887615031011,0.463742183239334,0.013306375173413,0.202702364966674,0.0964215130082753,0.326738522691142,0.3340676166086901,7,5,12,5.106382535917304,123,0,0.2306344603714154,0.4844768192460356,0.4166666666666667,0.6135421275069204,7.958287610203324,0.1952257786856222,0.4027491914534103,0.0553933232197791,0.3894184130484193,2,1,2,0.028795679614992,0.276272013203829,0.5534436568766051,0.420021981296331,0,1217.2447378435484,SHARE
7,-0.3742766367407301,38.33372831744256,-0.0090234800147412,0.3757231274529802,0.0366347253013214,0.1748701949794719,0.1231645212415206,0.0440118452019613,0.2277381882789643,7,9,7,5.476246902491795,416,0,0.1365715101456871,0.6314880036964001,1.0,0.3564094670268658,12.55555788160296,0.8461566068463446,0.2587483003119041,0.378466572182669,0.6318508254223951,1,0,4,0.2667310252665466,0.3561398508282518,0.0333852445339682,0.4841750595566829,0,1139.6113965616512,SHARE
6,0.4063039451659738,47.17765834363703,0.0053984681979469,0.2754925878787721,0.184454021829396,0.1611223868585319,0.1814200095833456,0.3746707485019672,0.2190691742830667,9,6,10,7.862943057272838,122,0,0.157043759236762,0.70073196759508,0.6,0.202669815858573,7.903695270244915,0.2553061840402361,0.1583348322239536,0.4330036751221431,0.1620968635201225,1,6,6,0.1851847256443543,0.2479340366850066,0.1309115558125805,0.332570451902978,0,1321.3790158668974,CREATE_PLAYLIST
1,-0.3658446656262116,35.27921424121978,-0.4837307422110704,0.7778741356122371,0.2778312178615204,0.0360857637375817,0.1353461741633531,0.1982910006600383,0.4470260890960562,1,1,6,35.27921424121978,256,1,0.1840498606827862,0.2036754361367668,0.1666666666666666,0.2009828372941383,41.59023158258093,0.6019694974785188,0.389050238410179,0.3168393663493442,0.2690377383979518,0,0,0,0.250970839510207,0.322448681898957,0.5027247771675618,0.2367907083957377,0,686.5028870824083,SAVE
6,-0.0518668041215206,53.698815712230456,-0.0523123076121865,0.2066201293921629,0.0900454211383042,0.1137672346862937,0.1326365164270349,0.0823041463803932,0.4826430305361461,7,2,9,8.949802618705077,47,0,0.3624002235636191,0.7552328898294516,0.6666666666666666,0.3792473728190049,26.495922608516647,0.5506113738120718,0.1253440154709845,0.3014364921791113,0.397868001945537,0,0,1,0.2526468213057061,0.1846759207937003,0.1506116048089873,0.4083288852803089,0,1314.5290242952776,SAVE
3,-0.2861300649980117,93.69664027762248,-0.250523490130394,0.1996729292561868,0.1367024358207393,0.0421041341096186,0.0489655776346356,0.0838822877514722,0.1932938099965681,6,4,4,31.23221342587416,13,0,0.2760893740632241,0.7397591325573346,0.75,0.4960539160888797,13.534782109552337,0.3726114112245554,0.0597490572976033,0.107094189349039,0.2414958179449211,1,0,0,0.1613772771445459,0.0316157750377518,0.1426660463083035,0.2654700861849954,0,1153.9096643822118,SAVE
5,-0.1263060912405228,36.69549896356651,-0.1103169892443794,0.6576139403612157,0.1650919724414309,0.1445391998158445,0.0618351620580934,0.2566875974527846,0.5446735262245538,4,6,11,7.339099792713301,209,0,0.3265813501114541,0.2781461810326656,0.4545454545454545,0.5440627236483101,7.837523586189269,0.5440404318925074,0.0653457940788739,0.2949962893494263,0.0797127747964536,1,3,1,0.1645990866945006,0.4373725686480769,0.5351640582854512,0.5296964664062542,0,932.503295505202,SKIP
14,0.1076466052668514,40.45260524851909,0.054071615111891,0.3379515493510741,0.1311350795298806,0.0918180572931478,0.1617272510005103,0.3030763084569212,0.4847128275516313,16,3,12,2.889471803465649,259,1,0.442630714615434,0.5692158453422643,1.1666666666666667,0.3902738554013417,36.82268930425506,0.1616348677167542,0.2340045643987217,0.1854879052945988,0.3524504059914755,5,7,5,0.0726433778212385,0.1339245087502256,0.4747144362601116,0.6109792106834291,0,1576.7997907560275,CREATE_PLAYLIST
2,0.0189881313223909,41.72625893669733,0.1566539348678779,0.1943438601108469,0.2789968921700175,0.0196900927975456,0.0742928698645486,0.2551236333333044,0.1526463614469498,5,2,6,20.863129468348667,376,0,0.3931720953027092,0.7092212548356696,0.3333333333333333,0.3692930749223239,4.879485685779607,0.6468815165672612,0.1322411091659328,0.3302457150885683,0.659767604682245,0,2,3,0.1601976211075747,0.1419059655949644,0.3103479452950919,0.227206157830337,0,1243.749045647752,SAVE
3,-0.1853573230780287,34.212805957932545,-0.6849391873279849,0.3879442837461037,0.1135412528098654,0.2559514032155219,0.1113102972635438,0.1399547957288686,0.6887706550768035,2,2,2,11.404268652644182,29,2,0.4402450891230813,0.5453048744597072,1.5,0.4354534658760416,33.546873381180866,0.3545268517921712,0.4869999367821094,0.2968354353612218,0.4285756357281465,0,0,0,0.2044079161918175,0.3258382086279332,0.1415474278821774,0.4837574473286504,0,841.0228828436564,SHARE
9,0.237683621818295,52.96822725570935,0.0836879587244655,0.3027726309107614,0.2243435051555136,0.0759443049131587,0.2331142263131917,0.5065096640809359,0.5898446121775524,15,7,13,5.885358583967705,278,0,0.0986019425439408,0.6297817767076448,0.6923076923076923,0.5956365189736196,7.8452465987654305,0.1927188299312888,0.1913626180471673,0.1857036099009849,0.3129919031408505,5,8,3,0.1207917629335195,0.2645537371105683,0.0696486397363408,0.7433304740936622,0,1620.6162548228272,SAVE
7,-0.1630325837965093,73.86930090839522,-0.0395349090994859,0.3632900833004964,0.1669750448982941,0.1288900883646475,0.1149885359120354,0.1686374846907077,0.2681102085331611,5,7,6,10.552757272627888,74,1,0.129500489136524,0.5845210513471087,1.1666666666666667,0.4677972448880625,4.300249524995852,0.2580415598791664,0.4234995082699693,0.0937832267014817,0.3896923313227911,3,1,0,0.1509105037545892,0.1992167664597589,0.4160984749339999,0.3732815846792401,0,1199.3367820228682,SHARE
2,-0.2411542895413108,19.14492535935093,-0.5939158074436351,0.2728519726302186,0.1009033535641086,0.09675973435597,0.1599332158960595,0.0236812419291655,0.4260308562703431,1,3,5,9.572462679675466,105,0,0.1709122144614205,0.6551205402443872,0.4,0.5374083671997264,38.178297098107286,0.2424009180523369,0.554350290854961,0.1575839994016852,0.1602736373471318,0,0,0,0.1958163225858736,0.3812117868861074,0.4448475845884527,0.3462244294900254,0,611.8952425333496,PLAY
3,-0.0915410874064077,35.54478951321946,-0.1645537582938218,0.2515459287167528,0.0747725289977159,0.1188208800878844,0.0905530439488081,0.3497428848206447,0.0626752814250201,4,2,9,11.848263171073157,29,0,0.2853339308042418,0.7067606611408576,0.3333333333333333,0.4975171872222877,17.365463487116262,0.6503727050267158,0.2653321148715963,0.0955265581073052,0.133194414025572,1,0,0,0.080715468569756,0.2754578433016467,0.0863395245338826,0.1341307403887572,0,846.2899746845653,SEARCH
5,-0.0819679602300099,62.00846996104223,0.0040500042641602,0.6183344383190449,0.1506065564503136,0.0410156060429327,0.0813045198508421,0.0438734905630966,0.1421853105012205,11,8,14,12.401693992208449,23,0,0.3554575062108048,0.3888053829652392,0.3571428571428571,0.3673300660565462,18.993665624208063,0.1637075637328842,0.1731332097259194,0.4078981007067441,0.2108748651099028,5,1,2,0.1735823627574411,0.056029609204279,0.2592479995859333,0.5459948190204822,0,1448.0005528445208,SKIP
7,0.0225853612770405,25.79759038851649,0.3804554501802296,0.2129565371727483,0.2630594702166652,0.0715055655658477,0.1466295339975794,0.3663494443727015,0.1469748810038152,5,4,11,3.685370055502355,137,0,0.1920088936124572,0.7311109185259402,0.6363636363636364,0.5565565393964492,29.21534345520683,0.4912289516018676,0.5900022136769776,0.3282459648142907,0.3879570527555393,2,6,4,0.2676819084806328,0.0856341074933089,0.0926999800770172,0.1930987257480101,0,1146.2370910705406,SAVE
5,-0.0092610466325052,42.167687367987526,-0.0728928280090119,0.3835642676385494,0.2710742473631211,0.0280570653428896,0.1326720704351241,0.2797768309501938,0.2527784102589744,2,3,11,8.433537473597505,149,0,0.0243467996810079,0.5962893893289216,0.4545454545454545,0.2600605207344684,16.131515281399945,0.4604664446760247,0.1300837354460913,0.5005451215836731,0.2975548568482004,1,2,2,0.0541894689777161,0.0981987198219235,0.1386159290121346,0.2991744716755444,0,1210.2702374939322,SAVE
14,-0.2671214658736742,14.608832383718754,0.1276990424803638,0.0725597767416117,0.2085696018355153,0.0770635083999237,0.3517115527802336,0.33748836317846,0.502936662626044,9,8,12,1.0434880274084823,8,0,0.3681417943734485,0.9063595514352784,1.1666666666666667,0.3593534340343866,23.925858961442547,0.2358494631169842,0.2876205243100058,0.4492992786237688,0.4881385006397071,9,4,6,0.1178213279719793,0.1533958222194728,0.4384504345343993,0.6311488014146445,0,1247.6990460399534,CREATE_PLAYLIST
11,0.0845149013797556,18.323181708680156,0.091709542237329,0.3485374896672723,0.1718571792588772,0.1941228715715122,0.1844855551653377,0.1016091567432178,0.4955098778317462,16,7,14,1.6657437916981956,25,0,0.411003123722009,0.5741097138343186,0.7857142857142857,0.5858983271363387,21.061002673254368,0.1188942664188965,0.1332296370670476,0.2641585857342837,0.4529291944216597,2,2,7,0.4569788932196211,0.3644164419840538,0.0471332719550905,0.757767037809912,0,1626.290708051724,CREATE_PLAYLIST
17,0.0782023313965942,67.17978600411881,-0.0184186665665075,0.5142593369934542,0.0748208349281336,0.0748199150910894,0.0595374228969839,0.2190416809774105,0.3070401302541753,10,5,10,3.9517521178893418,146,1,0.3925987853201266,0.4663148382900839,1.7,0.4111335034216172,6.5296346958993245,0.3315447657581977,0.3264718488859104,0.3772050365149158,0.4915951690265256,4,3,4,0.0629478154141296,0.3896922425257266,0.2204421987930764,0.4409083845616932,0,1492.0533517581812,LEAVE_APP
5,-0.0538555768546232,39.287808213289416,-0.1008430385972344,0.1036316339761272,0.2666791856964717,0.0719007889856337,0.0782630540739951,0.0261820400185112,0.2513979759707684,3,6,7,7.857561642657883,501,0,0.1566136085814842,0.8789577491015823,0.7142857142857143,0.0553840705027487,6.944370531991676,0.7767510741016469,0.108201584705875,0.5026915130769394,0.2072793382451516,1,2,0,0.2949416125920679,0.5598080978692129,0.3051731653558357,0.2901670355314661,0,896.5459255230821,SAVE
0,-0.0342732596393342,35.628317375141336,0.0037715403589438,0.3081402288044371,0.2433700700023022,0.1477079852382993,0.1580260426797272,0.1165551122837492,0.2257591038718174,3,3,5,35.628317375141336,52,0,0.2781116106415359,0.6253056596240277,0.0,0.1445265123277289,7.162923730030285,0.0812367273733687,0.1940933862862682,0.3635316370819528,0.3733734436403117,0,0,0,0.1013621578620967,0.1964473896359438,0.4104294471552717,0.1937223704101311,0,826.5412119159698,SAVE
5,-0.290549449453868,39.13641411959785,0.1720623659961522,0.2156522284431636,0.1993243029486994,0.1865134540915151,0.2307164891798454,0.1628918176416171,0.4476007788885637,6,5,11,7.82728282391957,489,0,0.4095134667213685,0.7424946065876696,0.4545454545454545,0.5726903433257933,17.98858646892593,0.5277412060411267,0.4540541889643065,0.4371351674711577,0.3113621199325482,2,6,3,0.1108278727191632,0.1875023964847152,0.4728523204638917,0.5080657170983546,0,1315.58136648884,CREATE_PLAYLIST
4,-0.1778671720420951,27.806631894698874,-0.1779589085899179,0.4391854911397482,0.2577004902502439,0.2313337081658682,0.0256508015509814,0.2243443692553897,0.2806643838968582,5,3,6,6.951657973674719,122,0,0.1219403638384683,0.5411333972560969,0.6666666666666666,0.3436860576976118,17.357482264436015,0.4711211816902211,0.6301066252609563,0.3230636653961383,0.5902542181492672,0,1,1,0.2102250521873511,0.3055910361315126,0.2198776394854893,0.327045687862917,0,1018.6274869972906,SAVE
15,0.2851197536789123,17.964928156718855,0.2700908472065255,0.1094826366344549,0.2411709946770694,0.0952603867091548,0.14151743634128,0.2064388546274674,0.3118468474462504,13,7,10,1.1976618771145904,120,1,0.2588761370470123,0.8580272159466669,1.5,0.3862390025800967,5.061309459208191,0.6665546405837953,0.5729432563892451,0.4142760390039395,0.2158552250220015,8,3,4,0.0932439462441714,0.4070428478197742,0.1191783734744613,0.5692990742259173,0,1106.4704362110324,SAVE
4,-0.424250032040791,42.7761660573264,-0.5983917429202492,0.3627706933701456,0.0931476509221158,0.0826477437467453,0.0190723116127877,0.224531888757647,0.1651560707787273,2,2,8,10.6940415143316,16,1,0.30890071480224,0.5511238584842159,0.5,0.7107826869324628,8.53068312236006,0.1210192339020881,0.06143572139206,0.2152236475271563,0.4968803366191128,1,0,1,0.0556105086931149,0.2687163479977356,0.3351992900226754,0.2114745663246325,0,1031.330526397151,SEARCH
9,0.1436931894840879,38.2562161698305,0.1999028877577482,0.1491298230763599,0.267315229693172,0.1200529132002319,0.1753254134010967,0.1767462724194479,0.2061177491650601,6,3,9,4.250690685536722,136,1,0.0649897219178528,0.777478861816734,1.0,0.6155178742566179,34.5009464020225,0.1962435545563492,0.1688847543585309,0.2769852840468662,0.2552395971437254,1,3,2,0.2590432612322267,0.3043978865375783,0.4627030408221992,0.3147352947543924,0,1015.227483485792,SAVE
8,-0.1045271942929929,57.07947610156348,0.1878468366699378,0.1207038486252102,0.4759599266998729,0.2051602627437035,0.0967334882584805,0.2252355734933008,0.3325927491936182,12,5,13,7.134934512695435,203,1,0.244148822814628,0.7592295433569145,0.6153846153846154,0.1441564093286544,16.316830908805226,0.230783033249122,0.4654291268874646,0.300984698608863,0.0498207491304058,2,1,5,0.0645733462784075,0.3172056253687075,0.2540869720465122,0.5018054450788271,0,1406.4037831674582,SAVE
9,-0.0448523799610559,57.112345623816864,-0.0602511526683945,0.3099695321051213,0.2024759148693896,0.0124219164484699,0.0770635439749755,0.0774609480307089,0.3266312397550037,9,6,10,6.345816180424096,216,0,0.3355352167215721,0.6332527028536716,0.9,0.3603233620640228,28.681202126178885,0.2439772471103158,0.5433572601191416,0.0264341522246197,0.2908036361919819,2,2,0,0.1240710169038827,0.1823253251704275,0.1257530458500189,0.4364455084537269,0,1241.679831117302,SAVE
10,0.0879075149358976,81.69877220087912,-0.0123917211703885,0.2340418245078142,0.347516775119343,0.0090693910297217,0.1098138804830907,0.1142300583358893,0.1783036064394375,9,7,7,8.169877220087912,64,0,0.0546508897307098,0.7118806816055985,1.4285714285714286,0.1645714753956994,3.144802658124687,0.4942661771753563,0.3449075024406794,0.3147809183185609,0.3926437034550825,4,2,1,0.2591376236071027,0.2522841121307265,0.4743306647022497,0.4735930252454016,0,1329.3661061298835,SAVE
6,-0.0467792023866906,116.63366993540184,0.0770853409664318,0.3022900276676799,0.2103602611450272,0.0207456967997759,0.0221473755475636,0.1671368392285165,0.2631393429511617,5,3,5,19.43894498923364,387,1,0.4517438820595537,0.5798028899482092,1.2,0.2976584740505792,7.874051305821418,0.4615585542136969,0.3519677923285936,0.1013334225126947,0.544902116393915,0,2,0,0.0196482906965624,0.3052483923222049,0.0942398989356314,0.2832182165447517,0,1639.2342702269216,CREATE_PLAYLIST
7,-0.0292721585711848,29.15893215922857,-0.3642898517944379,0.2315415594758875,0.1367812412069608,0.1600238793569854,0.0709136487498368,0.2970553121039548,0.4012053950426017,9,6,7,4.165561737032653,203,0,0.2038928685100945,0.7279233493749633,1.0,0.3153431355674247,29.147523902639023,0.3920778257487374,0.1615902117075803,0.5215772609428599,0.4128619350342173,2,1,2,0.3138806107428793,0.1875666324450796,0.1514713470811644,0.4885525392116322,0,1117.6827465258302,SHARE
7,0.1482562901060718,25.46299114513758,0.3507942739247986,0.0509899429712048,0.4957365136641332,0.0253754214327088,0.0260510297186917,0.1096955208392203,0.4710644107837252,3,4,7,3.637570163591082,80,0,0.1006425560254094,0.9262540224043928,1.0,0.5543227914101619,3.4932789657896093,0.597450236483348,0.4249445959557368,0.2034693300646423,0.439171373017703,0,2,2,0.3660718193662017,0.243459441279966,0.2452437237113073,0.4384694755697145,0,996.3571947017224,SAVE
2,-0.5694389836557239,10.693629976830351,-0.6298751486323164,0.218965395628203,0.2367873761565497,0.1416544976054906,0.2215242118804875,0.4186520843778092,0.2438348603104001,1,2,4,5.3468149884151766,594,2,0.3845350174676744,0.6571604611568426,0.5,0.1149036467889849,83.48199896795427,0.6837776469962803,0.350320256821519,0.2139616597302863,0.2021939120928889,0,0,0,0.2342259894836652,0.4487947417344455,0.4628973476028593,0.2014083816941692,0,388.4589256592856,SAVE
2,0.0730946723840659,14.60284434020194,0.1778203075034626,0.1608892783749639,0.359890283073124,0.1736692982750278,0.256944073206814,0.2182730075723061,0.1212588552268531,9,9,8,7.301422170100969,104,0,0.346803102502253,0.7785718855400596,0.25,0.3195683279956859,9.766485540949985,0.4821188550387351,0.1658084567653005,0.3090958785573819,0.3175931711054849,3,3,1,0.2943443119031496,0.4446760736686329,0.1629375008508158,0.3775750002907119,0,1096.031678743508,SAVE
10,-0.0766140018237527,7.45368446718095,0.3530835195965494,0.1737253171372257,0.1697484729786457,0.0504525644192973,0.2120209579129153,0.0540965640814367,0.5446986523526159,8,4,14,1.0,19,0,0.1145823258958635,0.7887410977280374,0.7142857142857143,0.3535735300672622,15.2884466056891,0.2651121855999114,0.2508751888154936,0.6536645237266018,0.3144579922925911,3,2,1,0.0964318202877506,0.0608644426117583,0.2843961674397216,0.5459602752558307,0,1108.4611182051708,CREATE_PLAYLIST
8,-0.0309420761433827,25.961465187219712,-0.0766611990847014,0.1612565462012182,0.3075887332028992,0.1075983973582354,0.2010096765293929,0.2609045292790208,0.3954249885248124,7,4,11,3.245183148402464,298,0,0.2252456985804715,0.8017715813599505,0.7272727272727273,0.3981765480215266,7.07529186966338,0.1163088941954837,0.2629019067533547,0.5380943655836637,0.420913696217453,2,4,1,0.0414735559276727,0.0866699188488268,0.772574009147525,0.397910162610712,0,1276.8881706192808,SAVE
5,-0.1554545539076924,18.44799910988988,0.0204136874677838,0.0759880344505278,0.2844293049035854,0.0531780042757531,0.247574108443538,0.1660861565990903,0.3622927950462591,5,2,11,3.689599821977976,19,0,0.1521401846338218,0.8459612956715448,0.4545454545454545,0.2456783454614882,14.02906975458345,0.3910511748226875,0.4791194012848754,0.2480079532865529,0.166873955095528,3,2,2,0.0233240801003646,0.5386947499342437,0.3724784812704628,0.2925154763046547,0,827.8786749473996,SAVE
4,0.0580949841818711,12.96843650561914,0.447243125962755,0.0729783805209088,0.1201626247324713,0.017942431900193,0.0440041191119367,0.3267056705630426,0.3243365423885492,1,3,9,3.242109126404785,78,1,0.1091258233098726,0.9073620741569172,0.4444444444444444,0.5528843290647026,3.538907061194064,0.4535514813376092,0.3116157949258626,0.4142496674857633,0.1246983952061803,4,3,1,0.01,0.0920098066797297,0.2619318167728812,0.2615822731214032,0,690.7675204230737,CREATE_PLAYLIST
1,-0.194810306089886,36.00807341098785,0.2020597784404254,0.2697186959240868,0.3687558351831577,0.0354551286621832,0.0953626946737344,0.2304740897301175,0.2323598458829944,3,6,12,36.00807341098785,95,1,0.4142284391892097,0.7526154047266588,0.0833333333333333,0.6048231453534317,6.221270511780746,0.4936341972872929,0.3704992048782062,0.4373112201545552,0.3611888237097485,2,2,0,0.2108725612500142,0.1864073612001408,0.1658704359101241,0.3520441102154926,0,1210.8379041439305,SAVE
2,-0.4161631525393698,10.068653279197628,-0.4810293856264156,0.601726415482442,0.2539567474980601,0.0253500030601066,0.0112293213439342,0.2203154762345602,0.2116678648622677,4,1,3,5.034326639598814,77,0,0.4457939392003139,0.3688050761921744,0.6666666666666666,0.1180496770476115,96.0,0.4047698094216508,0.5816501594544561,0.1889655029578058,0.2413326858147935,0,0,0,0.2270542588288319,0.5524192553131121,0.4783740282664124,0.2455680635734208,1,371.1167540040336,SAVE
3,-0.3353434727234595,57.15956217698852,-0.3606235740773802,0.0677654909531254,0.1372544130453628,0.1062201078709442,0.0742483138064598,0.1208392433172102,0.4203458519958382,3,4,7,19.053187392329505,16,1,0.3013149582779738,0.8444644576012101,0.4285714285714285,0.3701021826087658,15.123469649047662,0.3774903003666262,0.2103001710420899,0.5134076286444245,0.5944985801386354,0,0,0,0.3223649065036421,0.2009830269288566,0.1309059498473098,0.3849914732677101,0,1299.607913947888,SHARE
4,0.0054727310909223,22.929725989584107,-0.0302957631328504,0.1292757848153051,0.0498483629910353,0.0466180291951873,0.0725332963799063,0.4728364141372212,0.313544004376906,4,3,10,5.732431497396027,40,1,0.2178980595701915,0.794178811884308,0.4,0.6636702991564345,19.56429467820734,0.4071526941891057,0.4973714014621153,0.0786845856651476,0.505951584906332,1,0,1,0.0281258147699026,0.1344556489565401,0.4118070758230726,0.3737550150921808,0,1119.8486914641037,LEAVE_APP
0,-0.7441900719936211,21.29034348650676,-0.2891449563948699,0.2246060779711225,0.0239247786706659,0.1104057185276609,0.0634937236681276,0.283119853974413,0.6221155859042241,2,1,5,21.29034348650676,350,1,0.0868956049493863,0.7719462385531495,0.0,0.489010643260322,41.79280279499228,0.4986127916796922,0.3099791212127796,0.3494349701712013,0.1085414992749274,0,0,0,0.0857543515780715,0.3558678459600519,0.3974455253394135,0.3816360545519882,0,529.031732735363,SEARCH
5,-0.0513954375205683,112.40159861062745,-0.1500005532300571,0.6085900489772624,0.0927605853260486,0.0276043057917381,0.047328608109001,0.1104443070448361,0.0966720861506502,4,6,7,22.48031972212549,214,0,0.1578133306507473,0.3387471771820718,0.7142857142857143,0.5052387507996664,35.85524298190826,0.1766625024602242,0.3300574096059076,0.0694548389268491,0.2167128905192332,1,2,3,0.1128886186383285,0.172479839097351,0.1230082636170755,0.3639694494347277,0,1432.8631002234497,SKIP
0,-0.29856809093714,5.8731724308119055,-0.4780571427995195,0.3143724274450297,0.0968393318616212,0.0925805915650571,0.1337207173747248,0.1583147508480501,0.1984164484382126,3,2,6,5.8731724308119055,90,0,0.1625252201833951,0.6357433051596681,0.0,0.1719804233924152,14.124010954436226,0.7839795693450919,0.4199577096703281,0.2114253439894817,0.4377838859504737,0,0,0,0.2979856632121548,0.1562318341670238,0.2807905402390329,0.1575713086649765,0,686.185780231442,SKIP
8,-0.1540837942348618,12.85716702835604,0.244163006320449,0.1950177382881755,0.4041719327449064,0.1059757746210301,0.1061174641411579,0.2939563120942109,0.0979620550171833,6,4,3,1.607145878544505,53,0,0.0611403588158224,0.7325605336177741,2.6666666666666665,0.445732999256248,21.58947552277401,0.1862580396710693,0.0761344036565661,0.4785939302740031,0.438096141182183,3,0,1,0.0594789501127651,0.3259600125752049,0.6069710726799868,0.2592428127175907,0,801.8154632521095,SAVE
5,-0.2291976795639109,7.216339087015023,-0.1839888877673453,0.2072129927861682,0.2014599104203707,0.1168212944173723,0.0984196931653161,0.1674187772819672,0.4511824670552893,9,5,10,1.4432678174030047,19,0,0.1089034118937101,0.6919448652793065,0.5,0.3185696079527125,2.8465599193799584,0.4351126283841057,0.1699142967849029,0.2409145481765184,0.3234497658425123,5,5,4,0.288285148819042,0.2136849660344515,0.1616986889166239,0.5163684649078979,0,1037.3051759263055,CREATE_PLAYLIST
2,-0.4612348578813804,8.194677868049471,-0.4741928574812176,0.483082310780868,0.0435338995127572,0.0938988927620758,0.1590072010905301,0.1515214860706212,0.1688507077506677,3,2,3,4.097338934024736,81,1,0.2489607436042185,0.473992010460334,0.6666666666666666,0.2304501616242154,35.70424258317374,0.5961703117156434,0.1866401819907834,0.5448419003718208,0.1709738351462027,0,0,0,0.1935474835395984,0.3602488146777479,0.5719185018081391,0.1988563826867285,0,493.0494387015532,PLAY
3,-0.1246158805564141,73.19228832086995,0.2034075099809573,0.1662175567890774,0.2994101388487267,0.0651926113653467,0.2185716692447798,0.1854861761221664,0.1552840833545946,2,2,10,24.397429440289983,43,0,0.4353586232089249,0.7890897315520808,0.3,0.2041748198404462,7.342907842532644,0.6481437892248069,0.5088540004385821,0.1280301870760489,0.3286187951818098,0,1,0,0.0293107932675012,0.1342169360392593,0.5086156246498269,0.1893670685155551,0,1278.166539165623,SAVE
4,-0.0029308410615115,6.41699056162241,0.0199151372202834,0.1427430406248819,0.2370782450616878,0.2089479683932041,0.0729398125125917,0.2595097000351511,0.2965427691998094,3,2,10,1.6042476404056023,42,0,0.169442083446778,0.8128799679603479,0.4,0.4239596875808343,19.210648642873394,0.7636264832594024,0.5424970641885568,0.1499267301599175,0.5958942060535792,1,2,1,0.0329122894680519,0.0575449758224396,0.144661613715648,0.2052827701349899,0,1064.9814383398934,SAVE
9,-0.1987066395680133,63.50888643746099,0.0023354392959296,0.3589606980718215,0.1162158910203879,0.0775116701924701,0.0769416396251326,0.0592094945027159,0.3998322825709099,6,7,9,7.056542937495665,19,0,0.351799347906632,0.5595656645498657,1.0,0.3128041740037929,24.541869617220115,0.5640310100999879,0.594937207351745,0.1253151889881051,0.5369013795716737,0,5,1,0.0740554445235546,0.4991684103768811,0.565514319939356,0.4801514047598616,0,1365.4593138506443,CREATE_PLAYLIST
10,-0.1623461910634887,6.389622364258429,0.4677541078421003,0.2882818905379648,0.1541948225967899,0.119533371131217,0.2915469771227145,0.1419022545956084,0.7126423821266983,13,5,12,1.0,73,2,0.2890596853508296,0.6884148218165012,0.8333333333333334,0.2194609549223104,14.020683767821152,0.2307231389499044,0.1299133708985435,0.2894034578555415,0.4440814193849448,7,3,6,0.2281044846461925,0.0338213774254091,0.1019160949481257,0.7763943202742403,0,1308.037352904512,CREATE_PLAYLIST
9,0.1007898957202707,15.662102597663576,0.2479771065224889,0.0854461344349968,0.1811145585220006,0.1006429001677993,0.1664717894867703,0.1716143337513775,0.2240497379945862,9,3,14,1.740233621962619,33,1,0.0431927125155354,0.8786488184810195,0.6428571428571429,0.2950915337470648,16.743200208796345,0.6294964656995596,0.2914470385570954,0.1260280921761458,0.2545144996810478,3,1,2,0.6686142006449267,0.1309485336481129,0.1053198507853243,0.3694130707485363,0,1111.3473287819036,CREATE_PLAYLIST
0,-0.5206699064333962,11.69276990743699,-0.3982947556718458,0.0890561879978114,0.1123483503582572,0.0470344891204433,0.1274894526391557,0.1368863736442272,0.5859609260745464,2,1,3,11.69276990743699,39,1,0.3804732480241176,0.9042376727244495,0.0,0.2049194274988064,86.4066581138424,0.5083369454956045,0.1566130344849669,0.4748607211345648,0.3044740176969266,0,0,0,0.1682856509209034,0.2850292731497658,0.5541700488287108,0.3442646148957499,0,511.18185909044496,LEAVE_APP
7,-0.3955713721035573,34.18777351334399,-0.3910505353196771,0.0817889565191866,0.2737516177910086,0.078899661528685,0.0878052067351555,0.1315711360699821,0.2989279103706842,1,8,5,4.883967644763428,146,0,0.477769364653463,0.8679459087229241,1.4,0.3288676215038569,17.33987680191983,0.4336688747136863,0.5275416898693857,0.3892331230023005,0.3001787618131816,1,0,1,0.3902519788948938,0.6240680025631569,0.2929281189353685,0.2700402635485788,0,608.2878621825945,SAVE
13,0.4395801195028701,107.50800269668623,0.0352141342068509,0.2610510228864657,0.2796169498648229,0.170258186057895,0.1914183190456313,0.2553649549194244,0.595143018724081,7,5,14,8.269846361283557,56,0,0.314313375638301,0.6668809838733979,0.9285714285714286,0.4635950211878684,6.168974652753725,0.438596754731589,0.299246647876863,0.263112956010097,0.4093251520464445,4,3,3,0.5605901929805583,0.0766427588790328,0.113325757013302,0.5752315452566621,0,1983.7884639924089,SAVE
4,-0.0345924899040748,7.361030933529166,-0.0519660926154008,0.0666638312268202,0.1285103064944005,0.08117740219184,0.0294080078160704,0.1429354491036757,0.2815252318389591,3,5,7,1.840257733382292,35,0,0.381979778386356,0.8661788016358578,0.5714285714285714,0.2606510818133776,15.574212502926237,0.436570154370246,0.0963693753907293,0.3642969234287271,0.138866359998265,1,0,1,0.2642438610459819,0.327365943873732,0.1304066886848243,0.2647345923129007,0,591.2478543567404,SEARCH
4,0.0734154596237807,33.28138336417978,0.2055154814209793,0.4274356464764402,0.1082748096962515,0.0991761715201872,0.2493485484366692,0.0923024171383295,0.1744844248125623,4,2,9,8.320345841044945,18,0,0.1703704632877839,0.4924213878310408,0.4444444444444444,0.4211115055209749,24.219961130233152,0.5495280571804765,0.0718417287689803,0.3729567010279775,0.5017092137776502,0,0,1,0.1856973343517413,0.5523457155831122,0.2273440861642415,0.2302800371341779,0,974.5916234966844,CREATE_PLAYLIST
4,-0.0138467989172979,79.68180888691307,-0.3107736111259241,0.2167565363364908,0.1182479950756352,0.0236642825852242,0.067012099628053,0.2866682782560372,0.4650291253036377,9,5,9,19.92045222172827,229,0,0.1001618739233776,0.7493670120413558,0.4444444444444444,0.2477195751233541,3.624582187310893,0.5069059414194982,0.4781443832595364,0.5607286744428617,0.0627418738839485,1,2,1,0.2391313839050486,0.053473767279373,0.3719028257058231,0.5740348931274015,0,1231.417964282279,PLAY
7,-0.1967372907521399,40.01252176421211,-0.0122445542480071,0.0835561127630454,0.2818442968226303,0.0629764418441755,0.0641171239631912,0.257393583314413,0.4016184741681449,3,3,9,5.716074537744587,110,0,0.0944939794553277,0.905701993012374,0.7777777777777778,0.2130618876519242,4.021267619399692,0.2855182122554681,0.3482900267180794,0.2091025307403862,0.3589081935240739,1,4,1,0.1323054421026447,0.4399628402217401,0.0176104252837655,0.3576402294910071,0,1175.0818749821735,SAVE
3,-0.1507463626186213,15.569261466793934,0.0695112576759378,0.2171590330902757,0.2900496070292807,0.0263621941121412,0.1631260965440365,0.1545926802067166,0.1668465258728309,1,4,7,5.189753822264644,341,0,0.2475410187786587,0.7158210930093658,0.4285714285714285,0.5178704684769998,17.694333577320005,0.4144500821130398,0.2817383080927225,0.3739644555067196,0.2658822646545966,3,0,0,0.060048930894288,0.3748552568019106,0.0347361709228117,0.2005868409343559,0,672.4827181100638,SAVE
1,-0.4168291968032421,5.002551065358409,-0.3804481779151153,0.3355201812167357,0.2772013695606167,0.0668134244533363,0.2923811907106898,0.0453749125251603,0.2805851133673272,3,2,6,5.002551065358409,32,0,0.2073085047037134,0.5914027778870151,0.1666666666666666,0.3682221905400763,13.76548911207042,0.5093668365690738,0.596442054324474,0.4898717273610046,0.2146243903636604,0,0,1,0.1349071500329291,0.3709881696912034,0.3177247835545017,0.2538773796949949,0,506.812086606452,SAVE
13,-0.2165273329365543,24.54957133086037,-0.2760082394019298,0.1395371791682172,0.1228957189940091,0.0428079813015242,0.1176569910510226,0.274415036535784,0.2357037518237469,10,3,7,1.888428563912336,36,0,0.1047237278150017,0.7888176818094111,1.8571428571428568,0.6083218524272712,11.730281293172874,0.2703486630917615,0.3338499510053977,0.1429198281371812,0.3700405237837876,5,6,4,0.0688063150329615,0.2920178898772369,0.3385228734495187,0.3598402863564616,0,1280.2658219520547,CREATE_PLAYLIST
9,-0.1638257554865934,43.81529836634208,-9.924000578557383e-05,0.0884212021220089,0.1463692608210731,0.1410116997559502,0.0310270779537006,0.2005480905860726,0.3129641613846137,5,2,10,4.868366485149121,91,0,0.1726654882497353,0.893351837541874,0.9,0.2911172645768421,9.268039139028748,0.306640766449895,0.0922438515198042,0.3029131668202134,0.0948902289341514,2,0,2,0.4695674651807031,0.2399431811085379,0.1856311167719147,0.2283487757424144,0,996.7496587916996,SHARE
5,0.005674234781555,76.87528897454294,-0.3255726504392822,0.4925103271961305,0.1563983278047896,0.0261460681828787,0.0873384020271801,0.1747711508595967,0.1442770789163323,7,7,9,15.375057794908589,1232,0,0.3380292552946741,0.4667307606817045,0.5555555555555556,0.3824498292781628,13.694779641767074,0.5295915286410708,0.3774232990216797,0.1926089748197462,0.4998173176459428,3,2,0,0.0924838791860725,0.450824234679668,0.3648973711690375,0.3989337656466672,0,1518.7489301610872,PLAY
3,-0.0462584077084044,19.261257180790764,-0.1155621092767234,0.0866267765537232,0.1070452156490427,0.0871721072180441,0.0934491407795076,0.1278512083136792,0.1507723171150467,4,6,8,6.420419060263588,189,0,0.3035033291646506,0.8325971074858259,0.375,0.2680877134082645,5.320761181277721,0.1865595200715407,0.1525010422389886,0.5054417563700904,0.4626077304698719,2,0,0,0.2287859213259722,0.2147786011731786,0.3712715363110607,0.2806827424403887,0,1013.9680594708116,PLAY
6,0.0357018243047297,46.43271444456506,0.1246278687480002,0.0860415811743894,0.0563028582574508,0.0187806196060602,0.2647185352767629,0.1926042172432562,0.3323621981653686,12,11,9,7.738785740760843,17,0,0.2688825739208988,0.9098463659385976,0.6666666666666666,0.215910352463125,3.8766470280007663,0.3176909689675161,0.5102189733891166,0.3243897013181096,0.3696054173850904,1,3,3,0.3305937086760208,0.3292391187973607,0.3529061769831639,0.680532164189756,0,1360.7295798413943,CREATE_PLAYLIST
9,0.0836787403174059,12.152623267530222,0.0726387824078168,0.3525648327262026,0.2037453761135929,0.0375028289110841,0.045070392000492,0.5131103572529548,0.388314518297449,3,4,13,1.3502914741700247,153,1,0.139849329564946,0.5791363720447973,0.6923076923076923,0.3153889691935447,26.374852595955065,0.6767548241215396,0.5278184007384495,0.5953594470345572,0.2167182061392988,1,1,1,0.2412584136389994,0.12802970754109,0.1714179060585441,0.2532207661252944,0,870.1642489853187,PLAY
8,0.1127117463455138,22.118894854415743,0.0649812526764509,0.0583955550788874,0.256736801466652,0.0704474681587992,0.1023367731345666,0.2315257591848691,0.507537047995315,3,5,10,2.7648618568019683,39,1,0.0511754420135906,0.8479897603998113,0.8,0.5311256429691621,29.642282746667224,0.1175974680723526,0.5703355944720657,0.0472496486888657,0.3734380709641506,0,1,2,0.1146293960187978,0.2732374887742342,0.2690736034729502,0.4809658753206373,0,1000.6995084458924,SAVE
17,0.0599837915040783,22.9542261522409,0.109617226101661,0.3871476605384199,0.1212655551866785,0.1285610145572125,0.2004230221436977,0.2091515856069295,0.6719007671744833,14,2,13,1.350248597190641,33,1,0.1524586979433567,0.5573127969003929,1.3076923076923077,0.607440068025851,21.727131275972365,0.4880774495145909,0.329876421906152,0.4013017677635537,0.4179276071425564,2,3,5,0.1279201559723804,0.3978940021167631,0.186897748522352,0.6717963834482625,0,1378.5587990083288,CREATE_PLAYLIST
8,-0.1157960450585018,27.97290313411009,-0.350440288666295,0.3002728551564786,0.1541492143493999,0.200434108157942,0.0746429352933655,0.1655644744834372,0.2682594329179525,9,3,8,3.4966128917637613,36,0,0.1634436731345201,0.6784941185264951,1.0,0.2713247372049118,6.964610953439405,0.6863119224928064,0.1630609135283456,0.2603573049951108,0.5046995003288787,0,0,3,0.1077445317230472,0.1334553103041527,0.1464391027842393,0.3709307993724633,0,1014.8909466498328,SHARE
4,-0.3327600126712712,34.985295907068654,-0.669286776647693,0.1414706749855745,0.0452596086709984,0.2059432951387447,0.087946941345386,0.295414973133256,0.5253969978858191,1,4,1,8.746323976767163,103,0,0.1606106718927853,0.8128601493820234,4.0,0.2355863392841875,18.894567456106184,0.6262703220917477,0.3567628841121003,0.4627261122424148,0.4375987087497852,0,0,0,0.1832086030094962,0.5842871468072769,0.5499188951846637,0.4208822103113271,0,630.0575896855246,SHARE
6,-0.1051314401881534,73.10173896399088,-0.0872320155824896,0.1857722472966925,0.1825732510271907,0.0428978521798559,0.2333288133725538,0.0763436775948709,0.22258659444643,11,4,12,12.183623160665148,113,0,0.0475080659620198,0.7441396458554702,0.5,0.436520998618712,11.300678034625957,0.3649497025360715,0.2544239942803283,0.4709307271546196,0.572020997671633,1,3,3,0.027100229270358,0.1786390164815071,0.1528230465272337,0.4231210134298556,0,1737.243208834912,CREATE_PLAYLIST
2,-0.1898259210037857,55.828229607436384,-0.616920552392346,0.0976726905530588,0.1936333838055922,0.0756875647469237,0.0268073436134939,0.1588620596844917,0.1988839319324027,3,2,7,27.914114803718192,832,1,0.1977434892245854,0.8429430401281727,0.2857142857142857,0.8267511363838325,19.63660226059069,0.7769753427531839,0.1229843506937083,0.0457403604844871,0.2103832386366534,1,0,2,0.2841204506500166,0.2621046112411959,0.2998548145189475,0.2255354098676143,0,1043.7059601498106,SEARCH
4,-0.2026690633798205,52.50415776655871,0.0369727715268577,0.0223757656635208,0.2323735438806538,0.0787155046278934,0.1557407319676317,0.0506074965978721,0.2925514102066189,3,3,6,13.126039441639676,356,0,0.1762348990942658,0.9292984981534408,0.6666666666666666,0.3916506669992721,13.896245847693542,0.5346286194868476,0.09780056087646,0.123159447529461,0.0962082034108523,0,0,2,0.1962318296904499,0.1153965133989212,0.2343798921888195,0.3039401151076642,0,763.1377999228866,SAVE
5,-0.1140502338089779,62.50782007453496,-0.128491204538359,0.1527734768035817,0.521420613361875,0.0249472350180504,0.0955856058995513,0.4710845093522982,0.3524133935242709,4,1,4,12.501564014906991,219,0,0.3694625466855521,0.8355822957150851,1.25,0.1499178077627923,24.94155546511341,0.4531669056002613,0.1766302468474723,0.4456410953962409,0.5722909352370751,1,0,1,0.1136046435012057,0.3531303443067068,0.1670234044977198,0.2398959089859826,0,1113.6477791282375,SAVE
10,-0.1437469694829127,34.9001165259821,-0.1733152318318293,0.2309709403782862,0.0970614060730335,0.1752698527943855,0.0580476606876274,0.2727576587105595,0.3779156502845958,3,3,12,3.49001165259821,68,0,0.3978550215079495,0.657294154209382,0.8333333333333334,0.4402354733276236,5.031315832542697,0.6099305847229051,0.4670399413630449,0.5098957170343367,0.2367374541787632,1,0,3,0.1672968912970963,0.2034812077990309,0.1198989746432122,0.3605462837694183,0,980.3158744712216,SHARE
6,-0.2439741438531556,37.87535061350822,0.1067635608811135,0.5044246557759996,0.2108721314015118,0.0162255206725671,0.0495679764356908,0.1431768488332986,0.1963834867107503,4,6,9,6.312558435584703,25,1,0.2356268137065489,0.4380317828833659,0.6666666666666666,0.2565761134234289,14.822191251200842,0.4320964876762941,0.2455438494938229,0.234790215989893,0.3433279968453167,1,3,2,0.1289171792987533,0.2952280808803588,0.2370204444176583,0.3483790641739164,0,1197.808117364542,LEAVE_APP
7,-0.2923343031204987,57.22406026675698,-0.1991259670691735,0.1581685647800842,0.1337495551644492,0.0826939935865701,0.0423655028316887,0.0440080767631434,0.2493907405051003,3,1,8,8.174865752393854,96,0,0.2485330422823202,0.809043541092129,0.875,0.1126354323213709,10.76312579461795,0.4451886832468611,0.5738195107992691,0.0493923319743789,0.1800707281601629,2,0,1,0.1910981932715088,0.2103050368676084,0.2255194306575801,0.204640546124457,0,999.811867186038,LEAVE_APP
5,-0.347016134646717,38.89684230497536,-0.3638869607948221,0.4911276055021596,0.2324861433808564,0.0541850132733711,0.0722571553896205,0.0204525446039472,0.2062336271980125,9,5,9,7.779368460995071,254,2,0.074421036676622,0.4152522981695637,0.5555555555555556,0.6108667092946647,14.951407810515576,0.4938852972720579,0.1327621856693303,0.2074648280699764,0.2782840286933462,1,1,3,0.2267043741128878,0.4066479253822535,0.2261665820082696,0.4729702937288622,0,1077.6568165658523,SAVE
0,-0.6764900174795097,12.148853290883483,-0.5664404634767195,0.4961340420265697,0.2607703021470123,0.0611827234180804,0.0591689024610295,0.1971489826007938,0.1574350726095659,2,3,5,12.148853290883483,502,1,0.2002758677193013,0.4651854512779855,0.0,0.1898954541911251,23.145920471179704,0.5021491601895967,0.3428077067628804,0.2302959892576116,0.568249973812495,0,0,0,0.1361555393978907,0.4912130314748734,0.3934480113425659,0.1817333754267113,0,796.9289379280302,SAVE
9,-0.1536537442849346,33.99075174012899,0.0495780406466293,0.3174315832560877,0.1414779368155844,0.1921801709345256,0.2386226361367256,0.1426333403783397,0.3356679093973647,9,6,9,3.7767501933476657,61,0,0.1732837166161083,0.6397337800940428,1.0,0.2377807378391067,20.497295223327324,0.0620303926883123,0.4305691050288817,0.4283102702424555,0.3358899742427715,4,2,4,0.0891635280424949,0.2425191520020757,0.4194336843297066,0.5340215483774139,0,1137.485330589024,CREATE_PLAYLIST
5,-0.1233110524115692,71.82274297136784,0.1118937067698814,0.3118394228623418,0.2951973331836886,0.0978625389550486,0.146350373936119,0.0924650149505876,0.2371506991738726,6,7,12,14.364548594273568,58,0,0.1348818519454619,0.5861604849683195,0.4166666666666667,0.6909628519945737,5.796849640585458,0.3499834212957423,0.3265270080631336,0.127374962473111,0.5678247261135868,1,1,1,0.5239316198439743,0.495881164438172,0.216334336832252,0.4190980986525591,0,1575.33746450187,SAVE
8,-0.0579750560384199,47.05963121837943,-0.2223450037483328,0.5090452754119585,0.1572747888318849,0.0464180605438658,0.2079898369914521,0.2376874184972635,0.068147749883052,7,6,8,5.882453902297429,250,0,0.2582687799808926,0.4529253471666955,1.0,0.2606981424516196,7.402063623567069,0.5023950812714001,0.2096636685919127,0.4010354002195685,0.1911556431977314,2,3,1,0.0916413139715162,0.1324212991564962,0.2738661035211664,0.2079818666078381,0,1031.672263793915,CREATE_PLAYLIST
11,0.0269590794706949,74.12605847941883,-0.0140542057966415,0.1610749515887475,0.1205103106672249,0.0947275685507093,0.0726175376746315,0.2594770191697383,0.1058833250173203,3,5,10,6.738732589038076,202,1,0.3656334967925596,0.7880129595090685,1.1,0.3633103796795908,7.041248539657956,0.0393714269282911,0.2067825905108124,0.3256035664928495,0.3932041708820037,2,7,3,0.2267081465652921,0.0430136735868601,0.3992506664885116,0.2251983138960487,0,1558.638368022766,CREATE_PLAYLIST
6,-0.1554779318066008,35.55821179525166,0.3461233559860683,0.1200401530155593,0.4155390904875269,0.0889207120187584,0.1541959719404087,0.1461546241701895,0.3480973679495535,6,7,13,5.926368632541943,13,1,0.7889870191144622,0.8113040885639322,0.4615384615384615,0.3320074272019971,9.536972483300708,0.3961992420653626,0.0613172785573833,0.0669011004134982,0.3167243047590488,1,2,2,0.0264602464438012,0.1405556457261396,0.4028870089974968,0.447197414603981,0,1350.1200829124489,SAVE
2,0.0626330393229863,24.63058731518184,0.0233118051482989,0.0378698980431057,0.2807325897602249,0.1003745764758472,0.0642595839958353,0.4257070405006982,0.2573267781174119,3,1,10,12.31529365759092,82,0,0.1439893497691669,0.9183438095621834,0.2,0.4792413518080592,11.55382788451266,0.5050770896869748,0.6798965171500173,0.1915314269591845,0.5252052504307847,0,0,0,0.171272769388735,0.1883946308995487,0.355684802132131,0.2390839002446672,0,1108.7034134152375,SAVE
7,0.1497833720043248,2.2572736490230083,-0.0109990006563361,0.194603803817481,0.0352483141375275,0.1924517027528774,0.2514344220868147,0.2507528814580694,0.3786373785078274,8,7,13,1.0,229,1,0.067352368788589,0.7644680706274063,0.5384615384615384,0.3197457361751456,17.552167427483933,0.2720289510190616,0.4806528845123428,0.4312203077949293,0.4223112012794,1,3,5,0.1875941302583299,0.3959416268576468,0.198680921753295,0.4716465029395458,0,1096.419145783104,CREATE_PLAYLIST
3,-0.1436094236534395,73.63886824175101,-0.1974659543084518,0.1153372032265292,0.1843922962166027,0.0357980167707082,0.0691160098608808,0.1698775421511785,0.1321936781683772,4,3,10,24.546289413917005,83,0,0.0601659910619833,0.83819051069476,0.3,0.4911251371226809,12.320599967751596,0.2236685068390781,0.3256558379165065,0.2151598605550598,0.098298792042235,0,0,2,0.2576312235704046,0.3776918007509984,0.2857573226285765,0.3207355246299986,0,1205.896886402341,SKIP
11,-0.026796845747743,97.60085220576596,0.1795107753436521,0.2333014108490573,0.117271705270188,0.0240353058054051,0.1003664128918701,0.252589614159838,0.5967585094445513,14,11,12,8.872804745978724,139,1,0.0710633189758881,0.7457819944758122,0.9166666666666666,0.5719333955795105,21.19000355177494,0.4510140998720851,0.4642227982786742,0.3050615649251108,0.3508921249178255,3,6,5,0.1941949917841181,0.3358840805659404,0.0428956801222793,0.8200659551915203,0,1957.286786304168,CREATE_PLAYLIST
7,-0.0164736576274986,34.530889280835375,0.0040866360082726,0.2919826835500469,0.1681341696284106,0.0233900720069802,0.213224071963637,0.3660227292718324,0.4191550320335209,9,6,12,4.932984182976482,57,2,0.1476820862673634,0.6780993913147233,0.5833333333333334,0.2369690296977777,5.468886867220785,0.1186109203789395,0.4002006095772471,0.3641883828240235,0.5540161075322353,8,3,1,0.5567099783026076,0.2541086513169923,0.4009136105775221,0.5063238672087612,0,1443.7369665408155,CREATE_PLAYLIST
8,-0.1020341326933686,28.871975324283124,-0.2695816466436918,0.421096877312935,0.3906833744459757,0.1322059025689686,0.0314116823625241,0.101402713576507,0.4049305575009215,7,3,7,3.6089969155353914,9,0,0.211301484248647,0.5784366849423733,1.1428571428571428,0.2520499964256096,19.91127594741989,0.0893869082448935,0.5261195174360067,0.332160202364927,0.4019202930346016,2,5,4,0.2502319204272872,0.3194713155883484,0.3324141108843522,0.390176369740309,0,1145.3906947123023,SAVE
5,0.194602223462903,66.68957093424537,-0.15927610175257,0.208524631966302,0.0961001505998619,0.0297219150297579,0.0416083715133624,0.161693125075983,0.6742546451701659,4,2,8,13.337914186849073,219,0,0.0292021365331531,0.7346353116328621,0.625,0.5768869105712249,9.177950608259207,0.480421776715524,0.0846987577928855,0.1923684821895678,0.1503370903669538,2,0,0,0.0372117107259035,0.1480106937449527,0.2809450596483048,0.4590148279988729,0,1001.6054133317458,SEARCH
4,-0.2066701513062134,73.33994542110193,-0.1000994711722244,0.317334825554883,0.12543118618832,0.103024681006064,0.2564628745388018,0.1591529668815778,0.2580370591750861,4,5,11,18.334986355275483,9,1,0.0943622761178931,0.6196816559866801,0.3636363636363636,0.7826226620419948,20.00146412291126,0.3703402129035633,0.3520503031975848,0.0989267705249722,0.0445911794527122,0,1,1,0.1088926197817089,0.3221638555571439,0.0864236286846997,0.3945497412439719,0,1183.3576423146174,CREATE_PLAYLIST
4,0.1845923346035219,82.655690838906,-0.4134449373637749,0.3014343104468472,0.1797077858210442,0.0569659799386959,0.06206759975499,0.1884587691482164,0.348971865058179,2,2,6,20.6639227097265,7,0,0.3114774505965236,0.649063133111226,0.6666666666666666,0.3060196914598542,6.079179259719714,0.1639937858693249,0.477178434658028,0.2140228913552052,0.312792776928913,0,1,1,0.2265524008453895,0.216539866075753,0.18636428105129,0.2296442512897001,0,1130.8179222367548,PLAY
7,0.2485222420969318,43.90895323448437,0.3072222683467867,0.1009435571694252,0.110356953220592,0.0805851376235474,0.0905060105001692,0.2640024473281974,0.2744219054823708,3,2,11,6.272707604926339,39,0,0.4190354817707912,0.8142051923605638,0.6363636363636364,0.3497409451703401,15.1785562432505,0.7552767094753774,0.4950721639494531,0.1022334583158987,0.2790098067051392,0,1,1,0.1691898552389463,0.3629128939498702,0.1408814490141559,0.2585317937736824,0,1057.6719241075014,SAVE
11,0.2100918045933006,22.73381249269477,0.0262681257961816,0.0343926862749716,0.155819469393577,0.1422996149237946,0.1977541782504352,0.1003747953614084,0.0827283486843586,12,3,8,2.066710226608616,66,0,0.2534539709835574,0.9195946201590528,1.375,0.3536467304825909,11.810947530977352,0.4051409521709986,0.1511992276466257,0.6243136381159113,0.375619058725502,3,2,2,0.1721627574758595,0.1075263871063462,0.417115534828774,0.293948660723234,0,1132.5916785432628,CREATE_PLAYLIST
10,0.0001019890383886,75.73810259928132,-0.1764523049062628,0.0947761249136796,0.0879408278130283,0.1082737255375616,0.1467891938411034,0.1642105842040198,0.2056179284634097,7,5,8,7.573810259928132,268,0,0.0915034171205593,0.885371288272017,1.25,0.3139132008745724,7.347008893718127,0.2477585156109151,0.1012771558512458,0.1541047898378429,0.2205874423443596,3,5,0,0.1965444057138135,0.0393454116745246,0.526515695996469,0.4121946817400241,0,1354.1195090909607,CREATE_PLAYLIST
6,-0.0411106854264711,43.55058468248592,0.0975435394307352,0.3982399247304113,0.0629902563569315,0.0238786491010349,0.0409495055951713,0.0509277301714066,0.2258973139486273,6,9,12,7.258430780414319,1036,0,0.1139594966486721,0.5012785687133716,0.5,0.702851231865709,9.91519010752731,0.0731417800649622,0.1878050388509465,0.253174562613676,0.47681791657698,1,2,0,0.2883987934253752,0.281510987453712,0.5433660563654336,0.490995775818146,0,1273.0672068264716,CREATE_PLAYLIST
14,0.3662213225951976,71.59838346738438,0.0264589104189914,0.1515966754112192,0.2213856504421338,0.0671163790602766,0.2471996216801188,0.4664359707660991,0.5153045095027019,14,6,10,5.114170247670313,34,0,0.0710124173402386,0.7889754935466284,1.4,0.2166114013315096,12.086912999878471,0.1108057797219319,0.0589614922651896,0.1341072282799039,0.2628734174597169,4,5,9,0.3200310728571083,0.4263556595020305,0.247544747879795,0.7408447000684464,0,1597.6855373191047,SAVE
8,0.0629427294212879,16.11320113894666,-0.0798447475767218,0.1825025386592617,0.1711855705729438,0.0799147947930839,0.0865274066311095,0.3280010750611962,0.474240041423669,8,2,10,2.014150142368333,78,0,0.4634892031067449,0.795607024188974,0.8,0.5684251266211271,10.015182403119562,0.4148566902370468,0.7247062443951786,0.2578134092828021,0.4445677053183227,2,2,1,0.0697865663458367,0.2033269862457352,0.3668456860516953,0.5234352071737159,0,1096.171296440822,PLAY
7,-0.2219193494467736,35.48704535942751,0.003402561681433,0.2531096737916197,0.1910714901875812,0.0831101318142824,0.0790614926831299,0.2712907002809558,0.2906145546867238,2,4,7,5.069577908489644,152,0,0.1034534666339705,0.6623457610046567,1.0,0.3505617712165875,8.663645751055636,0.3575157859639981,0.2386143718089109,0.4862943469204242,0.3534906632321756,1,2,2,0.0632592223864769,0.0673189230480582,0.216140072333503,0.3074517674379765,0,846.8970819154825,SHARE
4,0.3406085685137285,59.166337745493394,-0.1530418587973152,0.1269031507803477,0.1239055223027746,0.1845841930946817,0.0940274194478108,0.0736421012473129,0.1161363500412627,6,1,10,14.791584436373348,84,1,0.0524291785663444,0.7927977319559855,0.4,0.2941462224956981,12.304563000886835,0.698375430882229,0.4271066341824795,0.158124090721716,0.35250901084245,0,3,1,0.2161336780303467,0.0929789647393783,0.165272531834194,0.1858187443143993,0,1368.1071969774243,SHARE
14,0.1762108913544995,54.91850108725765,-0.1776580456385251,0.3795466863696499,0.1862174733155402,0.0510398597525841,0.0969664806220941,0.3622952111680333,0.3570632427291291,19,8,14,3.9227500776612607,591,0,0.1846605628616211,0.5661705039474296,1.0,0.5212741292354028,14.21554055107002,0.2123884804700966,0.3330612419262384,0.3353446822666528,0.5047340377855938,4,3,5,0.1091997110360697,0.0475795865387353,0.3116099017537732,0.6942195970329604,0,1827.8347006712609,CREATE_PLAYLIST
3,0.1798882137330995,6.499590711482908,0.3581688479022196,0.2912700428401209,0.081625414730862,0.020295565275089,0.0778630897785713,0.1268661039020326,0.1744864933812388,9,4,9,2.1665302371609694,2123,0,0.0872473689687329,0.6691459168350776,0.3333333333333333,0.5898214137240568,40.13048914152263,0.2775697757794197,0.4037119910068267,0.241415142851944,0.3209538392311887,2,0,9,0.1157874937060183,0.054606164027093,0.3987525524187377,0.2960763462290455,0,870.6144024418494,PLAY
1,-0.6193706152066,22.49603657785331,-0.6193547244273405,0.1558306543992327,0.2549771849738401,0.088421364629279,0.1112766152145856,0.2076191834657564,0.4269891356677663,2,1,4,22.49603657785331,318,1,0.061121866462286,0.7934779488287953,0.25,0.7365331310438745,96.0,0.3069765048343832,0.1428647823912515,0.2740673555716915,0.2443383830179556,0,0,0,0.0398087917629546,0.5862891557082014,0.2612000738399603,0.323692293545262,0,626.0683969386329,SAVE
3,-0.1164333608365289,71.46894814260641,-0.2884927914090263,0.3390091511200208,0.0585149683454014,0.0680928827038696,0.0265689925206136,0.1019196291749287,0.348911590534062,5,2,10,23.822982714202137,196,1,0.1150977845994737,0.5472592460628037,0.3,0.7503208206299884,11.86321165289199,0.3181608584532578,0.1539799350609412,0.2268713073034385,0.5594763405610689,0,1,2,0.2675792332094419,0.2720195758154541,0.3717997851576263,0.2740434808422933,0,1359.6522486193094,SEARCH
3,0.2327931763311092,22.252808470824185,0.0532391127015272,0.0437933044004195,0.0885426998348164,0.0341595587902622,0.1792353731862299,0.2758006143713646,0.4455307228396579,4,4,10,7.417602823608061,43,0,0.2699881986586163,0.9317664343693371,0.3,0.2694987490217722,5.070960551136098,0.4143783219584454,0.4892839945064744,0.3776327196395833,0.3482963554319579,0,3,1,0.0459086164498114,0.3110791606585527,0.2978761691288339,0.356433382974852,0,1021.0064988795503,CREATE_PLAYLIST
5,0.2060671293364766,53.45169223619493,0.1019948978114756,0.0757248348906155,0.4994553019008045,0.1005718560700592,0.1370129468770403,0.4273470664382836,0.1974155985889401,4,5,10,10.690338447238986,506,2,0.026066509328938,0.8856183846580273,0.5,0.2898997900051934,6.871107606474513,0.3098419473566575,0.3143732258865525,0.4198559452395859,0.2201671075975593,2,2,0,0.1736306874921385,0.5619395697314692,0.2992106264082722,0.3157219505348007,0,1270.090565778915,SAVE
9,0.1386125928306217,28.390587790923654,0.1203731539648972,0.2472450636805787,0.1750229038863068,0.0421815874485656,0.1595580767462647,0.2608912579006993,0.5399917021730938,9,7,14,3.154509754547073,705,0,0.3851438397593652,0.7058463869177455,0.6428571428571429,0.4494875793445563,6.551046560625927,0.145492186825634,0.6393990715647072,0.2069009208323166,0.4462119690744486,2,4,3,0.2157922761420367,0.1958069048613517,0.3021127426473629,0.6264728867044839,0,1446.3711744657785,CREATE_PLAYLIST
9,-0.2611219022320591,31.62653340428709,0.0622179986389432,0.3907648056635862,0.1072747925697965,0.1032093343142798,0.0042644373913684,0.2195253316198958,0.4631532377271601,6,7,5,3.51405926714301,14,0,0.1763671719329351,0.6265625133823558,1.8,0.2943781716332157,8.120535980088182,0.4811550542491138,0.3874852994742823,0.3287271157974288,0.3601546485569062,2,0,2,0.2496813304338234,0.3113853894704738,0.1433705439315603,0.4928739673111072,0,861.9210177652591,SEARCH
11,0.0622900531137339,62.83589241064102,-0.3120372334336347,0.498695644135058,0.1386653600075016,0.0672979771109866,0.1409210549053508,0.2973685806847601,0.6563073103461029,11,9,12,5.71235385551282,21,0,0.028722468756015,0.4407824469041251,0.9166666666666666,0.4855955644943406,11.22794129072803,0.6926332705096886,0.5125711639167636,0.3630547237302489,0.3932224559101782,1,4,4,0.3853160701752083,0.1745355171016558,0.0472520171793158,0.7758866217553184,0,1623.9799594161625,CREATE_PLAYLIST
5,-0.1206062481238644,65.50607926666466,-0.2379150595820497,0.1705180056217349,0.0706999156578743,0.0848325255752135,0.1234868129432378,0.0697913588061378,0.4599336383069063,6,4,9,13.101215853332931,104,0,0.662312630623866,0.7818369187091371,0.5555555555555556,0.6384564053705696,3.93303245041572,0.2479068940125276,0.3888387182971788,0.4652037635795046,0.5963291716388951,0,0,0,0.3223451018463138,0.2030028548549999,0.2235267260617426,0.3830173990597666,0,1377.8610779728072,PLAY
14,0.0012152866230933,15.6098050878265,0.0793642390303631,0.4677033871261316,0.1578016674173637,0.100119501603411,0.0144577681629944,0.3830273768180347,0.3682694502199057,7,3,9,1.1149860777018927,223,0,0.137155210716873,0.4482489343601687,1.5555555555555556,0.709480558631028,7.343277517364042,0.1835177613410447,0.3164020620948505,0.0968573826022239,0.4033807455719977,5,8,4,0.1795980335059292,0.2671337218911329,0.1651013421350753,0.4096991657738099,0,1196.6090936188048,CREATE_PLAYLIST
2,-0.1971816436462657,45.51669999422956,-0.1095071270175672,0.3029846239999745,0.1867050806412382,0.1520126365350143,0.0887797428226997,0.1190487842572675,0.4625729570933646,4,1,7,22.75834999711478,47,0,0.3414406384685875,0.6623056380818103,0.2857142857142857,0.2140880105968174,24.841232025348628,0.6299392853097734,0.4236161130043782,0.4302351664132379,0.2700199078113813,0,0,1,0.2441834140938406,0.3602554475259196,0.232907648266218,0.3442691933051283,0,923.8743480626258,SHARE
5,-0.071949686330356,9.127720192937716,0.0004904923152059,0.3184880690187924,0.2999074712579105,0.0735381736698659,0.2610531595700226,0.0224129185189525,0.2601011712176931,3,4,10,1.8255440385875432,341,0,0.0912403162318421,0.5927430079699406,0.5,0.5670199827370146,10.089526936983797,0.6470626709407622,0.7179038865711468,0.3112779513462771,0.0381688757957097,0,1,0,0.1914241514453944,0.1617584197970985,0.2354632130749541,0.2602045944331944,0,803.3554540052965,SAVE
4,-0.0827301215042121,7.4877066263073875,0.0351622431325123,0.2027730288423267,0.0698762015560699,0.0696823992588395,0.1007723756594254,0.220186972250426,0.3433480195204557,4,3,10,1.8719266565768469,63,0,0.0859758660185377,0.7751079066582471,0.4,0.2984481794331392,10.01033279196582,0.5039258416567551,0.1809502282359026,0.4574011511738593,0.2095429095925949,0,2,1,0.1008706380081155,0.1159009926386009,0.1774292279110164,0.3248991064034584,0,868.791551183732,SAVE
5,0.4111040523903101,98.9250846920853,0.1662978048893382,0.2880990212491013,0.1265795331036968,0.02248959240022,0.0778165774479611,0.2098845092697241,0.1993052663076737,9,4,11,19.785016938417066,573,0,0.1551097072634645,0.6736165834140018,0.4545454545454545,0.0578418261308942,14.508813251913356,0.2112637336574762,0.3204952309798985,0.3231395906179481,0.3493641870900756,6,3,3,0.1381491824838736,0.421173361068549,0.2465617325227977,0.3791948219108478,0,1743.213148700995,LEAVE_APP
3,-0.4220370223796876,11.178606447879254,-0.3296670203368342,0.286479920234063,0.1669181860037532,0.1914009969942375,0.0550452803689959,0.086666483813275,0.434566061127057,2,4,6,3.726202149293085,815,0,0.4404894224209673,0.6284153123909262,0.5,0.3603858550865342,9.66596427711421,0.6181014617202746,0.0903855767039691,0.3344399742094899,0.5539231516879118,0,0,1,0.1325327680313188,0.4603720613626099,0.098277059809013,0.4350261929984392,0,914.6644329309491,SHARE
13,0.43516490442906,26.82031390078849,-0.0916474571914866,0.312713965770781,0.176615911263066,0.0473105224680711,0.1962929622563955,0.3566201787553877,0.6310427912481538,11,9,10,2.0631010692914225,203,0,0.3434723578959732,0.6667056894988187,1.3,0.7511516677175756,14.016958824337424,0.1167881844407686,0.1192952350063261,0.2277552033824067,0.4676626015132327,7,2,7,0.2739470379074287,0.2176294347449578,0.2039083374252423,0.7053001800156621,0,1235.098615687322,CREATE_PLAYLIST
7,0.0642554914223076,29.30900457719396,0.0999552524395209,0.2864127134111642,0.2543033208868966,0.0724809774508601,0.0486489346549506,0.1374033818626152,0.352041878964015,5,5,8,4.1870006538848505,231,1,0.0949143851325182,0.658930393257109,0.875,0.5583007842669113,4.3483101060629785,0.0249003815446403,0.2703783955656296,0.2642978675885886,0.2823051177403117,0,1,2,0.1824099599495297,0.4309009859163821,0.3950221827134551,0.4052829971785376,0,1034.242582125544,SAVE
6,0.3513987079696529,22.280179995138035,-0.1440048256455062,0.5502731762645109,0.2260490544743751,0.0345178561726893,0.2667306440864083,0.1149901800926657,0.4574361887882934,7,7,11,3.7133633325230058,380,0,0.1024994967711464,0.3897182069120006,0.5454545454545454,0.3165728783474396,12.807160407617568,0.1520452696139291,0.4865463189541256,0.3491541927670661,0.307620297958687,6,1,2,0.0931780906318104,0.2565726253420943,0.2203638531467879,0.5202660532621096,0,982.5865852816144,SAVE
12,0.3105822824707469,30.44215803316439,0.2438413464129746,0.5825552419367499,0.4222618598320818,0.05615076515892,0.0699644651953645,0.0576179313751943,0.3966614138254937,13,14,14,2.5368465027636997,135,0,0.0172122869683901,0.3276702913806992,0.8571428571428571,0.3956300362134559,3.4412563293769707,0.1646212666068348,0.1091288493705102,0.2661620104020589,0.4743718001155708,4,4,5,0.1235895798822189,0.01,0.1324640349452467,0.8395179513729539,0,1538.301996165094,SAVE
4,-0.0632995190323923,29.487259580069654,-0.218892237520347,0.1881234685581671,0.1098064829941533,0.056587702486505,0.2342037820671481,0.1639597264052109,0.32385300593077,5,5,10,7.3718148950174145,72,0,0.0706672022819012,0.7732325707808415,0.4,0.4698310326553774,8.888232010251201,0.1762578291335487,0.168242989139566,0.3348973264429522,0.3299924777629324,3,2,4,0.1885085247622648,0.3906572118665181,0.3035855323785257,0.3553260662940232,0,1009.3406002441992,CREATE_PLAYLIST
7,-0.2584703215297841,129.9852545210023,0.1267189759496144,0.09283852581889,0.0422196327558752,0.0742874394986419,0.1781130378009243,0.3408263139111802,0.4910680919431415,6,9,10,18.5693220744289,575,0,0.1885493443953242,0.847503922624006,0.7,0.2722875379216363,8.319736389654034,0.2297709799798206,0.297286682367318,0.1781461382992218,0.5122093796143613,0,1,3,0.0238306617704555,0.1391279421520187,0.3355550267587163,0.5988673770022649,0,1808.2607791472856,CREATE_PLAYLIST
9,0.1067280260098066,9.330337635236276,0.2780149535127139,0.2334301669764206,0.0735010891727889,0.0769348810174404,0.0615698406946038,0.1264621889336281,0.3475050781314942,6,6,14,1.0367041816929197,78,0,0.1407695829252535,0.6999166324637343,0.6428571428571429,0.2731708295902579,11.816064900378834,0.6547662093808737,0.191403458957921,0.4904518732438359,0.2118835661294246,2,6,3,0.0658862942945279,0.4717018601543208,0.3729229140553299,0.4022174168778812,0,996.1076080485848,CREATE_PLAYLIST
5,0.2714289495231642,65.97306270309126,0.0564387684168541,0.09629401194688,0.1711143346066688,0.1915573597965246,0.2746087966204558,0.363079699807285,0.6292825114520988,14,11,12,13.194612540618252,138,1,0.2554571460872427,0.866221101676565,0.4166666666666667,0.7823985357927445,7.946745349187058,0.1394735833953326,0.3795276653091858,0.4109890620580089,0.488177262602593,7,8,5,0.161491240708768,0.1100397104706638,0.0490103551911805,0.8690494011961826,0,1833.0604134001887,CREATE_PLAYLIST
3,-0.1584607357189033,62.157996194488426,-0.4163413917590881,0.2574272070485208,0.221990006510833,0.0853435044475397,0.1664225026731493,0.3642457936534202,0.191545922089462,4,3,7,20.71933206482948,65,0,0.17693152797763,0.7032469064021224,0.4285714285714285,0.4393437129739591,15.802272620521132,0.6555452604694987,0.2190924606247946,0.2046820329060043,0.5780868979515573,3,1,0,0.0860766412688911,0.1308310284279806,0.2301334739922821,0.2640954164792274,0,1355.9431988541162,SAVE
2,-0.3492516911555732,35.83980516459096,-0.1924432860333025,0.2329821430675251,0.051320741058791,0.0089574140302809,0.2269868687413637,0.1694900494698927,0.4548453980845469,4,3,8,17.919902582295478,20,0,0.2543013018714228,0.6977058901760604,0.25,0.5937243084154258,11.83427035664577,0.2436051822952649,0.1237949260252214,0.2700041792283639,0.5449778450725115,4,0,0,0.0514921329888132,0.0309751462962272,0.6194606503066123,0.4240876181065454,0,1103.3369256202077,CREATE_PLAYLIST
0,-0.5054449885154265,9.90540138611256,-0.4574502758881059,0.4643633163056784,0.0370789990482733,0.0689632966049387,0.0492045597903809,0.0747879253434117,0.2520844120592126,1,2,4,9.90540138611256,98,2,0.2329158070708446,0.511576969668664,0.0,0.17663092632162,23.81180620422248,0.3694366240472148,0.3795882238814747,0.0781751266833699,0.3417264757051758,0,0,0,0.1716026970665659,0.3038072282953912,0.183965231757618,0.2315318888462518,0,448.5576138153059,PLAY
3,-0.6175224456348937,5.143601629357089,-0.8273829465495333,0.1584264339440316,0.0683807574024088,0.0336496497640144,0.0256568551203993,0.1755282294851527,0.2825394717895439,4,1,3,1.7145338764523632,28,1,0.2315643827306704,0.7670979447190897,1.0,0.3799916924244629,31.53012811058939,0.5268641654359275,0.37199940786706,0.2483666502350851,0.4502620712207357,0,0,0,0.0948870577568291,0.5508826354447761,0.3989119070699348,0.2074456260335715,0,553.9552013566349,PLAY
2,-0.5101947927618458,12.970687163890451,-0.6173136011568391,0.4941643098005835,0.1074582530388814,0.0767916129126158,0.0873243749102669,0.1418858952790842,0.3544535108711968,3,2,2,6.485343581945226,38,1,0.0468340084101418,0.4379503991043179,1.0,0.4636464771778525,40.89856043992068,0.5444555443727304,0.533636113744286,0.3530210029565837,0.2242161933891085,0,0,0,0.0906070772438074,0.4798923009824973,0.5254034963063314,0.2452424948700149,1,287.9770516769752,LEAVE_APP
1,0.1434625863056541,18.462072890402872,-0.220492830866287,0.3410587730923052,0.3635394410811744,0.0651405808690001,0.112337569701385,0.245553389424549,0.235170540710348,6,2,12,18.462072890402872,158,0,0.3085283787212979,0.6107907326089739,0.0833333333333333,0.1780999156174421,9.310324497386112,0.7966327292731351,0.6293367440427458,0.1693933772081051,0.4963008264788937,1,0,0,0.1321875231756299,0.2737383719349294,0.1929643274880027,0.275875145836129,0,1283.7514297873297,SAVE
5,0.0984840496096374,4.210654575471516,-0.320882761443801,0.5411909413812791,0.2324329459453902,0.1236190397397698,0.0551237303386024,0.2603522434147838,0.3803478100740052,6,1,8,1.0,91,0,0.1753465653148393,0.3995899547642612,0.625,0.2373648039322161,7.02435336159084,0.606462895268283,0.3838769724896058,0.3726303224233974,0.2371586424801188,1,0,2,0.2047622472996502,0.1243379399726956,0.19667226086155,0.3401669038345928,0,789.1314069540707,SAVE
12,-0.0107449401547824,112.2407803788646,0.2680952288766856,0.1786032902336203,0.2651133985483442,0.1254754486686161,0.2423646561196308,0.4024570739207284,0.2967059926252091,13,4,14,9.353398364905384,240,0,0.1403969390454467,0.7797245141596789,0.8571428571428571,0.6549293743191026,10.59226621660988,0.1019882121605938,0.3163380850753407,0.3374634696130777,0.3495873129776595,8,3,3,0.0640170697642024,0.3167606649798153,0.4813268442591651,0.4032995265469321,0,2054.8071077907302,SAVE
4,-0.2175596536422641,11.331606451576194,-0.4206218373396748,0.273065047839066,0.2225095272025803,0.0311386604089397,0.2437149375301588,0.1214778100798645,0.0778412525008532,2,4,6,2.8329016128940485,72,0,0.3315560672506267,0.6532586370875977,0.6666666666666666,0.2345176175669264,5.963197318931201,0.469823961070519,0.3781765293970389,0.1770955383645001,0.3636253186164037,2,0,2,0.1882157622630177,0.2725751935691596,0.2201862718884731,0.1703432896491087,0,749.7509713028057,SAVE
10,0.044909180482375,24.776964316287494,0.3000543633667005,0.4212499600615365,0.1628624686399366,0.0157293441951193,0.0734712219739464,0.2153572476104095,0.5347901293713553,7,7,10,2.477696431628749,56,0,0.1292642254027,0.5463881998343264,1.0,0.1461667275612756,27.659679626114823,0.4571756217827372,0.5008649133751988,0.4269060988130367,0.5714324486611173,1,1,1,0.0789488879486479,0.1482126007509537,0.5917447443349939,0.5939562867826017,0,1187.480847638696,PLAY
4,-0.4922288753503053,10.08234555278944,-0.2742910980578618,0.3494228706557716,0.130882945938795,0.0099303909739664,0.0245591388431334,0.3574749431224392,0.3340524665141146,3,4,7,2.5205863881973603,194,0,0.2499775032885639,0.5574540779274637,0.5714285714285714,0.688043969764247,6.445865912622125,0.6160370133881128,0.1837364556696803,0.4510573607625283,0.3879279210660319,1,0,0,0.0967376214156111,0.2650750685632353,0.3043307061238836,0.2636140011302586,0,670.4685998843754,SEARCH
6,-0.2742865637478141,53.46783302041703,0.083547470608355,0.0960587340017178,0.1770047925757734,0.2249977163502814,0.0561859827387473,0.1079215466958558,0.1237875137276895,4,2,7,8.911305503402838,119,0,0.4849157759221866,0.8666864322708281,0.8571428571428571,0.6221778497084635,8.633291081138443,0.4817765229183681,0.4379039933757206,0.1931483824888984,0.2845505290014362,0,0,2,0.1030625728302199,0.080751840939186,0.1144977636596168,0.1639509581980098,0,1119.8282540377038,SHARE
4,-0.0319071712378216,30.032988257974672,-0.0956664885958519,0.3285779098699978,0.1334896296629772,0.0592612702999769,0.1715039194949556,0.138283346077954,0.2243360541785312,5,1,5,7.508247064493668,9,1,0.2444128813092528,0.5995058954371796,0.8,0.6419901784562816,12.831920203667808,0.3865381649786339,0.2811504443603427,0.4142906187475758,0.159947036554371,0,0,0,0.1180977127663783,0.3351077697988159,0.1016743041337218,0.2251872227218069,0,777.2342411578704,CREATE_PLAYLIST
7,-0.4755893279816339,28.064568527291573,0.0433795330184371,0.3910362622648124,0.0270409606536111,0.099569529691427,0.1646979304137368,0.2663874577787417,0.282983470058228,1,1,1,4.009224075327368,467,1,0.0772385102174457,0.5292737310997928,7.0,0.4469260239142963,32.47241848799049,0.6055737957885035,0.1251718592903397,0.3318226124646737,0.2977856760336017,0,0,0,0.130713211688522,0.2090153082482933,0.2073902329777912,0.1802207748686161,0,444.1153028343122,CREATE_PLAYLIST
16,0.0564400985248686,81.30699627823378,0.2321843766874771,0.0744224588220441,0.5132033224989002,0.1613354195687754,0.1175395328813428,0.3529513902070213,0.6827588470378696,15,7,12,5.081687267389611,353,0,0.1771284899596265,0.8852445019839076,1.3333333333333333,0.3606031542721142,30.556092033434044,0.082574187146775,0.4101002915083555,0.2815401328044778,0.6253658777948803,7,0,8,0.2251768572824548,0.4910004525685186,0.1048378729196347,0.7736898469414755,0,1904.0083623101743,SAVE
7,-0.0936687463745257,40.42521508013189,-0.0460966065218128,0.3769413283505937,0.0703968683678475,0.0071842116467539,0.135174770922898,0.1980076136816856,0.4260714555348832,3,2,9,5.775030725733127,16,0,0.0638423199761927,0.5828569206723222,0.7777777777777778,0.6785603432214492,6.589494508742247,0.6326309794914111,0.1375690247442055,0.2894080125933922,0.4640287003037454,3,2,1,0.1333860277801724,0.4036496786139354,0.4131441510063335,0.3264642963746252,0,1036.4928570832433,PLAY
11,0.0675056444270356,20.50118739001054,0.1719494327966415,0.2916579573906444,0.4423199150187918,0.1227603361034572,0.1210601057631866,0.2252397511217326,0.2352054093419586,7,7,13,1.8637443081827765,402,0,0.335369796518115,0.6571411545499406,0.8461538461538461,0.1833959442556762,8.022018591764489,0.4394309912114106,0.3664039747460043,0.1044548740975197,0.3062813180386153,8,5,4,0.2631176151830597,0.3036400780295998,0.3134267416267833,0.399285689841539,0,1336.14784639316,SAVE
13,-0.0648411978258209,38.88497079102094,0.3764779189500898,0.3921428905188722,0.3137722345408506,0.2912272140135533,0.2279227770858698,0.4558894041507543,0.4194011238592531,8,7,11,2.991151599309303,68,0,0.1525265277203418,0.5515061655983029,1.181818181818182,0.3157101986921593,8.722997059115823,0.2683058197058633,0.0559256422844959,0.3914069146612744,0.6389900033345384,5,2,4,0.3026859989933288,0.5769395032074005,0.2495210980374288,0.5172870619858164,0,1407.9443215656695,SAVE
5,-0.2568882277578784,12.609649608022936,-0.385309710155256,0.120497841736079,0.1237111822975351,0.0867709512871356,0.0452747232656415,0.35936182719182,0.0955897574043457,3,5,8,2.5219299216045874,211,0,0.3478483884312355,0.8160340700967217,0.625,0.4777271387766074,13.345759058809492,0.5399305845522122,0.416530873593287,0.1406406305323738,0.0921981754060886,1,0,3,0.1273479832030652,0.3521228777611861,0.0770541464022421,0.2321031607874049,0,592.1477759112106,SAVE
2,-0.3176102670309562,8.682639779813094,-0.4508069021529335,0.5860467959307055,0.0503575423261495,0.0941463824890454,0.053125163224778,0.3005540459563384,0.5800259124546069,4,3,5,4.341319889906547,23,3,0.2471542778289766,0.38813857859494,0.4,0.4196066533732792,16.88261367417863,0.5217923901672429,0.2244565149467379,0.1454875044361029,0.4383566143817707,0,0,0,0.1036518199045821,0.3756562508757184,0.623930472429817,0.5315377428293365,0,691.3320167338491,SKIP
4,-0.2265157059630297,40.17931562160485,-0.319497296564145,0.0592758631404478,0.3250734093913351,0.0189237137858404,0.1591324375423998,0.1430033621810425,0.3559457693042493,1,3,9,10.044828905401213,304,0,0.2030446464051979,0.8925837357375086,0.4444444444444444,0.3210272447129103,16.116051167413918,0.2921794390885966,0.2211619672628978,0.3247377956303909,0.5549246357371277,1,0,1,0.0857010155353457,0.0500967980743572,0.1118645992808362,0.2853815627281543,0,1142.8097759711918,SAVE
4,-0.0741054452784598,111.65329571732192,-0.240982841528377,0.0773158886946292,0.255752718097891,0.0768349445850948,0.1311604654927363,0.1332708984966895,0.2522105952415459,3,1,6,27.91332392933048,123,1,0.4071788553742959,0.8575683781974265,0.6666666666666666,0.3358334088076026,13.75537787682748,0.4793014431260079,0.1568498382373445,0.0822496187726968,0.5200586327312747,0,0,0,0.5919729859983932,0.0813507347381634,0.2772790781597327,0.1846280193970738,0,1505.5917158059185,SAVE
5,0.3294582922816642,104.10108472206164,0.2253186190588405,0.2207375823825587,0.1314607485339611,0.0828598370623976,0.1272482879333364,0.1752614398126889,0.2334826316719881,6,6,9,20.820216944412326,374,1,0.0692860553258557,0.7367154993488129,0.5555555555555556,0.2482501942506269,11.401069681930377,0.5067031030770774,0.5045176580460377,0.3283779481686795,0.6015219713144264,3,1,4,0.3047278969353376,0.2187693693694573,0.3653801719845334,0.4063804699230701,0,1684.8572021896432,SKIP
4,-0.2159523362014168,9.51064269720055,-0.2847895251713139,0.3324832899022354,0.1715137752422947,0.1163716926668014,0.0613301661247494,0.1690996501491303,0.1131294298054331,4,4,10,2.3776606743001376,97,0,0.085665950312468,0.5523043036677906,0.4,0.8219047108298418,8.169778989210542,0.3228256287454511,0.143613226120932,0.2976133490975303,0.5413187686546598,1,2,2,0.1010059634161234,0.1010842329663729,0.237207345756867,0.206019116662446,0,896.6427746376357,PLAY
9,-0.10560726206627,68.28895916855002,0.0085950901595017,0.2884666976925576,0.0232134850400596,0.1442311719889632,0.2253597361787678,0.1959831252034465,0.3793196944202485,8,2,8,7.5876621298388915,82,0,0.2460920192071786,0.6609436574052658,1.125,0.2801667958264034,13.73653756668493,0.7138506398445258,0.4195091111273746,0.4650264863062979,0.4015470712880803,1,2,3,0.2686405053917041,0.4258687669991769,0.2349504660867321,0.4224855777146242,0,1257.7610233474445,CREATE_PLAYLIST
8,-0.1792590491203122,20.792529476985926,0.0663292782313851,0.3084780697107754,0.3167401123090111,0.034320837963264,0.154676719267913,0.3207474904984594,0.2953877564215231,1,4,10,2.599066184623241,74,0,0.2660598778960765,0.6375183560964942,0.8,0.314743425936955,21.82664434832835,0.4296508175937162,0.3806541527690036,0.4364937744873772,0.2330144977384642,3,2,1,0.1705041362271735,0.2206538028534749,0.5388154494330476,0.3208603957717346,0,1066.6932944923892,SAVE
15,0.12659361655668,40.099216794909495,0.4066861944157934,0.0955031495263611,0.157546193453437,0.0215073129205858,0.034356172634416,0.093268851615087,0.4010843984175054,15,4,12,2.673281119660633,10,0,0.1582845306031982,0.8100964218766973,1.25,0.3774617012878858,19.02081669767502,0.3585145734427379,0.2980460580918364,0.5838307437219835,0.4684689281199205,5,1,3,0.1429999334192312,0.5727429699772819,0.4706882194269577,0.5447580031570863,0,1453.3666807707943,PLAY
1,0.14413550763405,30.8258029723573,-0.2865855764773891,0.1114282438286626,0.3061751371998405,0.0653500744779684,0.124336140382598,0.2795855140874623,0.4296527707639536,5,2,6,30.8258029723573,97,0,0.8046526377173201,0.831500197719516,0.1666666666666666,0.2029065550048333,18.584202532736203,0.3240348323462585,0.2205411339940747,0.321013277194935,0.1801393426638308,1,0,1,0.1843802365771397,0.3971328737210147,0.2230016573103245,0.4191776203659932,0,847.4981995627953,SAVE
1,-0.0995025074715349,74.7435625431762,-0.1738875411738055,0.3709386932070166,0.4711629814513527,0.067571953775456,0.0167056837878559,0.1668482519523549,0.2693932789555825,3,1,7,74.7435625431762,114,1,0.2146394282770396,0.5976018370993124,0.1428571428571428,0.5041391220687389,19.752500226153494,0.2687620475409253,0.5148484846614392,0.1381244580820787,0.4112274138582411,1,0,0,0.204475912182723,0.4234712862432045,0.0840741699476637,0.2490189541627687,0,1191.8384580858942,SAVE
5,0.0430011578826034,24.21405002754678,0.1562754044429619,0.0137659050938804,0.1587253452892454,0.0100279806009813,0.1103028293234769,0.2607964600737871,0.4453222378697826,5,6,8,4.842810005509356,31,0,0.0153291488963518,0.9415659682702238,0.625,0.5172902855193863,12.634359371554234,0.1084346025084267,0.4087066456184791,0.2360975424467508,0.4070098788914736,2,7,6,0.0587246700695961,0.2729382644637768,0.1986707075367564,0.450560439003702,0,1118.8838430237502,CREATE_PLAYLIST
18,0.0338948092344873,52.96953481696151,0.2785864245098632,0.3941987285072806,0.3195734840195241,0.2042972569009707,0.2579770776024402,0.2767655732319976,0.5130813959764601,10,8,14,2.9427519342756394,132,0,0.1232650470208961,0.5242720550655622,1.2857142857142858,0.4831124279864089,22.330921487356267,0.0631469689893842,0.0684660077489934,0.0534434630684776,0.6289391518240716,5,3,3,0.4031811159604236,0.3722210900102161,0.439319689206078,0.6749869572016023,0,1686.224313045456,SAVE
3,-0.4759478874019203,50.94155497134206,-0.1358319170547728,0.3031619621154823,0.1943850944962295,0.0813408441469382,0.1216846599292506,0.1130102071427169,0.3028353439937475,3,3,8,16.980518323780686,733,0,0.4346845324234504,0.6451351962301349,0.375,0.4250214042606654,9.571396299237222,0.254418239204178,0.439146919634848,0.3404881333015831,0.2919682747105191,3,0,1,0.2298452292936653,0.1120216372694914,0.1420469919221769,0.3028361779533252,0,1060.031894888225,CREATE_PLAYLIST
12,0.0344648292249209,27.04544703324025,-0.4429482128689923,0.3462672217878619,0.0982305611083752,0.1393010626381922,0.0819521483399638,0.1012101280107085,0.3387492885901146,5,6,12,2.2537872527700213,56,0,0.0658891336837755,0.6257165323569965,1.0,0.4313209260215284,25.288600855864228,0.3850281075597752,0.5405527311126382,0.1488262747178756,0.1843722004304289,5,4,4,0.510657225625033,0.0991892458917048,0.6297429083650755,0.4519082087601158,0,1094.7613812105674,CREATE_PLAYLIST
7,-0.1170887869028081,73.05401621003581,-0.0825188619143552,0.3292262005508271,0.2857347997839598,0.0883615908813859,0.0971354203185801,0.1438841516808111,0.0400272545442172,4,4,10,10.436288030005116,111,0,0.0791537309739307,0.6271622889910734,0.7,0.3110761623553843,27.41511433299613,0.4756932442066582,0.2169855591265362,0.2471727180425301,0.4569933612810704,0,1,1,0.1167388649255554,0.4888427994049638,0.4834202500521043,0.18623935234158,0,1384.8535000906716,SAVE
6,-0.3569347577700287,33.21888017751685,-0.5990133922802112,0.1577468144200176,0.0830374982686076,0.0460769688087263,0.0582201870001956,0.4126645739090085,0.1518936806071149,1,2,7,5.536480029586142,125,0,0.21171923916334,0.8096001917527319,0.8571428571428571,0.5785800782567485,5.622329637406457,0.1300603791067948,0.2847471589699575,0.2104187762450129,0.5897715762870301,0,0,1,0.2902703583747118,0.0697678917312646,0.2167641513717803,0.1397170899278317,0,913.754075379845,SEARCH
7,0.1260554589595592,20.3051470066538,0.5137098405668853,0.4736238564145589,0.15298948265563,0.1887707861065271,0.0770716165080086,0.0817880609152926,0.0788530520087456,5,3,12,2.9007352866648284,18,1,0.2923104579975678,0.521340210475079,0.5833333333333334,0.4735579206037589,25.38962000870603,0.153279739669807,0.1605494621850834,0.1573128778763341,0.5105824462577568,2,2,2,0.4554781865599631,0.2502862987573687,0.0904284747918732,0.162642084934401,0,1270.6219270071326,SHARE
12,0.2543217058860336,21.593687959141324,-0.0269754767104494,0.250406621167403,0.3966202897021641,0.0748225608773743,0.2164028817736519,0.4768380554769753,0.6312383085312466,15,11,11,1.7994739965951103,55,0,0.2317020488813461,0.6863432705212098,1.0909090909090908,0.502400043298855,4.811817828151732,0.2616622726901242,0.3044227425380569,0.3099815594100359,0.3859487913576057,7,4,2,0.4847750926295978,0.1120805372330457,0.2526632250286989,0.9270712833563424,0,1401.66076548291,SAVE
7,0.3188733958118012,77.15108609386121,0.0742451093683684,0.2840189220546092,0.1835793597267359,0.0195500817251165,0.0926565663293408,0.2275999290341625,0.2582831620354437,6,6,9,11.02158372769446,514,0,0.0678675753805055,0.6909196978752823,0.7777777777777778,0.1613433237253886,11.774159813047604,0.6563443656811045,0.2695013716317735,0.2662718591654395,0.3304392110441119,3,5,3,0.2278840469443938,0.6343858825798909,0.1117581056981329,0.3914518464439842,0,1432.9863081212818,CREATE_PLAYLIST
16,-0.0386325824882957,41.092798606681015,0.3021979575200186,0.2777239610934851,0.1848644820805073,0.1343940409971706,0.0869781458203642,0.2063435137938717,0.299165187985565,10,8,13,2.5682999129175634,252,0,0.146397418062196,0.6238120252817974,1.2307692307692308,0.4420028787521023,11.948708979819374,0.2884444095831371,0.2782405863848762,0.162242381560557,0.4989432789121573,8,2,4,0.2285253174907464,0.4243241333128823,0.2003922706192424,0.5661082479302528,0,1561.2750855933327,SHARE
9,-0.1826991742851749,33.677092598624085,0.0147396181892377,0.1748780589069839,0.1357509931342223,0.0625583905381296,0.0747907289439112,0.3632638984632601,0.466173220687175,7,3,12,3.7418991776248975,51,0,0.1713039565181166,0.8050918470262948,0.75,0.2875215155133394,13.398006123284718,0.4379974310745085,0.1025265457909626,0.6419576575166799,0.3853707462437259,1,3,2,0.2680303841039685,0.179590492616051,0.1876925685814399,0.4799164308178272,0,1410.6104139897263,SAVE
1,-0.4144667588488519,21.593260827941386,-0.4106261059739146,0.1450121044142071,0.2510296861087995,0.071467397567578,0.1644448991217258,0.0508593898179015,0.3845828360181948,3,2,1,21.593260827941386,63,4,0.0612534943961101,0.7956010809601297,1.0,0.1262155164900865,21.989772152716995,0.8117126944523722,0.1478890314272214,0.3408114619241146,0.5938430439471029,0,0,0,0.0428495073857381,0.1965971826474078,0.4956365656352429,0.2889556643352195,0,730.177553669933,SAVE
1,-0.3598937613580133,4.750940238410683,-0.6355831049671242,0.3323062128258039,0.2806843008379081,0.0144525807647601,0.1506811830693936,0.1972484266589432,0.3458645626818009,1,3,1,4.750940238410683,77,0,0.059322726046408,0.6108513695242762,1.0,0.3851996848770532,17.731827889439852,0.5921093776259849,0.3711657325104371,0.3715551434925842,0.492038184471171,0,0,0,0.1278560940493693,0.4928916433334003,0.273785691776129,0.3016858124036314,1,494.7922832488264,SAVE
4,-0.2309172605878334,25.065996059118945,0.2859405908110247,0.1589953814022914,0.1510306201864219,0.0553024884998677,0.1773213550709902,0.2718276903131413,0.2689253088316146,4,2,11,6.266499014779736,163,2,0.1990801842243546,0.7941652283618557,0.3636363636363636,0.1290914716087259,7.535253050900924,0.3388887237114582,0.2466514339376958,0.4732948056346399,0.3018234801061351,2,0,2,0.2746364437978382,0.1478670957676061,0.1350406481106165,0.2401152759893315,0,945.3866578113108,CREATE_PLAYLIST
0,-0.4559378186772474,16.256771475197834,-0.5147778501709965,0.6198685144352888,0.2829507507420618,0.0540247098056348,0.1220077775938905,0.2591465520806074,0.2763531799670892,2,2,3,16.256771475197834,581,2,0.1791364469405446,0.3513690243005489,0.0,0.6196685298598626,96.0,0.5527558095373813,0.433941326059151,0.5607176294666983,0.4397861960073907,0,0,0,0.3058608562466228,0.1884421078795797,0.2071817044728479,0.2259450228309791,1,497.181186343346,LEAVE_APP
7,0.1301257641782554,13.02504611944585,0.0152590964275728,0.140231110840932,0.2007964823857062,0.2976715779250843,0.1119009804967075,0.0734800648913024,0.3753421802582096,8,4,12,1.86072087420655,82,0,0.202118388721212,0.8084099691517956,0.5833333333333334,0.3183262119742683,9.554238938374668,0.1083523230842681,0.4497816436909747,0.1928291086490187,0.61811325198755,2,2,5,0.2197057872470638,0.1329371234163595,0.6327792646501909,0.4986232491167794,0,1244.2681835271526,SHARE
5,-0.0582194387616225,56.71381122747839,-0.2734990139705327,0.114777140042957,0.2042226311955571,0.0575823474828344,0.2468049588295233,0.5023461663565083,0.5016361899147561,1,2,7,11.342762245495678,189,0,0.1619424619499936,0.8061100207684325,0.7142857142857143,0.1271632450958502,8.894369428536026,0.3938305533855582,0.4115744015076492,0.2182265404448985,0.348128857336815,1,1,0,0.2949142964303488,0.1212805983876059,0.4063972566493751,0.390042349346381,0,872.1085511687035,CREATE_PLAYLIST
11,0.0661913687629449,87.60633678468079,0.299406657359719,0.2667810430789421,0.3629809973458908,0.1472790847934768,0.1434363632900943,0.3034222234012398,0.588849524066459,16,10,13,7.964212434970981,693,0,0.3759561794913143,0.7046707958449903,0.8461538461538461,0.4828741998574617,5.163120071903808,0.2262330934562685,0.5980069790939463,0.2477106185723861,0.3417400562197633,8,3,4,0.3966716001306239,0.1506974582536991,0.4862525386221765,0.8853529495944809,0,1912.418812521722,SAVE
7,0.1048708774835417,16.54057698777203,0.0643972947282705,0.3599651407785305,0.3342488863397423,0.1027940156833842,0.1110561101264015,0.040425661010559,0.1198237335838409,6,3,10,2.3629395696817186,130,0,0.1752678618239482,0.5922521781850296,0.7,0.5861535170578268,15.76868605788048,0.287840294555952,0.370890457534011,0.6501916223653064,0.3607420729861565,6,2,3,0.1246115734180898,0.2668358529839759,0.1098091598649926,0.2089106431111543,0,1032.4687649660148,SAVE
7,0.308950123754077,26.42497920100633,-0.0218010815174371,0.1579069692179404,0.1372884248716498,0.0287945825649858,0.3215218577171302,0.4805787802015676,0.4345031016058275,8,5,11,3.77499702871519,13,0,0.0601024691469669,0.8137542708566298,0.6363636363636364,0.3590285118872122,36.83939553682691,0.426944413090349,0.0907790913632957,0.5881439947873093,0.4155895016184472,5,3,6,0.0206078400968213,0.0618483880183094,0.3233573705203428,0.5636700811678996,0,1169.0541796233135,CREATE_PLAYLIST
6,0.0518632331721781,58.20028060289836,0.0319224924739471,0.1450449653676571,0.277668524486615,0.164188516166244,0.2100392897505571,0.2368890364445273,0.1315973801789729,4,5,12,9.700046767149727,44,0,0.2164431290507009,0.8037126433434495,0.5,0.3504408502839048,14.706364510754485,0.3637733760063333,0.1894756469519532,0.4628740399707299,0.1042489057980266,4,3,4,0.0114519501523941,0.128200215828666,0.2554602604392337,0.3395454348421368,0,1303.8965023339902,SAVE
6,-0.2882987385084517,35.246484305380015,-0.0388004479777854,0.2339536182714431,0.0756577102368402,0.0505417461076747,0.0780261490947782,0.0733213962537112,0.4408922625142827,3,5,9,5.874414050896669,139,1,0.4260703791826322,0.7477438305644558,0.6666666666666666,0.6242102760389228,10.875275761673072,0.4233006825332194,0.2923668721750137,0.1049351146332708,0.1645819459458754,1,0,2,0.2405137355769218,0.2540486708591928,0.1178831777803494,0.3809130581413588,0,692.9910047537896,SAVE
5,0.0429568873587578,14.120931267386874,-0.2215567245503327,0.4054604355966286,0.1589320270899269,0.160017800201036,0.197279925454548,0.0394335305983802,0.2190127511911397,10,3,9,2.8241862534773747,58,0,0.5599372464719445,0.5455554449779452,0.5555555555555556,0.4345597826426473,17.162470587088198,0.0337562320170445,0.1755271736298297,0.3420799862226821,0.3079639039377406,5,5,3,0.041592977074081,0.0677788227269835,0.2902542789748401,0.393127019567708,0,1167.448221023846,CREATE_PLAYLIST
1,-0.3795424092713738,30.408331826678584,-0.3578939170977888,0.3648543465206643,0.3299300191372218,0.0250156359392078,0.0124773760936122,0.2269958951640292,0.4609169927595965,4,1,3,30.408331826678584,20,0,0.214476470658613,0.5735175654729544,0.3333333333333333,0.0504072814981378,36.0458904675537,0.7496099089092885,0.4202542993701028,0.2369817948007264,0.3996196853561639,0,0,0,0.2047437138559685,0.5637674586930597,0.3495785149468433,0.3361265206397058,0,827.9878798419248,SAVE
13,-0.2226064397293033,8.624267141520818,0.601266207809463,0.2269258142222205,0.2098803036899048,0.0691262110004343,0.0855016472159549,0.2124773633759851,0.5575774071287863,10,5,12,1.0,807,0,0.3424791263187369,0.7053081382045326,1.0833333333333333,0.4606176741151729,12.897004596855584,0.1540534873832777,0.1559805125097911,0.2223802220753246,0.5752823008659804,8,3,6,0.4125888698795077,0.3834033739158697,0.3727097216944383,0.5833759333852048,0,1245.833984721978,SAVE
7,-0.2574702142126935,13.76808942604494,0.1628432991054267,0.2062499789413736,0.2299019250639987,0.058211398337787,0.3775604680561219,0.270326305135302,0.442439176020566,4,4,8,1.96686991800642,1391,0,0.3312153467046884,0.7607057888374777,0.875,0.6482485156390108,7.0015113492969165,0.4159574086357366,0.6788388410621876,0.1373706124265076,0.2909610330392103,0,1,0,0.3994365849168053,0.3133446944785667,0.1639997177855731,0.3949125646442015,0,816.1262454570509,SAVE
6,0.5124925147500007,82.31989697026437,0.4898475672938773,0.2354159987643929,0.26723116936063,0.2087834909180486,0.2441690260793795,0.3490769437349511,0.543868417969519,11,11,11,13.719982828377397,25,1,0.145751278929863,0.7150312209386819,0.5454545454545454,0.5073295278734833,8.825453489610268,0.2966260862313237,0.3012525006643759,0.3678588130401752,0.6033604266654566,10,5,10,0.1556506819999448,0.094063569540621,0.1793831954081872,0.7879848805436098,0,1828.5302950978544,SAVE
5,-0.3970984431490191,23.31126543461646,-0.0267244499654809,0.3012757776234916,0.316248048526118,0.0648477000223587,0.1246535943487818,0.3346350199536055,0.3125500512657902,3,1,8,4.662253086923291,123,0,0.3652536165030392,0.6732156794953528,0.625,0.5665190561450169,10.246019687478263,0.6277739446031113,0.0698945429369593,0.3146884180726554,0.238523475299716,1,0,1,0.2440924401789223,0.0520491826229875,0.4232163296929868,0.2508104553416065,0,803.3502278112861,SAVE
2,-0.0411544312096901,21.38662218310604,-0.4298631045267943,0.4637322433049987,0.068390552029991,0.1394007664712667,0.3099280086644209,0.1031069972977205,0.1010322173989885,3,2,8,10.69331109155302,91,2,0.2777722497857846,0.577792748864464,0.25,0.5869260725434157,12.161189317462505,0.1895463415288004,0.0900501401550031,0.4479625644332564,0.3526830519752016,1,0,2,0.1112744599078864,0.480645199326797,0.3051059935085947,0.1104204549222389,0,861.4609014032077,CREATE_PLAYLIST
10,-0.0096603725031067,107.34781477533876,-0.2956345660713049,0.0818035865819027,0.2204088768710534,0.0390793009038226,0.1383923115953147,0.3938603521123397,0.494747080329019,6,5,12,10.734781477533875,45,1,0.654251741056131,0.8244272498097068,0.8333333333333334,0.7653055311682412,5.55419027332277,0.0979217593468672,0.3809614522308304,0.2208152308244155,0.2490113568339478,1,5,2,0.0545365310425245,0.1307825333737817,0.0500366999234235,0.5298768127436732,0,1770.6221715671118,SAVE
1,-0.4095888804665111,3.905222623891358,-0.3718960876352049,0.3249770100477194,0.284741204137024,0.0127696427747476,0.1730664283266622,0.165139247995795,0.2850811850526235,1,1,3,3.905222623891358,320,0,0.1114869077337015,0.6410659914166051,0.3333333333333333,0.5829153127891811,25.20245482336088,0.3077787955362541,0.618279330170826,0.3369705708678226,0.0878937455660358,0,0,0,0.0741343683233734,0.5038559584435937,0.3793426723065135,0.2258985957540164,0,321.23955576173074,SAVE
2,-0.5403887076985705,11.212710837267696,-0.1748083506776456,0.2717337824918582,0.2627915077402363,0.0471921834614904,0.0639738565550321,0.1351549738946575,0.3746189596776357,2,1,3,5.606355418633847,45,1,0.1288419533506707,0.7259059090315753,0.6666666666666666,0.4099365411208574,96.0,0.5996586540448923,0.425197606001244,0.1383606719586667,0.5194219323569227,0,0,0,0.1728751775305336,0.2809250953529457,0.5209739856116016,0.2460641110352026,0,770.2023355120642,SAVE
13,-0.1476945716685502,14.279457783520954,-0.0134095603821309,0.3925131348969266,0.3787621218423971,0.0886279596383961,0.1647106316840283,0.3298015484674934,0.1321010864091917,8,6,9,1.098419829501612,44,1,0.22114999648756,0.5644389991235961,1.4444444444444444,0.6094437404205215,37.87954263437689,0.1063061884527488,0.1676928542652324,0.2148725526370083,0.2851246739257905,7,6,3,0.2885768207533307,0.4457716569875025,0.1919502795409892,0.4130798295215556,0,1230.0218614762289,SAVE
4,-0.2155227436283433,52.7201349020345,-0.3247000002361575,0.1332397541820206,0.081417327743069,0.0168702535099594,0.0690025071114512,0.1850677445199581,0.2292545920983219,2,1,8,13.180033725508626,45,0,0.1492249942221239,0.8202121774705717,0.5,0.3035619797849855,11.92601167940514,0.2235989623059704,0.5454518197704759,0.261113211062219,0.3279593469934959,0,0,1,0.244369400726645,0.4964332096562398,0.1866883339027728,0.2016041042129549,0,1007.8535530201852,SHARE
3,-0.3498365775634015,9.147069864296071,-0.2436239339261637,0.558567747255586,0.3679916116247365,0.1422803407753332,0.0723878271838599,0.121830976003404,0.3305176593816838,3,2,5,3.049023288098691,267,1,0.2228571419531548,0.338905038531083,0.6,0.3047002299281856,16.678808481594565,0.4269285160973518,0.2375093507780019,0.1495387270716021,0.567777466228189,0,0,0,0.1783734175194145,0.5033642079303403,0.5240814379863449,0.3142581411265992,0,738.8877950684827,SAVE
7,0.1588412829195373,52.92740437116967,0.2217942085179883,0.2280231634453167,0.1976634734151466,0.0303333365009349,0.1227640248830322,0.0480274909842929,0.080315839245537,8,11,6,7.561057767309952,80,0,0.1863170248757955,0.7457385228970398,1.1666666666666667,0.4766146066009416,18.412867163851168,0.0452456948094922,0.1972130054728595,0.2158085965972698,0.6779358545970716,2,2,1,0.0117139437005384,0.045351508461826,0.2732414583047388,0.3896058661264501,0,1308.093140373266,PLAY
4,-0.2187304210969185,75.57249848135142,-0.091899076631153,0.3972028447997436,0.2414598277330347,0.015151950318294,0.1199963749277673,0.1415985890855093,0.2327071089050197,6,4,9,18.89312462033785,103,0,0.042495389367455,0.5225920992120059,0.4444444444444444,0.472795444360716,28.01439869687256,0.1442369107745885,0.3268513896161834,0.1433166923173275,0.4825543562675908,1,1,1,0.1757071064574391,0.2775107169957867,0.267194651868972,0.3505204812453368,0,1368.0615218109504,SAVE
6,0.4032733845693467,18.447905817810145,0.1045214122403657,0.1168958789504684,0.18124128170655,0.0728569094316706,0.1132103624436132,0.6353701750687551,0.3550289394170494,10,7,13,3.0746509696350244,176,0,0.1176554707086904,0.8381419976147325,0.4615384615384615,0.6165715123493988,26.724768331751974,0.2388594932642685,0.5394067167383662,0.0880219597058472,0.5830077255520345,5,2,3,0.3194521210918752,0.3649124688031153,0.0765066869837118,0.53300546228454,0,1635.9243458100918,SKIP
4,-0.2607403647076254,7.795740364799526,-0.0947537389979533,0.0312088539665981,0.2418299271282339,0.0633746655487599,0.0861375668575184,0.1886226553753025,0.2404594717395764,2,3,9,1.9489350911998813,514,0,0.3476187861566328,0.9185770973844444,0.4444444444444444,0.5066917792445123,9.967225931720114,0.11165226594512,0.3355054539093184,0.3502045570916242,0.2757292882170013,3,0,0,0.3010559550779068,0.3797850674023812,0.2064472709016836,0.1942329124045176,0,641.2435761669796,SAVE
9,0.023273954163761,48.352165690440415,0.1218641361630937,0.432388882440115,0.2039674379168335,0.1138661925723062,0.1151636814493755,0.035343519364119,0.0770000762352742,6,7,9,5.37246285449338,654,0,0.0356172322428016,0.5602632805275274,1.0,0.4964752239319331,35.93351839056422,0.3260074296188502,0.3340746912292626,0.2147470523296624,0.1205597433420989,5,2,2,0.1199570125567423,0.5341659660926096,0.1130959097574053,0.3251875715116922,0,1028.1952989975282,PLAY
3,-0.4524213619622848,11.469791893330516,-0.8143447687033706,0.3718920391623286,0.2770629075077037,0.1388938804280232,0.0814973663988173,0.4336975222626876,0.1573267637869871,1,2,2,3.823263964443506,53,1,0.0921905699974819,0.5514053146897178,1.5,0.2970819125158111,36.90093073700836,0.4196107674521709,0.2481380461601289,0.0460182886480269,0.4253229665336773,0,0,0,0.1875168685840568,0.2643151982752487,0.5059269059923592,0.1320811245983097,0,691.5098750651662,SAVE
8,-0.0248163236900694,30.5100286059774,0.0575051565398105,0.0919426571491422,0.3249021446154541,0.0916491313763942,0.1011730510855841,0.3629104915160319,0.3934589987311602,4,5,8,3.813753575747175,66,0,0.4516025014958454,0.8761998541077837,1.0,0.3008268930992466,17.03688321941021,0.6914324388868288,0.4110958079603337,0.2771427230938789,0.4377431100301795,0,1,1,0.3158396814659542,0.3498182445538563,0.0648722427267258,0.3475011706443201,1,1010.2671003294412,SAVE
11,0.1728282005000373,8.658729910511848,-0.227585773012221,0.3923290277456502,0.3810965572559985,0.0216618978669164,0.2845072070859038,0.1253272131966994,0.3029328677137753,3,6,10,1.0,604,1,0.185909514511577,0.5713959033156676,1.1,0.7349418343908658,14.06866353518726,0.4610718971370321,0.2702151641461091,0.4123973964599609,0.0847623742522304,5,4,2,0.1546516584417482,0.2338938439027963,0.3255162517938296,0.2973954497354208,0,750.414450216095,SAVE
4,-0.479306464785045,36.92097083629,-0.7084450849774777,0.1062257643578832,0.0983510972717765,0.0558198650501312,0.1848978203578792,0.3202007735483569,0.3503065430824597,2,3,2,9.2302427090725,199,1,0.10839351657627,0.869198814578242,2.0,0.290271765044403,63.29027185895091,0.2739014748919521,0.7610934148038255,0.3518708900329154,0.491476171404427,0,0,0,0.1151523666041741,0.4250773990698061,0.3103234165177571,0.3455226586437607,1,673.4769885299725,CREATE_PLAYLIST
4,-0.4154329500302161,17.510767775442588,-0.5758274343784003,0.1549822361597372,0.1138872280264867,0.0740562840703242,0.0610684945660148,0.0631636557177225,0.4031140867796749,6,9,8,4.377691943860647,24,0,0.3628229068015356,0.8051946729534725,0.5,0.320187344376234,43.42587384533514,0.1472181279558623,0.294644735088672,0.232681956695556,0.2806100906657248,4,0,1,0.0485400750015184,0.1247691409198388,0.2280226613488722,0.59625783780646,0,757.6138456530787,LEAVE_APP
5,0.0516629387002728,70.23975269016456,-0.1489850793970011,0.5004508134407069,0.1623834918202571,0.1068430292826183,0.1587449040729628,0.3375163694843296,0.4046478861451817,5,4,12,14.047950538032913,465,0,0.1970315971104586,0.4931250842271332,0.4166666666666667,0.4143768155191768,8.986824971503392,0.1506552362826649,0.3868270734421983,0.2111988833181291,0.21218660044762,0,4,0,0.1465008894000015,0.3819290143332826,0.3973583223487318,0.4374021928407298,0,1445.0657539182607,CREATE_PLAYLIST
3,0.2879332242373898,47.333955976713405,-0.4420452582479392,0.6854056255605007,0.1268739879648012,0.1488142403221528,0.2009564546785563,0.1020195824386744,0.2131703122218744,9,5,8,15.777985325571136,255,0,0.0928867585093549,0.2699609349680974,0.375,0.4116958766328215,11.73326865361165,0.0412161757057826,0.2233582664813599,0.1260033324796738,0.1929186548521034,1,0,2,0.706138453097894,0.4590133349440147,0.2255061004179849,0.4267068939043951,0,1071.5487789294834,SKIP
10,0.4694490678603663,35.843178240283635,0.1544990955420654,0.1948364367527759,0.3884924361898095,0.0695551341646637,0.0776455498088018,0.3301162202641259,0.3425742828659971,14,7,14,3.5843178240283637,543,1,0.0709154108235965,0.7867172227326267,0.7142857142857143,0.7382981512833566,16.619087918738607,0.7501707520136909,0.4095528009442155,0.2968982627366527,0.3651202156532983,3,7,5,0.1911750215450152,0.1756018555735779,0.499279233949136,0.5677074366450546,0,1717.502903505666,SAVE
2,-0.4569600893493098,12.350385674632417,-0.3063463643839031,0.3201060059387877,0.036047617642087,0.066118635047055,0.0690277531839984,0.2587498925926908,0.1092369530547383,2,1,1,6.175192837316208,10,0,0.0365265703254085,0.6726616400242156,2.0,0.403212199403038,32.1279195883724,0.0639309674228839,0.322496765575553,0.1530133949078746,0.1445562352995333,0,0,0,0.1948903654213474,0.4966331006387822,0.4030220662344458,0.0876957794751526,0,56.88344502859195,LEAVE_APP
1,-0.1838828889724565,10.213512907660068,-0.5165677769586152,0.1417042700537447,0.2217178809227326,0.0910274028698176,0.0214771436894473,0.0832750625365866,0.1689844180738129,1,1,1,10.213512907660068,62,1,0.0400480626692928,0.8108321088006549,1.0,0.6190481139302739,15.961706406993464,0.7189580403274709,0.5490596429868456,0.1231746220700847,0.4692710126770459,0,0,0,0.3534387858254652,0.1667627633733265,0.251252321560561,0.1258017530747693,0,610.4477995009701,SAVE
6,0.0267555759892863,21.50963241152623,0.0378829718743779,0.3177642645140448,0.0496833077685632,0.0621095247015737,0.1845370619699476,0.0921982936961423,0.3590406984318112,4,2,7,3.584938735254372,545,0,0.2467252682704614,0.6072957007840173,0.8571428571428571,0.5832073173069804,19.26926160181365,0.4608498822466642,0.6789190331227145,0.2179735277247842,0.2537764976564758,0,2,1,0.3088529705836788,0.2218125979049923,0.2928581051318806,0.4140854780864295,0,903.3520397995868,CREATE_PLAYLIST
5,0.1811245740872764,50.338973896857134,-0.0237293138398932,0.332093363226583,0.0159722994625805,0.1773937170236132,0.0769054773106557,0.3270120026109842,0.4106895653924486,6,5,10,10.067794779371429,43,0,0.2267348820999951,0.5910792237735899,0.5,0.2887022811505788,5.99695693414233,0.1564693443319554,0.5304317722612005,0.2501298874265583,0.2712807535065648,0,1,2,0.3412655197833137,0.1743153238746019,0.2066757136695924,0.4556415509199029,0,1276.814342925649,SHARE
12,-0.0293883112280859,21.069952617997984,-0.0263159954346886,0.4016134422892627,0.2962700936854203,0.0671860929248443,0.0708350961838988,0.3293132827758545,0.8593602683048721,16,4,13,1.7558293848331654,164,0,0.2700851054763961,0.5455475184755622,0.9230769230769232,0.5019811007015702,6.959396623176781,0.3921173640472173,0.431060886762263,0.2925557474957505,0.5093348349729758,5,4,5,0.3676598957438368,0.0754648334414543,0.2605419713540933,0.8536559076825714,0,1444.8044392554757,SAVE
4,-0.161485587714393,20.20461966365408,0.1494495353050222,0.2954657985549707,0.1714750257452807,0.0145623710761278,0.0398320273855671,0.1405326322399801,0.2895616696298814,3,4,12,5.0511549159135205,119,0,0.4147576090904694,0.6662040941831217,0.3333333333333333,0.2252870348045793,16.632275503065383,0.7500824685891894,0.3441612654421528,0.1514369218929444,0.3929939698374236,4,0,3,0.2438907531731604,0.3130434613065921,0.0840553371495095,0.2737938847735642,0,1035.459858366523,SEARCH
13,-0.2289136700008863,19.77171434516809,-0.0509249429932217,0.4506371689938322,0.0716789511037573,0.1726772000040705,0.1891366239588548,0.1314242251728054,0.2622952254010632,8,4,6,1.5209011034744684,19,0,0.1986841494574418,0.499651170578596,2.1666666666666665,0.2103047390187135,17.067579291299197,0.3420427512476728,0.1021177342419004,0.349167126557579,0.1732601950641248,0,2,0,0.43460566242869,0.2726077506284149,0.0992632592247182,0.3039622722107899,0,867.3400442262055,CREATE_PLAYLIST
5,-0.0255260936593055,16.819132353658016,0.2816975044631624,0.0766563213542521,0.2035970021416272,0.2404023196110982,0.1340670375283352,0.1808050852056869,0.4057676924071655,4,1,10,3.3638264707316035,34,0,0.1568003843688971,0.8691592900913389,0.5,0.0529328044876966,11.910873854594524,0.2801450810281128,0.3632257057733865,0.4298070284366928,0.1809432201703288,0,1,0,0.1207880444632286,0.4047078448791432,0.3122279379139716,0.2590203416537106,0,924.8948951338784,SHARE
5,-0.1880655242416586,4.241514839048128,-0.3401925457999932,0.1318638243970582,0.0772149341425794,0.0210621297664051,0.0827650582525842,0.2624917140034339,0.4121162149011759,3,3,5,1.0,40,0,0.4106556824596973,0.8850641699743231,1.0,0.5429012817973571,3.790419709215546,0.1091143629082114,0.2883674985520836,0.1661991516852187,0.2619493520121694,0,0,0,0.081525327671199,0.5792377932099921,0.5722286323757692,0.3576439240213044,0,610.4630968941584,LEAVE_APP
1,-0.450369055817375,37.58352476859446,-0.4212437847045654,0.2560153010705679,0.2163621363347029,0.1195825785930238,0.2978918049515059,0.3561667984216747,0.4356335154707814,4,2,2,37.58352476859446,45,1,0.1303174688516253,0.7383134834954406,0.5,0.4930854080843048,28.37492358061706,0.419542475457842,0.5260602682420077,0.1081222087335682,0.3790832602956369,0,0,0,0.1394970431904046,0.2208955945473976,0.4775154227578937,0.3065513768111008,1,704.6024235619667,CREATE_PLAYLIST
7,-0.0386505731451738,26.642723505211176,0.3948190702662879,0.7043463293226528,0.0862340847369511,0.0860850049033939,0.1234570332401724,0.2280171789434348,0.0591105345063341,6,8,6,3.806103357887311,6,0,0.2681082206894311,0.2531064572635478,1.1666666666666667,0.3065908084540998,48.54747436662238,0.5393242775047833,0.559438807731079,0.0294660513960833,0.3662811837526323,0,0,0,0.3311153132432658,0.5074074406340121,0.3318955500102264,0.3370437088781203,0,883.2407574769871,SKIP
3,0.0633695714063764,32.74776392760534,-0.1382506032923516,0.188431703653741,0.1312370001146753,0.037031695313473,0.1154560236810229,0.1386887128791977,0.2529033514662167,3,1,9,10.91592130920178,30,0,0.1051659562531805,0.7731710767622425,0.3333333333333333,0.5803233128031694,12.981865236447668,0.4128702006389123,0.4263704552807069,0.205513524791947,0.4026086753311113,0,2,1,0.0995664364014158,0.1333448317682944,0.1899399111090262,0.1958592238147622,0,1282.7473095257162,SKIP
5,-0.3397987182840878,49.15521740091311,-0.5105191440594952,0.4690994572939859,0.0224491835086243,0.0232372819359287,0.0015889708508891,0.1038528768114283,0.4977011786402191,3,1,5,9.831043480182622,151,0,0.4566519293807582,0.4212346276864209,1.0,0.5178190840232332,11.03192803659224,0.3605054131450932,0.0947648901832163,0.3329543976218354,0.2088231124131382,1,0,1,0.0740595321407785,0.0925682766574429,0.1705147554693004,0.3310600955639338,0,726.4142005359154,SHARE
2,-0.1376914411815968,41.46055110268045,-0.311632235819648,0.3425016265314417,0.2766387895729598,0.1111685525187409,0.0475817923596089,0.1850807979469213,0.1905345658135549,4,3,10,20.730275551340224,513,0,0.0404836674393774,0.6129659250017632,0.2,0.084837797395273,6.770961734030548,0.4250165867329932,0.1839814443464688,0.2633841171633356,0.2944450150508094,2,1,3,0.286393040817741,0.1879980476259223,0.4326985839137054,0.2432806380317088,0,1035.3350839628808,SAVE
2,-0.4844680107492888,26.393342664768827,-0.6211379085875004,0.6749972924867352,0.0848439966412114,0.028454854775814,0.0695832721867329,0.2527559731542421,0.1580272122877618,2,4,3,13.196671332384414,38,2,0.277750656153498,0.2941107917074198,0.6666666666666666,0.3746097777922144,41.639068895552384,0.1440024068543889,0.4017109501641711,0.3703686639182876,0.7121850525171123,0,0,0,0.1713027928799424,0.5503887272814623,0.3460223341005959,0.1672949174962884,0,671.4219654686614,SKIP
16,-0.0950448955790666,79.66088491177008,-0.096255987524976,0.1962362779497361,0.3136406677418775,0.0376913439763218,0.0763952198046521,0.231119854793992,0.6476866350873013,13,10,12,4.97880530698563,64,0,0.504734984391351,0.7448092506036043,1.3333333333333333,0.606392128341272,6.146968660897226,0.1478419296766703,0.084955065042121,0.37076779897217,0.37088207582626,4,2,2,0.3260830461669468,0.3338981680076834,0.1129396114561292,0.7215023818996519,0,1630.1629976334696,SAVE
1,-0.453132854829863,13.714678649467308,-0.6782887355354181,0.5412329545303701,0.2476187507546351,0.0901398255311472,0.0846835957741173,0.2797406615131639,0.3499749602552161,3,2,1,13.714678649467308,155,1,0.0762394038309996,0.4520754607585732,1.0,0.3135471160404489,18.29248810786769,0.708573438134489,0.3780189377490213,0.1644080871771676,0.458136725072486,0,0,0,0.5023332758197924,0.6519504646745361,0.3570990052946093,0.2662014213370115,1,549.5615546801645,SAVE
7,0.1406165295194099,13.545505174096592,0.1487407218096891,0.2634262045123105,0.3904399974168013,0.0661637474446177,0.1177294550176664,0.2367979476573484,0.2596830277904693,19,4,14,1.9350721677280844,87,1,0.3299630719863212,0.7129762964136548,0.5,0.5626167952959485,9.319641856353316,0.405950547057496,0.1835261217344973,0.1679223631111391,0.5356878430741561,8,4,6,0.3805808200962638,0.4415878581730734,0.4530746916059536,0.529608391339628,0,1662.4942700255633,SAVE
3,0.079555517675338,39.077510247885726,-0.1901626176209525,0.4531006895877354,0.1642692969576084,0.0809092184079223,0.0877298887145468,0.1153787520565179,0.2948070345274233,4,3,12,13.025836749295244,26,0,0.1223042975389063,0.4816083988097001,0.25,0.3251065909968485,17.99635033772283,0.2908786553770695,0.214655221651394,0.6497205827158133,0.4545523440150301,0,1,1,0.1657800394396246,0.0774382600577672,0.202249670069609,0.4098063225491777,0,1237.832803802032,LEAVE_APP
7,-0.043681111572636,37.35246557328491,0.1090148370224075,0.4103834056142685,0.1635206768356905,0.0057618360545483,0.3386975595572499,0.175547449137244,0.2695751669253742,6,5,11,5.336066510469273,142,0,0.1106282733771702,0.5457080823794891,0.6363636363636364,0.4325344294283132,4.232601572491049,0.4426084438177298,0.4225043961876128,0.1928987970558187,0.245459765186763,1,5,1,0.4465085392567802,0.3782549545814526,0.5691345302108085,0.4295909257585997,0,1185.3791935770803,CREATE_PLAYLIST
3,-0.2650260592824462,6.849989366513753,-0.4904193079430432,0.334778467238903,0.011045890448057,0.0395403768892867,0.0352317707651814,0.1259365383974604,0.4058418263085822,2,1,1,2.2833297888379174,106,1,0.1848793464308825,0.5945695953249078,3.0,0.0891189536156457,17.16823324773804,0.1295899421971208,0.3648953736046642,0.0473170543330827,0.2028234110890624,0,0,0,0.0345762212709068,0.636068933666166,0.2433123933176962,0.2692530922788719,1,359.34776256481945,SEARCH
1,-0.4903526814013981,20.988217966380304,-0.1395554556701851,0.2966097114181645,0.256435863239624,0.0206416215266365,0.0543710910478638,0.0125821956008849,0.3489029008763133,2,3,1,20.988217966380304,89,2,0.024948717383704,0.6529254002890865,1.0,0.4979340030907759,61.985159053159066,0.110669791479918,0.3828359778961641,0.1089010945362383,0.1415624831367802,0,0,0,0.2507776543101504,0.3402438327190712,0.2783615639383169,0.3591126916097106,0,358.59557213373205,SAVE
6,-0.3413215611745175,93.8231500281169,-0.3712750759415144,0.5307435526068774,0.2771783150117827,0.2256193280943578,0.1635145829577506,0.1470367370239617,0.5368555541760465,7,8,8,15.637191671352817,90,1,0.3509516228577037,0.4197296080972154,0.75,0.3274336437915244,6.998348440527836,0.4918459757815902,0.0950900716887737,0.4702466285668242,0.334494652573538,4,1,3,0.1263368480579925,0.345169604909001,0.1505565809452707,0.5082809352228538,0,1521.7432662751237,SAVE
1,-0.4809429138396582,26.79748488848468,-0.610576948246019,0.5032074993413411,0.1687910982816382,0.1181370383369733,0.0488797513526574,0.0339919751966716,0.1898134896102005,2,2,3,26.79748488848468,494,1,0.1737847948926813,0.4615238647407268,0.3333333333333333,0.17920319391115,41.60756512720537,0.2281604715775381,0.5522088474956601,0.3688402000670415,0.3948857432170728,0,0,0,0.1334053936336663,0.3961571838824996,0.3472372926828914,0.2344431686895773,1,537.9496644914859,SAVE
11,0.2892321827793634,27.410118399286127,-0.0924888316326635,0.1653186616592833,0.3173572855222364,0.1627785893198272,0.229573218837486,0.3421338280643393,0.2201384617529803,9,4,12,2.491828945389648,629,0,0.3810969989570479,0.7788531830902891,0.9166666666666666,0.5671563246511374,15.756105313257928,0.6170315969241492,0.6980446311631486,0.3243198020025419,0.6579403669280572,2,5,2,0.1111073921057942,0.3952694521057711,0.5730908236371406,0.3853629382796859,0,1558.2177146519807,SAVE
9,0.0350805044880848,49.76847482869526,-0.1398479190391889,0.1747637052851791,0.3051328698059131,0.0188722429909486,0.2032736851321186,0.13815792824586,0.4428835836561499,6,10,14,5.529830536521696,227,0,0.1963450332976262,0.7743377341389089,0.6428571428571429,0.35809555698004,16.36179305971903,0.3249490176137962,0.6614652256705847,0.4236688869100471,0.2467160565377684,6,4,4,0.344928993339248,0.2275477217831455,0.3241383179379457,0.5738529139923462,0,1355.7441993230946,SAVE
4,-0.2807934121872291,44.89091447163422,-0.3096973754277415,0.3195423440847602,0.0965048048963223,0.0569259623974362,0.1669654698701527,0.3044898844140746,0.3542465968814172,7,4,5,11.222728617908556,1865,0,0.2591339423000657,0.6631393744809807,0.8,0.1392853393979751,4.285999935829837,0.4457991498073498,0.3128370813123008,0.2735702490023049,0.3154698551639628,2,0,3,0.2412696603213066,0.1404073659364888,0.1697212424444046,0.4447794738312879,0,1043.7809772973285,CREATE_PLAYLIST
5,0.1539283014883601,64.59866988162015,0.1717353618220693,0.2537930797890539,0.0982912159740843,0.0494054875150044,0.1442412554563434,0.1444880885571581,0.219426621086373,9,4,11,12.91973397632403,642,0,0.1906168462252839,0.7033519371296315,0.4545454545454545,0.0967328673341009,18.71441278810461,0.4409229838961189,0.5402516935987045,0.4051563947462688,0.2044016949717184,3,1,8,0.5258987417978843,0.3351136337566076,0.3040688767520582,0.3229960634787087,0,1328.9036573094704,SEARCH
7,0.1346893542648524,75.29951794720894,0.2647359346696916,0.1956352132235884,0.3601245531902451,0.0844056534678774,0.245280375822487,0.3537347946143682,0.7745515829677413,15,11,10,10.75707399245842,30,0,0.1234428567257161,0.7447698679520914,0.7,0.6772425717395799,10.883932801311053,0.3972618756916271,0.2905986283954132,0.0592775338919723,0.3784873451918031,2,2,8,0.4789440838288925,0.2186650548936121,0.5393018718989219,0.9088922318034288,0,1598.649123449339,SAVE
14,0.074647132621481,26.65963642955187,0.0323864312812218,0.0724495123959851,0.2074743162281659,0.2459147438798229,0.1347230861072873,0.3334100359689574,0.5944553436838149,14,4,14,1.9042597449679908,616,0,0.1389793606557276,0.9151954128403008,1.0,0.1595847431212217,15.153253334042274,0.4326321991000751,0.2252658052916251,0.367602802853222,0.2709725151144205,5,3,5,0.4270832788399449,0.0357218519325568,0.7611314026671668,0.7221049908643649,0,1422.051471303966,SHARE
1,-0.4852295533702119,9.240656543823771,-0.4844758653017146,0.2881001008761016,0.1414453588754047,0.1515485808777442,0.2217645177798582,0.1274391289138712,0.3885110893882978,2,2,3,9.240656543823771,90,1,0.3120636541772146,0.6777263572694643,0.3333333333333333,0.0863190493528432,30.40264141280217,0.6265671450475407,0.2697778716137116,0.1095599299398031,0.1136306401378075,0,0,0,0.2235959693308125,0.6564523679981443,0.2294345052515846,0.2492711840265002,0,382.44171960993503,SKIP
2,-0.3740949561520976,9.672014156710182,-0.3781637748156725,0.3658976786455598,0.0955989660281364,0.0092063819040086,0.013288687935438,0.2684508922583131,0.1469311361213718,3,1,2,4.836007078355091,102,1,0.1944157720368751,0.5237875454489922,1.0,0.6488134719597645,18.76041987621154,0.6650318533140126,0.2126205402637417,0.2322448921628186,0.3202547235681135,0,0,0,0.1873230298276128,0.5314768878392486,0.4328954926161441,0.1973078275662104,0,530.2962269345326,PLAY
4,-0.2481746238126571,13.186541693805506,-0.3102944663058148,0.0899896706999568,0.1903924145064604,0.1221746257732369,0.0319428156365638,0.3604923434713707,0.5107864220454505,5,2,8,3.2966354234513764,183,0,0.1037991991261899,0.8606946444145476,0.5,0.2882837206764922,18.45105812550681,0.4429541952785877,0.184388011287688,0.2026168731041447,0.2906002233483946,0,0,0,0.098092809125999,0.5094720173756153,0.1444104759267429,0.392306859737153,0,882.4492252911222,SHARE
13,0.1933114985908812,9.244338860724095,0.338053555342806,0.4673935707233053,0.2094159407446488,0.1853203396083904,0.2093380447621274,0.3459141644568471,0.2619667894469141,8,3,8,1.0,23,0,0.2784331169491913,0.468975429776941,1.625,0.3107736145715354,3.740047920169048,0.154682398719667,0.2288318521673412,0.1407691268589345,0.2154430144111623,9,6,3,0.0914217215859264,0.1106065979610608,0.0679723949720546,0.4161778803302683,0,1009.7628181424318,CREATE_PLAYLIST
7,-0.0971348568484971,12.26788013230264,-0.302486865169264,0.488900384189507,0.1850252298303728,0.0448474252367368,0.0196329948453883,0.0768304940543117,0.3668127803411248,4,7,8,1.7525543046146628,48,1,0.1886708612198357,0.4009837379100225,0.875,0.2188426336438783,8.23199860690658,0.077127010611903,0.8371003976220743,0.6400254162656932,0.2044264019226347,4,0,2,0.0464511091987031,0.1539678834409372,0.3598011273444229,0.4230814602699462,0,757.7780375570268,SEARCH
12,0.0634618238853232,17.061337887430742,0.0961996616653157,0.3166978531863709,0.3486156950711915,0.2215459202285568,0.0439666654818267,0.1266855881257038,0.4748350947125224,9,7,11,1.4217781572858952,75,0,0.1115483510606659,0.6132522072763287,1.0909090909090908,0.3752431363508001,11.382509940902066,0.2723742673010186,0.4951579081769899,0.3060634607972454,0.3436485666922653,5,5,7,0.1983600050002108,0.2288342914529939,0.2193021349890102,0.6194738771031991,0,1364.5103289876338,SAVE
13,-0.0139561610757995,33.970492411932234,-0.1964821675910514,0.4496644381033752,0.3293361543171315,0.1777057271765753,0.2506713045882857,0.3692735640227956,0.3235720643197236,10,3,11,2.613114800917864,140,1,0.3870720275485667,0.4739624559046751,1.181818181818182,0.4302252791506226,8.860622629429775,0.1190099314599724,0.1154429146197804,0.1765647945340343,0.5752618456623598,12,5,4,0.3482705186479534,0.268440709427603,0.3452320873076924,0.4818188431535112,0,1553.5711996724926,SAVE
11,-0.0510102889619187,14.329065913167703,0.3283733448471361,0.4123754271335023,0.2192164963838075,0.1009700532311167,0.0635931486009428,0.2659607480866461,0.3550241396204241,4,7,6,1.3026423557425184,990,0,0.1163433340996141,0.4887381498386619,1.8333333333333333,0.5466522031042317,19.64961761443436,0.2391860356317879,0.2718478502846354,0.2169063436434386,0.327901478261114,1,1,3,0.2709291599179224,0.2717390792116123,0.1901538639927485,0.5404576791166943,0,687.0101544866133,SAVE
7,-0.4395565123292679,24.889015386277627,-0.2459787749048428,0.1208476775917766,0.3013762164987744,0.1529678471595378,0.1384427075349602,0.0861654968240952,0.404955822494482,5,2,5,3.5555736266110896,296,0,0.238413295309442,0.8811685510816476,1.4,0.3883593435403427,5.897885501123583,0.0940317743356569,0.2427948656136674,0.2526375586560838,0.0593821643245994,0,0,1,0.0664761741037836,0.2486338977029356,0.1675616182521598,0.3053107534181046,0,702.3670041437537,SAVE
8,-0.0116773075129944,118.17453249496688,-0.2436963571235765,0.1565569343410046,0.1943391034278188,0.1146494492536643,0.1421632459078922,0.2343664015704928,0.1702793934343232,7,4,10,14.77181656187086,447,1,0.2066564507462884,0.8256347987258658,0.8,0.431791224090308,11.204655564481492,0.3134636555843189,0.2870950286729311,0.1938082167088907,0.4353210761137747,1,2,1,0.2703392387858992,0.250475602119054,0.0300320913394716,0.2808875057875865,0,1831.410694346118,PLAY
8,-0.2657184021715503,23.411729470358388,-0.1302023893191269,0.2750489957015525,0.1245995597609704,0.0645470287390219,0.220657314060198,0.1335164591298989,0.4467806210069433,1,5,10,2.9264661837947985,145,1,0.1849196563388029,0.6750467067672147,0.8,0.6955566577852479,37.13259336176381,0.3859376833838728,0.3104580054340976,0.1901726842250231,0.2028379769374206,1,0,1,0.1347347586666528,0.0377047692446423,0.1369773383854876,0.3987391676091045,0,834.879684200376,CREATE_PLAYLIST
5,0.0799340348096221,68.07582408096182,-0.1560578376213768,0.1662312221777142,0.1194982062764559,0.0263996137978211,0.101657936510622,0.0753340199108735,0.2246064233821601,4,1,8,13.615164816192364,808,0,0.2812136534572992,0.7615928029672218,0.625,0.3486513703967054,4.356447011174569,0.1161891485163928,0.233969799001998,0.3536870865017292,0.2935837311629238,0,0,0,0.3605019089043033,0.441157350703857,0.1687938944092782,0.2845340254135236,0,1043.4878208224443,LEAVE_APP
6,-0.1886029055280481,6.197870616052769,-0.0343355308632515,0.0845477853721743,0.255910717030657,0.1394755838197918,0.0267074736494548,0.3019275704100908,0.4610019890923296,2,3,8,1.0329784360087948,768,1,0.2288281696604741,0.8125167589733179,0.75,0.251682994583516,13.338217271851518,0.5755641780296372,0.343305990451191,0.2677649133077378,0.7352189465263449,0,2,1,0.0785057226698607,0.1996924614135753,0.0225422471562898,0.2902063696910967,0,968.0168698648492,SAVE
1,-0.5453594461203968,7.146701638557416,-0.4350783531781549,0.354097976489154,0.2333240524894076,0.054683649537057,0.0842942741085045,0.227310694123671,0.3389359645623257,3,1,6,7.146701638557416,342,0,0.1148084059561591,0.5902541580446307,0.1666666666666666,0.0640842816621654,23.947241168386984,0.2414652888612108,0.4171537140865161,0.3414715422204258,0.3224294429726344,0,0,0,0.0857276837023947,0.2361402247307568,0.1841239168419101,0.186309415151361,0,573.6982258560367,SAVE
11,0.0448766176500568,42.9169467077278,-0.196391968938328,0.3290903423955874,0.3666616563914163,0.0791626281531085,0.1803962367602442,0.40675767870387,0.3961534617902577,7,8,13,3.901540609793437,88,0,0.0670044903596488,0.6379607945922704,0.8461538461538461,0.1850580489345824,9.879245666430316,0.3360663076600804,0.2945348913870469,0.2156004877140227,0.2458308410587474,4,6,5,0.0646124770694506,0.1284962702037269,0.1717644951848088,0.5549387586644123,0,1340.5188621390037,SAVE
9,0.0021534564569354,27.744836055767514,0.0456852022418996,0.6738410809341338,0.033843513133641,0.1380808542822166,0.1414392778457531,0.1991295715748573,0.5073439228768866,12,2,14,3.082759561751946,100,0,0.1572415748108515,0.2500678844080302,0.6428571428571429,0.2832692419431626,41.11944373230732,0.1360414568769523,0.364149645459128,0.388048271949284,0.376191745525363,6,3,6,0.2622938790236001,0.4345462328381631,0.2576477230325981,0.5245790287200963,0,1261.652947324632,SKIP
10,0.2024339984203023,31.86586076068867,-0.087821883956719,0.216291016003208,0.178564797648307,0.0768307630908909,0.101885775743924,0.2010264700323517,0.0610996438395321,6,2,13,3.186586076068867,217,0,0.1723372004281492,0.7405577093386537,0.7692307692307693,0.3859508641316608,60.80635798975328,0.4022088794100985,0.242131343047812,0.0459512215550821,0.4349176538664106,4,5,6,0.0251171027615875,0.2668760367176687,0.4770304825329617,0.1840658322495334,0,1462.472679049139,CREATE_PLAYLIST
7,-0.0214320255286308,33.98537211979846,0.1199241459002815,0.4946646053954034,0.4322260807683484,0.0657158396075393,0.0620370872547336,0.2224172493645629,0.3157559646272588,15,3,9,4.855053159971209,90,1,0.1513098802511559,0.4680106615615735,0.7777777777777778,0.5225547339312707,8.069056375942216,0.5506193304063901,0.2138847095447356,0.3469647801912711,0.4717235282781779,7,1,4,0.4288333946357227,0.2222574994474132,0.1670786825810129,0.4899238750037278,0,1228.8349003106928,SAVE
9,-0.4131732670894475,40.24544180777966,-0.0381558098280231,0.5199121773609335,0.0913509750262895,0.0481359597971984,0.1536717375325058,0.1929279795415257,0.2996506075870563,7,5,7,4.471715756419963,246,1,0.2927885335063276,0.4870318083673249,1.2857142857142858,0.3211868723857591,7.697332635447885,0.5856879272928889,0.4127735917263111,0.1400527353058631,0.4160958041961626,3,0,1,0.2255851669216489,0.4442151507791352,0.2509264687208938,0.4039629090592559,0,971.7214893154786,SEARCH
11,0.1947056725055492,43.287721579476646,-0.2154979585973861,0.1990021643764983,0.195181334661739,0.0020752869674145,0.1081815657677326,0.1301622865198959,0.1314075189675128,10,3,11,3.935247416316059,56,0,0.495478365101282,0.7599914084538903,1.0,0.454463588083096,40.06417987473635,0.5490140655189782,0.2840679237096109,0.2987199859837482,0.4968998870295408,4,0,6,0.1805292690278224,0.6114097676195248,0.2988455070952415,0.3396131172259868,0,1289.0715313998317,PLAY
7,-0.2478618165758017,24.96245911389588,-0.1246006459823738,0.0967160720968541,0.2159855585211636,0.0531282832184737,0.0791626440072036,0.1476775761264918,0.4248833376008506,8,3,11,3.5660655876994114,81,0,0.0770825594432859,0.8221849145879352,0.6363636363636364,0.4316709817906679,6.730291729573534,0.4915540140721968,0.523214976097025,0.2120158108781524,0.2232343836968699,1,0,4,0.2314972092263658,0.1942674861000264,0.296157287502059,0.4093776004246468,0,1126.265335095985,SEARCH
7,-0.1021538640004022,100.06784971719918,0.2493363280122033,0.1775088295856236,0.2243920575218645,0.0821601272292884,0.3127557521366202,0.2364351468407718,0.2191066653581182,5,2,14,14.295407102457023,102,0,0.1605446377516422,0.7182830528583649,0.5,0.3912354277084915,10.805310080241762,0.5619887807687827,0.1874805611096646,0.1509940780959279,0.2334763983068605,2,2,3,0.2903480955655608,0.0638830100198799,0.3740437265124508,0.2337367840167095,0,1643.912147256033,SAVE
8,-0.3738420558223542,31.321439068567116,-0.0796897406172781,0.0823182172823609,0.1627491763344588,0.0687554910334701,0.1285940226120195,0.182880477246423,0.5002458440751922,3,2,9,3.915179883570889,257,0,0.1554434049487375,0.8866359228914776,0.8888888888888888,0.2349818943553794,8.016916230306377,0.396247259628111,0.5536872880876113,0.0218843855359139,0.2395773262876317,2,0,0,0.3861898594945415,0.4568845273975208,0.1898871190200465,0.4095766937034957,0,764.5943215736688,LEAVE_APP
7,0.1024700130051234,40.54731031361964,-0.1487893754453486,0.6982402526331503,0.1445883271399832,0.1910180697462256,0.1428368989762616,0.0133360375162133,0.4920309317631102,6,5,6,5.792472901945663,1128,1,0.0472242814171081,0.2500626224255071,1.1666666666666667,0.3371110876905621,11.54215998946519,0.3973984965401944,0.6052178918856288,0.0931119005550177,0.2817516444523896,0,2,0,0.2623115949498782,0.2099109927097419,0.2962863233076797,0.501531325813328,0,985.1289383283284,SKIP
0,-0.3812406317294818,21.03567361889868,-0.5247980631271463,0.3927834777532049,0.1263599763266472,0.1096812054228202,0.0656536394538293,0.109329938886732,0.1878910983530816,2,1,3,21.03567361889868,134,1,0.0541180251686252,0.535412177880132,0.0,0.3877683928245878,83.17023246468149,0.5653034164578701,0.3649907796660926,0.3969210595635893,0.0890125325234591,0,0,0,0.2346045192120473,0.2230326847868108,0.5059338705981125,0.1055756666104676,1,449.3182548152783,SEARCH
7,-0.1090020647491984,35.04206935456115,-0.1436677511975665,0.2036715835452314,0.0867020368342364,0.0400000999527929,0.0368130613513222,0.134280644269692,0.2516113097489603,8,5,8,5.00600990779445,664,0,0.4262179551962167,0.7075330340169381,0.875,0.2922028831486405,3.989488606122454,0.0595563842776024,0.4492176158533311,0.4586242104217475,0.4437561787648614,1,3,4,0.2442156989836734,0.1847391744591394,0.4165513790821408,0.4116190326594237,0,1106.9888682016374,LEAVE_APP
8,-0.2993550156488532,10.563999683694949,0.0667019179633427,0.4609189145843471,0.0497620884787283,0.0235853359347989,0.1030638810719681,0.2067020704845703,0.1820757585077038,8,5,11,1.3204999604618686,292,1,0.1271746213349208,0.5058998172835516,0.7272727272727273,0.151293574237947,4.385843171865195,0.193120709343962,0.1835536530498898,0.2207620136138621,0.3997660694707318,0,2,1,0.1827719567668778,0.11296628691793,0.1281046791378459,0.3864178559810737,0,1121.3570854524382,SEARCH
9,-0.2173642046006123,102.71113156710987,-0.0278206424747543,0.1948158758730964,0.0439740174548296,0.0807350101112812,0.1164651935531621,0.2267998579711223,0.2952854660212047,3,2,8,11.412347951901095,66,0,0.287016314016372,0.7481085353815806,1.125,0.4616157866900093,5.206107491334227,0.7983669062826801,0.5309713641937027,0.1486662230654751,0.5222991801452528,2,0,0,0.1607964251953633,0.2012235017987858,0.2634795980016046,0.2209000212222651,0,1612.6217352290073,SEARCH
0,-0.8507005278467832,38.27188234168624,-0.2593297411507076,0.5490430665849902,0.0795776262550018,0.0480243212921889,0.141435205441736,0.1051472824785898,0.3460578572071764,4,2,4,38.27188234168624,114,1,0.258491295041649,0.4408247877486202,0.0,0.165063510867634,26.321203176306085,0.3911877250041034,0.3306584077466264,0.2861337863468898,0.2729518598975844,0,0,0,0.0621241192301255,0.4111059735537242,0.3412280083972652,0.2926337238344014,0,753.8912650456184,SHARE
13,0.1920839702491077,19.88915232959383,0.1078847874766685,0.3066406059095293,0.5105523204629959,0.0905049801947066,0.1528946427984498,0.4928159711461852,0.538256602985423,15,7,9,1.5299347945841408,106,0,0.3445980924308872,0.6261247830380932,1.4444444444444444,0.2881764820362341,11.552437663548474,0.2649883874445447,0.3501352377933945,0.3016781862103935,0.5796847580570724,3,5,3,0.2297749397925007,0.0177625366261354,0.0797893973072107,0.7725034900885962,0,1436.693060754136,SAVE
7,-0.2989908208551863,28.93356440328823,-0.3167836772168062,0.4202001038110275,0.3179151102430348,0.0840695272242782,0.0686711040907704,0.1166513390848929,0.2098449534980561,5,2,10,4.13336634332689,110,0,0.0760606155054302,0.490888882750437,0.7,0.358055843806998,16.949855157520094,0.2638094589641642,0.749585454930449,0.2826520474653796,0.1981428109653728,2,1,2,0.4659837472653892,0.1945112155024858,0.3234213589802131,0.3052082408948172,0,1059.716610513056,SAVE
8,-0.0241603963043619,32.160462995693344,-0.4153142903681641,0.1892543485417677,0.0747396830593572,0.0590727439301627,0.1800771919962301,0.5721401185986883,0.3937781667317621,4,3,3,4.020057874461668,134,0,0.2488993699617601,0.7350004880415915,2.6666666666666665,0.2611640935784863,13.615848971644812,0.2110944474201602,0.5015058799138384,0.239122695571974,0.379242110945277,1,0,0,0.3032432023368133,0.4930768376884602,0.1368954110134206,0.4208876202058877,0,857.2974702864757,CREATE_PLAYLIST
7,-0.0490598704309782,31.04826333560866,0.266028225701352,0.2180172382861334,0.1040996354658246,0.0117829788797278,0.187260450380594,0.2122228024971335,0.3426025941483927,6,6,10,4.435466190801237,215,0,0.2182337797825463,0.7280790149390894,0.7,0.3106001362797688,13.798541873558545,0.0362561929049126,0.3204150118298925,0.1868660628388531,0.1581960555503902,1,3,1,0.3295371011010805,0.1414195053151029,0.4770616410362437,0.4381762076205686,0,1029.1433440277958,CREATE_PLAYLIST
14,-0.0484138809062447,51.50636946158224,-0.214533363223457,0.3221089668767116,0.2610103531872051,0.0893771067174573,0.0962978995194382,0.6722597465407775,0.5060011938201888,10,4,14,3.679026390113017,4,0,0.1890532974115018,0.6279467114126106,1.0,0.7490253150631849,13.518220021567966,0.331109821710317,0.1220821947952882,0.1227207032509327,0.3721572961197689,8,7,1,0.5857444074537778,0.3789774876887645,0.4385069288336574,0.55204486810286,0,1828.190515022572,SAVE
1,-0.280925686053063,48.14396629364008,-0.0788467995197526,0.4106979128766506,0.2180113577808492,0.0495378096912146,0.0410277442566709,0.4358915887141522,0.1279601297600803,2,5,4,48.14396629364008,310,0,0.3294712976381895,0.5218774729522198,0.25,0.4166468902272814,10.363144680940856,0.0424828086499835,0.1654963662182865,0.2819257337496375,0.3623833599950801,1,0,0,0.1598147627493908,0.1509332752670911,0.1124270177275094,0.2442156102703855,0,868.5160760586274,PLAY
10,-0.0604286805265262,73.25829420529443,-0.2037075910972384,0.3715518713737658,0.1013423813752085,0.0730403350606564,0.0899997513446266,0.0351445603364566,0.400327308529887,5,12,8,7.325829420529443,41,0,0.0493007044229599,0.5846357637311815,1.25,0.1435556730167984,6.114958285664319,0.4654976965139467,0.2874114592650038,0.2639109676372829,0.4489490843912163,1,0,0,0.1451762377870265,0.1265648712985915,0.0595343925532766,0.59492786831906,0,1164.749347918884,SAVE
7,0.0160311086813489,55.35302908744964,0.1422564032114173,0.4125861220843705,0.2184646505429948,0.0280898210006056,0.22494524229173,0.3486068267436349,0.4709420218812611,11,9,14,7.9075755839213775,53,0,0.0544697678946383,0.54213052224765,0.5,0.2962432682438729,33.50096710603461,0.0474291662758177,0.2286836604763666,0.2304541787135716,0.4200928395991855,9,3,5,0.3941928431839535,0.3024367502482972,0.6709775324229262,0.6677180949229033,0,1723.54123310574,CREATE_PLAYLIST
3,-0.0908673133561889,15.460533773671209,-0.0108539758980837,0.2607920391574136,0.1594919320853886,0.0311812663554747,0.2133243423267493,0.1425735652006805,0.1738976145882593,3,4,10,5.153511257890403,168,0,0.2364659896065474,0.6516823439056848,0.3,0.5863941996896287,7.0871329172889,0.6879004296766199,0.1303162547237867,0.0772539826819665,0.5420196726284903,1,2,1,0.2815292742040775,0.1230067513716999,0.0936814129963351,0.2544427596095359,0,1171.7510964925834,CREATE_PLAYLIST
17,0.1681599059430218,25.312070442820996,0.3211043409141112,0.4486255361755653,0.3979334964430182,0.079913009503654,0.1174433905051802,0.2501828845899423,0.5362380020733023,8,5,13,1.4889453201659408,143,0,0.0718468316017485,0.49340401629677,1.3076923076923077,0.3562208970816749,15.300022937746403,0.2210831769109202,0.3519769607633941,0.13853136195196,0.5935820612358651,7,6,7,0.1691127836898847,0.3872124346563541,0.546130404045,0.473363617082959,0,1459.6526802089302,SAVE
3,-0.2340055715257433,60.11156591973871,-0.245824198911898,0.1317935474498654,0.0170089260026645,0.08597725167367,0.2267446908852239,0.2451699681541004,0.555749277264484,2,3,10,20.037188639912905,44,0,0.1591580466570278,0.8194235140976466,0.3,0.4438516262803026,4.376846866727007,0.3533180731459269,0.260278269429513,0.2234079762228046,0.2860604487700081,1,1,0,0.1720196864243918,0.1251091206369256,0.2621818722297512,0.4357362910085256,0,1134.6044935088971,CREATE_PLAYLIST
8,-0.1663847779126138,76.07678486758282,0.0594855923482077,0.331643789483391,0.1559328631326252,0.0641344585660013,0.0875469745109298,0.0614444117969667,0.1224511136115652,8,2,5,9.509598108447852,8,0,0.1350276226099171,0.6114405821802055,1.6,0.102858865011112,9.810260118034304,0.5072420282772803,0.3954159252499044,0.3563275025780967,0.5288607080286412,2,0,2,0.0444817699265413,0.269354305131318,0.0431314162694431,0.2644431055833791,0,1350.8947274474592,SHARE
2,-0.5625330583466823,13.195228835180796,-0.7771295256887625,0.245028534888593,0.1326506739046779,0.0336789821210463,0.1060738005411077,0.2158151523255037,0.2042212232348298,2,2,1,6.597614417590398,109,0,0.3021042146802123,0.7511440712426786,2.0,0.242747917923392,49.2241947122445,0.4081194784115674,0.2552658756832179,0.2053657682422979,0.2851842686988323,0,0,0,0.2792705593165013,0.309090004676366,0.2567930725651574,0.2452661663911103,0,309.12569682486856,PLAY
2,-0.337405324067079,33.06783342697235,-0.0414310194208444,0.291682516783633,0.1998510071885098,0.0470983475647292,0.0795582353554733,0.01,0.3503325973882426,2,3,9,16.533916713486175,133,0,0.2736347639732108,0.623737333199675,0.2222222222222222,0.6102072827116065,5.20587527564097,0.2912218034226234,0.245961611747625,0.3057943421021472,0.2240940179885933,1,0,0,0.0322081323293858,0.3298234365012143,0.3258939110325284,0.2501318592596694,0,893.7283273153076,PLAY
7,-0.1372767219288354,95.65264924603082,0.0800486523161488,0.0432481856443477,0.2838527740333862,0.1066360113329953,0.1256138853353062,0.3100213758630628,0.3063053607988687,14,8,11,13.664664178004402,100,0,0.370064924241843,0.8717883484672679,0.6363636363636364,0.2114921451177155,41.58003576350946,0.4741829058810137,0.4158487138453367,0.4624841193471266,0.3533127048095591,2,3,3,0.3202781888304789,0.2172249797867759,0.1378547291192692,0.6059954928689028,0,1753.5882826128882,SAVE
5,-0.2851439564020912,53.085186610647945,0.0950875625907523,0.0271661808190077,0.1044054731596911,0.1217459397947555,0.0644716939004489,0.0782826658307605,0.1245694758796321,4,2,9,10.617037322129589,58,0,0.1529395277103776,0.952341663594493,0.5555555555555556,0.5522189340283157,7.26303670699238,0.2293215203670016,0.1552629291727277,0.2839968246801292,0.2403702007651671,2,0,0,0.0716031436305284,0.1392750580131758,0.1821631116880648,0.1236645788906508,0,1154.0855462621605,SHARE
9,0.1665939819098865,36.5012791376174,0.0703427722452936,0.0327483984510997,0.1686988174437959,0.095541733413487,0.0987166981084212,0.3007933600168682,0.0997648787033134,9,5,9,4.055697681957489,39,0,0.2680579558071249,0.9179394750091046,1.0,0.2344664057498843,6.429410687417307,0.5723491998385997,0.1427982698677581,0.355881893937919,0.2801443596384087,4,2,4,0.1401344025017438,0.2551180619930255,0.33809033280417,0.3249078563089815,0,1249.534110846873,SHARE
5,-0.2111152776500185,17.640791835091754,-0.1755142896341593,0.1574236034348314,0.0857326377027031,0.077990421296292,0.228873500145306,0.3833185166870289,0.4513017793043405,2,3,4,3.5281583670183507,354,0,0.16543804434845,0.8057760540709854,1.25,0.271466549809064,9.138955607918618,0.674738208012289,0.2582844916771055,0.494167648902999,0.5858297789189066,1,0,1,0.1341368730187298,0.2561479656250282,0.2557148617555012,0.3106380388850193,0,862.6320178859024,CREATE_PLAYLIST
7,0.0592287584423071,32.82207915209496,-0.218455038605937,0.2170481039423639,0.10697436054114,0.1207996721305258,0.0164687431947695,0.5826900992044363,0.3064963587698414,7,7,11,4.68886845029928,63,1,0.2698573885362013,0.7232430037410529,0.6363636363636364,0.1286490691841579,10.654599810960011,0.598470666250601,0.2431060250287042,0.6789707261205064,0.1409637483845409,2,1,1,0.1832265799644551,0.4934880369869336,0.1333901663144346,0.4040012936274683,0,1043.0029680471455,SHARE
9,0.0749229667091526,80.53670025805187,0.1615566576360095,0.3526604219446108,0.2583155335104017,0.0512228168802993,0.111598978489809,0.3183965616422452,0.1932465417864773,7,7,6,8.948522250894651,404,1,0.0372282200331631,0.5892941951477111,1.5,0.4068407207456816,24.315868255049303,0.3665057733020956,0.3530922179082019,0.365056317778062,0.3605443784060276,1,1,1,0.1872440735227618,0.3069805920872687,0.5908226559000382,0.410012164455265,0,1374.8384100901417,SAVE
3,-0.1713006447987457,12.985300646909325,-0.1441455494136958,0.3359340919359865,0.1646619831866595,0.0248583333177473,0.1057113271569984,0.1657960851955509,0.1810328076042326,4,3,8,4.328433548969775,118,0,0.254658596838696,0.6367243787189563,0.375,0.535623053362959,30.610916452841035,0.182226154862304,0.2454161952826461,0.147473960086269,0.2316843855822355,2,0,5,0.2165435537274002,0.2972709537346966,0.0711970147285154,0.1954803268235966,0,659.622853605816,PLAY
5,-0.0724742075928599,25.343665595484776,-0.171143704066967,0.1252865222540648,0.1157369633723819,0.1261312332413082,0.0568188837699775,0.1108309890070601,0.3951588507881878,3,2,4,5.068733119096955,11,0,0.3195760717248088,0.8243827257260766,1.25,0.3716599469621932,8.788081728397483,0.4123773994554457,0.3044441073830047,0.2548627442091737,0.221967997054279,3,0,0,0.1210633709950014,0.2231429050882396,0.4242949452860569,0.3710122385718472,0,567.6685474727865,SHARE
5,-0.1566945124770117,22.701554792836767,-0.0694461352840685,0.2662601426366394,0.1627994334096486,0.0722591438356651,0.1129540613207528,0.3960425750340415,0.3782602406638517,3,4,11,4.540310958567353,100,2,0.2857861696727672,0.6791624756862472,0.4545454545454545,0.2952199724199438,5.795585262395558,0.264346192169401,0.3805374897962137,0.3364161542336072,0.2291512671264509,0,1,2,0.0865881498675851,0.106305504762694,0.1325850010971955,0.3216115712677491,0,830.9573655077126,LEAVE_APP
4,0.0736188947652251,79.30817145912182,-0.103217588476608,0.1243189422613102,0.2795195873922883,0.0591609269628626,0.2714424119331665,0.0651473828375011,0.599537348119275,4,3,9,19.827042864780456,9,0,0.3014585452285561,0.8642615546581192,0.4444444444444444,0.377193751714353,12.479558833162097,0.2860154995570818,0.4618206898501541,0.1307571993496361,0.2860600568503451,0,3,2,0.1548030470724239,0.1957923139886747,0.2678200193514682,0.4519133462504113,0,1258.6670832792834,SAVE
17,0.229690735884779,179.681229157363,0.0609946771435179,0.1838272704729661,0.4371970117326493,0.0912102310229325,0.0873449840211262,0.3600711102994388,0.4122322029199687,12,4,14,10.569484068080175,66,1,0.0850114158861923,0.7593288987230431,1.2142857142857142,0.2668449391507545,4.942020575379689,0.1604046105554781,0.2543031140723218,0.2346512955214604,0.6141097280238891,6,6,7,0.419039202669751,0.411232325791628,0.2300132864156529,0.563807335624054,0,2709.0600337047526,SAVE
11,-0.1780967042295408,44.18162106904509,-0.0399982358752244,0.5613368792945098,0.1208579851739071,0.0641339853226215,0.1134849239544281,0.0423680395466551,0.3233600911617292,8,6,7,4.016511006276827,100,0,0.0792236124493397,0.4637808494288428,1.5714285714285714,0.1898675459865727,17.68765194070961,0.6864643193789609,0.0830851003581382,0.3916515075920815,0.4343172665813009,2,4,1,0.2974156405456833,0.0251530062929775,0.367337629736062,0.4686988094652743,0,1169.4653105193786,SKIP
6,-0.2331688144756148,81.4819262460223,-0.4758308653636225,0.1153869227677359,0.0798673027617964,0.0744180864387468,0.0873130161252952,0.2187152089489762,0.1836797842821491,2,5,7,13.580321041003716,268,0,0.3755202282939216,0.8524217925533645,0.8571428571428571,0.3056717207914282,19.166161464576767,0.3290160566416005,0.2801703396618965,0.124243870084572,0.2246689223273604,1,0,0,0.1974011495789051,0.0398239105975858,0.2542738351331461,0.2870390676341381,0,1034.4190569603454,PLAY
1,-0.4987384033396776,5.897496450245837,-0.1953020526145525,0.2002210127790266,0.1241916210737276,0.0636614001131111,0.1468287418533634,0.0720217079252253,0.4434806345081405,2,1,6,5.897496450245837,127,3,0.1315841574469919,0.7438409789327524,0.1666666666666666,0.5072736917347748,78.45411340005653,0.8469055405446972,0.5524648427949909,0.2244790487510759,0.4960844292035855,0,0,0,0.3696242565666026,0.6340334962668883,0.4343464816024355,0.2855542128281312,0,746.9662476237404,SEARCH
3,-0.3085076318778522,56.95140479242957,-0.2598469166313434,0.0802960806012701,0.1902920787160577,0.0382999914397618,0.0799315490793626,0.0849516907678959,0.1520690773449942,3,2,6,18.983801597476525,57,1,0.3363499658301728,0.8503214524161868,0.5,0.5157744479388036,1.0664656643571648,0.4893246520436732,0.1421131043852813,0.2161678351378676,0.5130805690995531,3,0,1,0.0316494230776588,0.3230199895862348,0.2837462677370925,0.133508123234547,0,1147.6222774789794,PLAY
11,0.0744411472536602,30.589762168698137,0.066026967702545,0.290939194555693,0.3128079484706464,0.070057735715978,0.1265082493245959,0.1360977363681168,0.2760186984820711,5,5,9,2.7808874698816486,483,1,0.1746905763374488,0.6923939153820261,1.2222222222222223,0.2296079633588903,14.896690495750622,0.1247524680980297,0.1950962512824628,0.6121555822823536,0.1554691150910103,1,1,2,0.094250400787896,0.2486944257472207,0.3817899935755037,0.3694881159608957,0,987.0724602809274,SAVE
5,0.2959958149379548,52.73741577486378,-0.0386799797702735,0.1820999024064186,0.3312967601643162,0.0599393395336434,0.166729446055914,0.1351672641888789,0.4010786851847923,7,5,10,10.547483154972756,146,0,0.3851857662630772,0.7992599619060883,0.5,0.2828148037289651,37.81896501772795,0.3115083824142297,0.1580701091999712,0.3798196275145244,0.2861646888242872,4,2,5,0.1526976957909283,0.2622125707961322,0.2050957668876086,0.4832290599178998,0,1310.0258878947582,SAVE
1,-0.0595932606089645,20.19059311671259,-0.6542773176213584,0.4314877197708422,0.1053928284902355,0.0539585397151403,0.1020259890311445,0.2598908480895187,0.5217963400764738,1,2,2,20.19059311671259,37,3,0.2939671244797145,0.5405554215344617,0.5,0.3337919693309228,16.441133511230422,0.2309349421960998,0.3111579979862448,0.3885287425215,0.5134106035682253,0,0,0,0.2943727487016158,0.5269059605277076,0.516843469011486,0.4487472972098828,0,736.1897639684639,SKIP
4,-0.1102138445430644,45.69319090295674,0.0346677580590681,0.2346182343387614,0.1133770072839542,0.0461996216019419,0.0451890947232353,0.0586917031547512,0.1194188714156225,11,11,8,11.423297725739184,423,0,0.2071783764656049,0.7323379000146791,0.5,0.3763090443210159,13.71470964513684,0.6791754574348283,0.2980959431022827,0.0303128575684816,0.4641040950276682,4,1,2,0.0340348309831196,0.4729720293383684,0.0811942225056979,0.5367001884983588,0,1260.715768456004,SHARE
7,0.2671456745054935,80.52848523680147,-0.107888602613631,0.1084430981087085,0.2101038693376846,0.0375767744235909,0.0525390712976287,0.2376528438403931,0.1453105927314426,6,3,9,11.504069319543069,318,0,0.5283355704205726,0.8065791387158239,0.7777777777777778,0.2773928626285442,7.8002482670489375,0.5310845078483531,0.2582803318922899,0.2538571564299727,0.1509999600610539,0,3,2,0.438046177095926,0.4003280245509556,0.3037156098785187,0.2682824863203365,0,1375.2017908683877,PLAY
13,0.4869335726588798,69.95761558145199,-0.1265651996370123,0.4026408274539854,0.0880914835386323,0.1145452812838348,0.0790740648396159,0.0994949780057576,0.2981639802870648,7,4,9,5.381355044727076,225,0,0.1490356351152384,0.5748626938122919,1.4444444444444444,0.5163103047465275,4.670563278831535,0.1135073511448224,0.4257987627647375,0.5419672369473543,0.3000879095390981,2,0,5,0.3673531080117204,0.127332380749434,0.350151023398344,0.3523991221579637,0,1220.6833455749108,SAVE
6,0.0595647184091891,22.90334770212742,-0.1350824420921437,0.0832177956476062,0.1164841104103927,0.0252552920069848,0.1405506318982678,0.0312489253908286,0.1182006619560613,5,5,11,3.8172246170212367,39,0,0.3106664893127967,0.8594863658159299,0.5454545454545454,0.7450728695927917,22.288126557117923,0.1947419048447296,0.1347638746121715,0.2139317663111351,0.4105861871924733,0,5,2,0.0763948488739363,0.1937237007195902,0.1141532202928657,0.2628856845979481,0,1285.8140924560007,CREATE_PLAYLIST
4,-0.4789497540271002,20.860722669939744,-0.329990982558251,0.0911352661480989,0.1323314486450015,0.0642744001557286,0.1339137781035649,0.1034731803297807,0.3215516583309969,3,1,9,5.215180667484936,477,0,0.1804779094269266,0.8345702013532946,0.4444444444444444,0.6251847381094742,5.591694370697309,0.3013038200772635,0.4623437035528893,0.0674466822320486,0.3797825588021279,0,0,0,0.3527817893555157,0.2441587333495507,0.0871171159574073,0.2810156759089319,0,863.7102348663775,LEAVE_APP
1,-0.2296225089285692,61.56983641558709,-0.0497637765521362,0.2051243470221929,0.1233473826409644,0.0681279195201818,0.0444960306954875,0.1497678665480354,0.3028393706837474,2,2,7,61.56983641558709,201,0,0.4575984997240383,0.7540401449713221,0.1428571428571428,0.5741657140423597,30.18241787581566,0.3235075461520791,0.0514832538884579,0.4769274897470092,0.1551273933767,1,0,0,0.036085184153631,0.0328633607097659,0.3628478071944522,0.2110666258610489,0,1068.8030795908933,SEARCH
9,0.0072999999548025,38.99438833346049,-0.1398693475310828,0.2901089031476837,0.1775977622780426,0.0996444795136439,0.0669409293792963,0.0768468319557907,0.1205440213408402,2,2,8,4.332709814828943,234,0,0.048145509603932,0.6119975070511879,1.125,0.2423946202530958,14.10452464337186,0.2788015411505141,0.1695801042559504,0.3830516644841768,0.3641976291955368,0,0,3,0.312495070602826,0.0384844317500027,0.2687972171432761,0.2246383414165021,0,1043.056764472521,SAVE
2,-0.6702615660721628,21.613229328994493,-0.3618360769227594,0.3135648051310373,0.1765306424611411,0.0915038974702374,0.1728306265144386,0.1763855046032651,0.2975341188621969,2,3,2,10.806614664497246,44,2,0.1860072634720575,0.6686970155352261,1.0,0.2691939204826984,21.234672333088582,0.6384680643205981,0.2496907899850476,0.4073935568436928,0.4113211187789044,0,0,0,0.106074021800873,0.3909680001380808,0.6510025619537232,0.3415095986563211,0,573.305533783775,CREATE_PLAYLIST
11,-0.2026719147499574,36.38238812046053,0.1132435104036503,0.030692669906382,0.1104931194199015,0.0812733880249093,0.3526263432815453,0.1600855929317422,0.2334593035479161,9,4,12,3.307489829132776,423,0,0.255436272587268,0.890546933282544,0.9166666666666666,0.2039975137169442,26.38373047903821,0.4330922495248429,0.2001111679405896,0.2279244865847502,0.3428220991008219,0,5,2,0.0966343885958139,0.1271698950985679,0.432494509526391,0.2991303213236589,0,1357.5110139877304,CREATE_PLAYLIST
9,-0.1203523474741137,180.75051175987755,-0.163756857102423,0.2250223264927241,0.1845693184927163,0.2339961656154563,0.1222514110000134,0.5603394698414559,0.3369943424830923,10,10,12,20.083390195541952,133,0,0.1909007634195113,0.7291497638280323,0.75,0.1954062749716801,15.825756601886996,0.0526590395939025,0.5370814787898439,0.1884348225632215,0.1907904601028698,2,8,1,0.3647961620479431,0.1288671043625992,0.1996933000634163,0.616978013382738,0,2383.042147933664,CREATE_PLAYLIST
8,0.132630291868856,87.7038668168792,0.0565181239638696,0.1501502184497418,0.0410057461545889,0.0717735438523406,0.355397943953466,0.0818536967152375,0.0922462668305773,10,8,12,10.9629833521099,261,0,0.2644317558478195,0.7917730018788819,0.6666666666666666,0.2200567859660437,2.908904666312888,0.4263496396445,0.1650388705020485,0.510594289738483,0.4662478038205747,1,5,2,0.2189476865324341,0.1025421419436927,0.2885006019085359,0.4465229814626454,0,1699.281827896967,CREATE_PLAYLIST
5,0.0871322158801711,8.090776818255165,0.0294060338048167,0.2370054671152403,0.0419135920188087,0.1560101511243794,0.1318433484101394,0.3285634685568808,0.2155921617098126,4,1,10,1.618155363651033,8,0,0.0663663605349483,0.7295956393821326,0.5,0.2349889197306497,15.3193731189819,0.7617708707320369,0.6321238263555969,0.1109123101505041,0.3227737128328881,4,0,0,0.0777741611046319,0.1559918855464413,0.5502274051827516,0.1991287424467293,0,863.1473379408309,SHARE
4,-0.1567500548646678,106.26603001744822,-0.384603027743965,0.2606675368331034,0.196090750539382,0.0465104246896462,0.1910082310296568,0.3453259167335488,0.1560437644739248,1,3,9,26.56650750436205,72,0,0.1150547396771119,0.6810618168409817,0.4444444444444444,0.5432568494654877,10.113742060724949,0.3672584324073885,0.3318611481395463,0.3743676054006508,0.3942371839876183,0,0,1,0.0247101909142992,0.1138764572741224,0.299641945593121,0.1551140228349656,0,1430.0801845941346,CREATE_PLAYLIST
4,-0.1748242742694531,14.875481418637804,-0.0373802920428241,0.3272146226233454,0.0137321143278745,0.2025538102601181,0.1202639421748774,0.0537735190358656,0.1218049458361441,6,3,11,3.718870354659451,43,0,0.0487456372302666,0.6550050081470846,0.3636363636363636,0.5261831898867644,16.705753272786787,0.8020058774387702,0.3287973460643537,0.2297087110320938,0.3551740639893894,0,1,0,0.4342265397786995,0.1302511116635227,0.3159809755207559,0.2696335352065224,0,1054.2982094711904,SHARE
4,-0.3555987690197435,45.91448087366937,-0.1537239999317419,0.1511555013868108,0.0596923279099548,0.0630590400334148,0.0376687084084434,0.2123242204929817,0.5297579410796495,3,4,5,11.478620218417342,339,0,0.3184620826412802,0.773072094719514,0.8,0.4782004728651611,2.1772812978838365,0.4319117039740719,0.1558714469600838,0.1559866172357016,0.2091975654451753,2,0,2,0.1784281893829005,0.2751498814697164,0.275861650924984,0.3842039388187216,0,872.8609518207742,SAVE
2,-0.1167419887622074,66.07020013590612,-0.0327889186984786,0.2229183601618849,0.0852475480774091,0.0627450939627987,0.1357375353390991,0.1297070296927289,0.4184671112344587,2,4,6,33.03510006795306,238,0,0.2627164192381699,0.7455004734938924,0.3333333333333333,0.2159037279968253,26.379484489238926,0.1911165582073667,0.2354161626076668,0.2904257397279444,0.3000825777350517,1,0,1,0.2475743554465866,0.4687316130891314,0.3484632857896204,0.4029159939329741,0,1017.8782969848628,PLAY
2,-0.186854157852943,32.70524378940198,-0.4377805714101424,0.1668668398182925,0.0943453525660415,0.0229654038747315,0.185767779514178,0.2082125169481762,0.4084070675930019,1,3,5,16.35262189470099,156,1,0.5687760298256965,0.7369134027953606,0.4,0.5093293958285977,5.089840632177531,0.4067260033848894,0.2001777843421255,0.1469927167066279,0.761584923207832,1,0,2,0.332650340953107,0.2323367180712433,0.5358208387009161,0.351793096683617,0,969.3119512274936,CREATE_PLAYLIST
6,0.0707365697763567,27.503537904476826,0.2972634020903112,0.0784336782431874,0.0806382332764508,0.0448833166014045,0.1615782775733692,0.2122092150532616,0.4898475902374244,7,4,9,4.583922984079471,28,0,0.3864395311479132,0.8305241901571331,0.6666666666666666,0.1474975931481256,4.784538239824385,0.5440146574214353,0.5164671473627284,0.2631779635292583,0.6444633997043929,1,1,2,0.2540634691034787,0.3855002881601822,0.1729207573553759,0.5215511268008884,0,1085.8837400116972,CREATE_PLAYLIST
10,-0.0116839190747761,78.36675042659563,0.1161248011701335,0.1736221063550815,0.4205442207538599,0.1586656726274156,0.1387511709895199,0.1638225212080383,0.3830728579940496,10,9,14,7.836675042659563,122,0,0.3467367044088377,0.7643519762266174,0.7142857142857143,0.8082037529207458,17.973326388238075,0.3585591789337778,0.1859851584499537,0.3561166705013274,0.2411282133633067,6,3,5,0.3132040202992817,0.2803541018919849,0.3139078265909261,0.5964183521908336,0,1640.8814392835109,SAVE
9,-0.0906383947370005,55.185252127857865,0.0515088059220152,0.1349246990762845,0.1727650943726618,0.1192009600045355,0.0279415053364416,0.197882032290624,0.5429072835044791,6,6,6,6.131694680873096,139,0,0.1495054613826591,0.8028294178481773,1.5,0.2471840732628368,9.68930379936238,0.2495784270672337,0.1076393696415112,0.5081541527719838,0.4289258104924457,3,4,2,0.1909052631268713,0.1662848998223305,0.0458110740013421,0.5495315129915742,0,1235.025848956465,CREATE_PLAYLIST
2,-0.5463766313851536,2.446689605329434,-0.5799019684429911,0.5972825764845194,0.2613917946085112,0.1451080177669688,0.0665839534902457,0.1763777576079282,0.1893328509428584,3,2,1,1.223344802664717,321,1,0.3175205924054814,0.3187834067606737,2.0,0.5089083508086941,18.63594221652153,0.4887061814092517,0.5064239538685884,0.4494650218595018,0.2789609383603823,0,0,0,0.1421812856994288,0.4632121553880363,0.2402748318974805,0.1501247844542259,1,179.5567729624226,SAVE
8,-0.2139703344723194,6.656794904174378,-0.223999138676034,0.4562319757848317,0.0139391381683191,0.1625079303398281,0.0598179450487135,0.1306743485824187,0.0936825977444929,5,3,8,1.0,54,0,0.0287925748645118,0.4919485261041611,1.0,0.3103778898075495,63.07171664978213,0.5214854310782673,0.1690458504396876,0.4082672416254749,0.2909909449861731,2,1,1,0.0682616680728699,0.3854777137207249,0.5199059006463916,0.1891271207934229,0,833.0308756261289,SHARE
13,-0.0282807098855857,54.743638474371785,0.1813886025601619,0.2219873277213358,0.2373377554428066,0.0935335621293924,0.1755993919951644,0.3714085692936614,0.4470057764818844,8,7,14,4.211049113413214,79,0,0.1880248218789332,0.7182442988837737,0.9285714285714286,0.8161953031600595,32.29704512623182,0.085651246641082,0.099488412886897,0.2231278178087774,0.3474944013828797,7,2,11,0.2529224975749592,0.3788483852626444,0.1570462361049151,0.6020694256484607,0,1414.0675508458685,SAVE
10,-0.0840810493126221,46.14327132579871,0.1048991304707926,0.1987813068077919,0.3449399999675577,0.1438359245664855,0.149699111739566,0.3130551979556996,0.5603098945125164,10,7,12,4.614327132579871,381,1,0.1259577030591644,0.7265859220143696,0.8333333333333334,0.2917280021525237,14.545719005389094,0.5684032066495189,0.1633802006226309,0.275761677891339,0.4443317904996225,1,7,2,0.3155410178689856,0.3297455323015946,0.1544819371397437,0.6330285576231557,0,1508.853487425125,SAVE
5,-0.0572226698627041,48.47028993902449,0.0674229920724147,0.2116722902841723,0.0460017470663838,0.067402692118705,0.178725530531275,0.1264699664976006,0.4885664204062226,6,9,10,9.694057987804898,310,0,0.1646244900441288,0.7277665246713231,0.5,0.2618632363135268,11.258062430500326,0.1111516549458052,0.0813081801864407,0.5322205879119846,0.2100576988139627,0,5,7,0.1859321798618042,0.0744353917414832,0.4855228004106535,0.5909577099706593,0,1198.857922283679,CREATE_PLAYLIST
10,-0.0308371654075963,33.01191313408297,-0.2718415700733305,0.3311240404204006,0.2640405004341203,0.0696284502451995,0.1241378253417601,0.1683876401255769,0.3229568524230878,10,12,13,3.301191313408297,33,0,0.082710832671303,0.5482210345010734,0.7692307692307693,0.6519446904340699,18.349543888794816,0.6253533177017421,0.2416787107813255,0.3128741377467638,0.460247592508258,4,5,6,0.5578306090590337,0.1742244470411881,0.0520375198916018,0.6346959637602616,0,1432.6580271268674,SAVE
1,-0.029858089121469,50.106013151821664,-0.121611600872473,0.3720794919023711,0.3666135713474419,0.0097608230430307,0.1032912007877285,0.0473047439588572,0.3313099145327207,2,4,12,50.106013151821664,15,1,0.4236851921456916,0.5622870105709045,0.0833333333333333,0.4666274761825834,14.282579150978178,0.672433923369952,0.6425235930548625,0.200832262626155,0.0732382497136276,1,1,1,0.2350508509523373,0.2315687878002649,0.3126565530422954,0.3903078381280681,0,1111.0967879021832,SAVE
1,-0.3995169268007805,33.66567206622937,-0.8656515209620086,0.3870550648197398,0.2115906926932803,0.0489387130744435,0.1191460261872113,0.1817434011508883,0.405782340491294,1,1,5,33.66567206622937,44,1,0.1744801292893118,0.6076147010724664,0.2,0.7614442112724116,39.36876898198677,0.4496532455490772,0.0761266136751628,0.2056716503483363,0.6631307779696467,0,0,0,0.1808958029139122,0.5326750796224762,0.1396286041797826,0.2835076705263127,0,936.0342861389508,SKIP
7,0.2392414660325282,84.38485757656184,0.2159252107643395,0.2243799020864737,0.1970681501806804,0.1425330746684507,0.1125208506412022,0.2773174193272732,0.6517912509167216,10,3,14,12.054979653794549,51,0,0.2534699841142678,0.6793913909655327,0.5,0.3887899983917645,11.101764183590827,0.5128857760725885,0.2323293924438218,0.1966602370275362,0.71538406137178,4,3,4,0.4027366564931513,0.6284450754643753,0.1283260178443024,0.5490253733872534,0,2050.7368974442443,SEARCH
4,-0.1191003879811877,19.336773500791583,0.0813481797036492,0.0824459672240399,0.1359490292786444,0.06493968988376,0.0983991457728498,0.2349145821039377,0.0706692272728678,3,3,9,4.834193375197896,3361,1,0.1394463177037666,0.9020050713623088,0.4444444444444444,0.2279220201921583,27.020986736791407,0.3407639970342099,0.8531272750162395,0.2231505365988788,0.2618725772944347,1,2,0,0.1156130586561494,0.1754894805664747,0.0920750032720461,0.1562317123977283,0,952.3419147623442,SEARCH
3,-0.636856867055943,14.741434836360144,-0.688515098154473,0.2383648151552236,0.1077231343640419,0.2256051021434887,0.0705810072352746,0.1265839707876102,0.4023211561431598,1,1,3,4.913811612120048,84,0,0.0654455750363444,0.6862539437494677,1.0,0.3879921377492299,12.296493150119302,0.6151916388589783,0.3604866276679573,0.246981719574352,0.1227054288673499,0,0,0,0.150947267098163,0.4644302912047007,0.367174597382189,0.2574427852929568,0,446.6513567512407,SHARE
4,-0.3652433214487218,32.909255288848954,-0.2448186806422806,0.4857104779291227,0.1338727395808883,0.1381294790969322,0.0582174825542462,0.1182175867750615,0.4481070704021092,7,7,13,8.227313822212238,231,0,0.0530436613370193,0.4597928853777969,0.3076923076923077,0.1183043888659178,9.876413273587051,0.6258024130756539,0.2891489329882785,0.0535348445663579,0.320567128818518,4,2,4,0.051987703101645,0.3715896873995387,0.2708808586995069,0.5621944392981303,0,1352.8867898898802,SHARE
10,0.1396257528242525,99.8499523628936,-0.0095494114907682,0.2054629295213656,0.1978670623642341,0.0983520842928784,0.1608032602420782,0.4170927959920832,0.5308943919429614,8,11,12,9.98499523628936,54,0,0.2414751689097029,0.7412031422489208,0.8333333333333334,0.2762359702821191,23.792686971369516,0.2089309647895743,0.3343286532386966,0.1896922906508847,0.4639309649851184,6,7,4,0.4521332061007234,0.2083994128979997,0.2162453333217787,0.6307411791142531,0,1937.726384305635,CREATE_PLAYLIST
7,-0.0637613482557381,29.85732765401425,0.1331178852579735,0.1048168832456939,0.1112494413841041,0.0961269297359398,0.0716611067954379,0.2194734576258013,0.5243421511244868,2,2,9,4.265332522002036,264,0,0.3180430005659533,0.8588371065785984,0.7777777777777778,0.4197213668883527,7.64486133390432,0.3986403256551601,0.3923691917827784,0.3292193479525865,0.3034619061115511,1,1,2,0.2679974751052976,0.2114342424071685,0.2936469866666432,0.4355009690203741,0,945.3674124999682,PLAY
5,-0.2367369563137197,33.70825442844776,-0.036019072607878,0.0515493268396123,0.1011093227308112,0.0655144706856598,0.1255550907304864,0.1150461548610948,0.1995796665188827,4,4,11,6.741650885689552,72,0,0.1957736756935805,0.8400552730233505,0.4545454545454545,0.4455023007558285,3.058208251240298,0.7042932679441359,0.2037952390117297,0.2361216395538001,0.2661511006108884,1,2,0,0.1320683910244739,0.3018366162366161,0.1706835628333992,0.3381817906652122,0,1088.7891488403925,PLAY
6,-0.097011849690419,22.55872915351149,0.0343009380849079,0.2513968900968866,0.0898752901837277,0.1179969367934977,0.0987326075818297,0.5650315447833713,0.0288370759986884,9,4,9,3.7597881922519134,167,0,0.150988677398209,0.6778751846963658,0.6666666666666666,0.446249972200508,15.562224210902809,0.1623492090247263,0.1287602192420177,0.3512094311494552,0.2336621081757542,0,4,4,0.3119839822798012,0.4120883844056446,0.2756269339212232,0.1905703383181911,0,1074.9945581876393,CREATE_PLAYLIST
9,0.014752402828535,24.94669167400457,-0.1767658763428586,0.0614111815069919,0.4434098748710126,0.1851954890704094,0.1005507222707807,0.2868602405457611,0.4004098659170883,14,7,13,2.771854630444952,140,1,0.2332813440750873,0.865951558611636,0.6923076923076923,0.4565533762825671,10.600166980022374,0.2787439953366223,0.1066859818239272,0.0869761316173125,0.3214605373323048,7,5,8,0.3782940588606318,0.4113222975274618,0.2571195271642093,0.6423530106837513,0,1569.397535851174,SAVE
13,-0.1988485133780986,73.2429436720708,0.2744548745593,0.1350773436324898,0.0289099911929878,0.142892057964938,0.1422648815892431,0.0399877413791592,0.1577105567073731,6,4,14,5.634072590159292,42,0,0.1701806720389031,0.7841625699021354,0.9285714285714286,0.3229039612135842,58.60142758327283,0.4274364345593903,0.4302636666682047,0.1205795345602176,0.425259188290901,2,3,1,0.1468664670370428,0.1156777053799932,0.6094647876478121,0.2715815312686114,0,1735.149264163772,SHARE
1,-0.4817842602054313,15.537212695633858,-0.5404961975879157,0.5025213308415067,0.1098255516229224,0.0863208810132978,0.0345109518062764,0.1133857866397509,0.297637843833535,4,2,1,15.537212695633858,331,0,0.2849444001554137,0.4020446832944617,1.0,0.4188731604705399,43.65062953804438,0.6740342394226306,0.263334778734471,0.432956672578168,0.3520708821444961,0,0,0,0.1253877192766668,0.5372878728664312,0.2350232411647463,0.3058386795039594,1,436.8807160850848,PLAY
5,0.2290400233138149,27.06703255096472,0.1329849705157802,0.2058103289440513,0.0908531992355774,0.0541219116972552,0.0475942115002823,0.15307136253582,0.2981928189269637,3,5,10,5.413406510192944,42,0,0.2704894729680638,0.7838704784309602,0.5,0.2009825594000018,65.13370268130933,0.3703471982141092,0.3064596085341377,0.2062869968388097,0.3034298231685808,0,0,1,0.346909488496473,0.186492856389088,0.1815885555114047,0.3656451114945954,0,835.2604336140456,PLAY
7,0.2556945758316991,2.159398181321348,0.133662348795829,0.2947473148659146,0.1946849659400389,0.0030652214998638,0.2483882273780147,0.1521566915042398,0.2969593501903931,5,6,10,1.0,39,0,0.4326826112193421,0.6261668770871996,0.7,0.6058542545561981,15.821230297285458,0.6928250276315189,0.1650143709054048,0.1729294845379866,0.0750874699979603,4,3,2,0.2356828346423364,0.2023543848983065,0.3813128686375341,0.4317687306977069,0,672.206891223252,CREATE_PLAYLIST
7,0.2895869976258547,20.26401560918569,0.2820873179538293,0.1332059740700863,0.1229197527386694,0.108628347014317,0.0319069163285591,0.1831895321764376,0.5485830637486158,6,2,9,2.894859372740813,462,1,0.2145824270720154,0.8324479571306916,0.7777777777777778,0.3328485618847037,6.466493876655928,0.6635364081140317,0.2216691209307341,0.243688166818982,0.3325691088651203,0,1,0,0.0472488527589966,0.461930422477331,0.2269215097310222,0.4983604420614714,0,871.4678051383534,PLAY
5,-0.1217428445996818,29.68683022839213,0.0968208188720057,0.072394872575893,0.2143281039735501,0.0223148792518933,0.1254138353970371,0.0904999475693542,0.1734129033038252,9,3,9,5.937366045678426,282,0,0.2014157653157239,0.9140270088839292,0.5555555555555556,0.7041737891783474,9.577425828636894,0.0666788095941211,0.1595144632520502,0.184678848464688,0.2492041618072437,5,6,5,0.0725325605646431,0.0405613299030253,0.2791638261634194,0.2805547385268813,0,1239.6843136896225,CREATE_PLAYLIST
7,-0.0119839282729339,69.28308597326756,-0.0157866128141146,0.0892100425124935,0.0671157258774075,0.0329853998773114,0.2393692651998019,0.3786658224717154,0.2007984261176082,9,4,8,9.897583710466794,108,1,0.1068516867172884,0.8627133965955242,0.875,0.2258860718107151,11.101392599359023,0.2116880482380835,0.0937713378141921,0.304955751826086,0.3024269070269547,0,3,2,0.236281158998395,0.1050961492826816,0.1306841592949862,0.2883091916575522,0,1230.108053661268,CREATE_PLAYLIST
11,-0.3215064462759768,27.16179856150703,-0.1601815233198399,0.2902090059510997,0.2910198285386481,0.0530689481797108,0.0749249866090564,0.1883102721660006,0.1848539618291811,4,7,9,2.469254414682457,32,1,0.4004041483012426,0.6705053513259676,1.2222222222222223,0.4738598717833785,16.777633675761187,0.3880739802364607,0.3851757725170474,0.0283761312851481,0.2095736973781422,0,3,0,0.1673157713608992,0.1195593785130123,0.0425408360749607,0.2715355729707147,0,1026.5695645463454,SAVE
3,0.0137906959536534,45.78727624835734,0.3062849365024611,0.2394781047758808,0.3734105757991525,0.0472890269649705,0.0920050721742807,0.0564036041222683,0.7622946747231899,5,5,12,15.262425416119113,359,1,0.0288289740738866,0.6944200377047703,0.25,0.457655924995671,32.83963685290899,0.3979297800138767,0.4295074912494578,0.4219701572524943,0.3414353341136224,3,5,1,0.320429046459619,0.2050444737698511,0.368761800111143,0.6457786251682512,0,1365.9620790004597,SAVE
4,-0.1842176426460474,26.53103317960156,0.1282387842657376,0.2997186871516243,0.3042149720287088,0.0085630783777108,0.0999925300059546,0.3109182793947395,0.380702015086984,6,3,14,6.632758294900389,118,0,0.110964975074729,0.6554357858001403,0.2857142857142857,0.1270942610326378,22.793135133667903,0.4080968689874327,0.1602080373995315,0.3143068958621956,0.2081637273899877,1,1,0,0.2547011136243175,0.0282896877355779,0.1035823326470071,0.3603489202885578,0,1315.9303382821076,SAVE
6,0.01850645647753,46.27110033134896,-0.0973671030846837,0.2027220133271956,0.1261394304133318,0.0684771959811843,0.1000683238441285,0.0695267613848447,0.2296340046351327,9,4,7,7.711850055224827,171,0,0.2178943166190255,0.7888729094104497,0.8571428571428571,0.3199555643370804,13.67930908383275,0.2677189152221345,0.3554976905426197,0.4607201614355883,0.1501611235415486,0,1,2,0.2687890599564306,0.2835276018197563,0.056861947234214,0.3312215908520897,0,1026.3702798048696,PLAY
3,-0.0154807367003728,49.01219370784029,-0.0353148216961029,0.3053236684730006,0.054472380404125,0.2037639107943396,0.0922205445945242,0.0699113313571399,0.3444613929587066,3,2,5,16.33739790261343,112,1,0.2841973561555536,0.6702957803050145,0.6,0.5389935826077522,21.58331665913649,0.2735691742074365,0.0612596560673812,0.2295759029315544,0.5314881569901634,0,0,1,0.3443880682973056,0.1797671970650199,0.1631917529991567,0.3076019683204222,0,1047.659706089241,SHARE
8,0.0987990452667014,78.89163136818826,0.2091423557760617,0.0481491660063507,0.1143829199167164,0.0946502361986734,0.107362843345313,0.0331920881433139,0.3035287441619293,7,3,8,9.861453921023532,336,0,0.3353280807095071,0.9149727539334848,1.0,0.1828318101872023,6.5544131634811045,0.1128406882569043,0.0977406786029403,0.2874810102058048,0.3291930238516867,2,2,3,0.2930758357931993,0.0560176240607761,0.0817616948212875,0.3871601319361655,0,1385.7540024391667,PLAY
2,-0.3906605220942029,11.5464288705412,-0.2818740967550205,0.4223033525710258,0.1173560381140866,0.1884209100545666,0.2289665047268983,0.1590101830494926,0.2669008607060067,5,1,3,5.773214435270599,51,1,0.2003441674333756,0.5509165982068233,0.6666666666666666,0.5026138277523713,49.24814883011866,0.1686651905853742,0.3039286252377766,0.3131216987954771,0.3179880738825956,0,0,0,0.0295915379082322,0.4911976489344731,0.4292985794671409,0.2300083739523529,0,502.18836048432,CREATE_PLAYLIST
7,0.1272700592150518,13.568524845217429,-0.3181795811531187,0.3670384087759503,0.1079420280673633,0.0089588986313876,0.1509476380062072,0.1494129387323846,0.1589899636212008,6,9,10,1.9383606921739185,31,1,0.2447383408477078,0.6165849554931009,0.7,0.4402321504329432,8.3758272251395,0.0963533049751055,0.2202196316934242,0.258672693905148,0.5862518479900197,3,3,2,0.1517389702119683,0.1827150131903547,0.2100508722011092,0.3638706362917841,0,1163.8804001959834,LEAVE_APP
10,0.2344813461027589,30.694306648479337,-0.0858543389991601,0.1036507405293291,0.1515048415128392,0.073575098619875,0.1344232125209803,0.2151811709855894,0.1279399175882007,2,5,10,3.0694306648479337,230,0,0.3343560914102484,0.81672536534268,1.0,0.5108263789858383,13.00938750693,0.2202679887082585,0.075161648115873,0.2611340868612579,0.4035913658253467,1,5,2,0.0606287168240974,0.2062613177929313,0.092747859662522,0.2597775479732332,0,1136.8199416705656,CREATE_PLAYLIST
4,-0.3306855997984897,29.288664479350214,0.0232505160175956,0.152291552136199,0.1760472448231448,0.0144041566318952,0.0504926842175255,0.1275524820905285,0.1552060819592176,4,2,11,7.322166119837553,85,0,0.1205874382772274,0.8186005947873927,0.3636363636363636,0.2900149118633081,2.128044088196229,0.4835238481526597,0.2872720619243166,0.0385861261281858,0.4701475143893245,1,1,0,0.3197976650529281,0.4137416308333252,0.2621412518062109,0.1928353661413323,0,1099.5301153683442,PLAY
6,-0.0809036407416608,28.6500411983916,0.1459777376765901,0.3233935720904193,0.333714078176851,0.0109117885038959,0.0340475636025417,0.2421849316965167,0.3864078488649028,3,1,6,4.7750068663986,135,0,0.3403761603928208,0.6081762834414525,1.0,0.4610987262365269,23.70595084072909,0.4663685441572751,0.336869038027585,0.3580667250968674,0.4655071931631287,2,0,0,0.09474178014946,0.2734779585494711,0.5578877472137783,0.2447580491005277,0,972.252210595306,SAVE
14,0.3588171214523052,8.999308926266904,-0.1821605446446766,0.7768650036199544,0.1061741659760054,0.2839944407646087,0.3468377347393003,0.0979089022825205,0.388001608566081,13,11,11,1.0,180,0,0.063019196337431,0.1212445925571014,1.2727272727272727,0.5669266248642796,14.02955547419818,0.2454487953257583,0.3571012220715618,0.5114066564745867,0.4243815037568414,3,6,7,0.1767424510536372,0.0846844339737977,0.2207239480573329,0.7514853864760435,0,1267.305492545664,SKIP
6,0.0150356565497422,45.4610331435708,0.3263908150542612,0.5248343467287938,0.2251818204464824,0.1521559913576402,0.1538439050251316,0.0240077093489368,0.1620039375887355,10,9,10,7.576838857261801,211,0,0.0229068186557517,0.4720368417737341,0.6,0.5740671517496866,6.156569584623213,0.2619483093813151,0.3461093392101323,0.3045949864044216,0.5381362347830104,2,3,3,0.1160819031595493,0.1144944886046404,0.3276836275232452,0.5305631945603175,0,1461.311019204617,SAVE
3,-0.0213279036268486,46.18325020691604,-0.220109621182124,0.0831019224944481,0.0620542881464722,0.0830847730567424,0.0224459509661777,0.027165576745121,0.6071817022483827,3,3,9,15.39441673563868,48,0,0.2292589426012908,0.8653687955408003,0.3333333333333333,0.2041258552246315,10.122057964309471,0.5998447355897802,0.4464345169319029,0.2556611280775614,0.3292988652654694,4,0,0,0.1024392672338063,0.3603868518716593,0.1962497452630991,0.4799037520090645,0,864.1084303043629,LEAVE_APP
3,-0.0104858374219586,57.90313618740274,0.3234596943693643,0.1610437539427392,0.1787357087864615,0.3298465919572401,0.086334425494636,0.3091273908619086,0.1208873115721307,3,2,11,19.301045395800912,174,1,0.1789537405107034,0.7395482126102068,0.2727272727272727,0.3256595627753034,17.41346599851326,0.3219657454607024,0.2697405545936288,0.1725025858985329,0.1030292267911064,0,0,2,0.1724147572049795,0.6334498499309191,0.2206036808395394,0.14820028631166,0,1015.1607123479027,SHARE
10,-0.2050097425714713,73.62881474482862,-0.2096658588550454,0.2969777069881754,0.1064968396312884,0.1361307186416663,0.1468598724375567,0.0363421349341467,0.4914113412218935,6,2,8,7.362881474482862,178,0,0.3202165163295859,0.6466709457417189,1.25,0.1008273277557026,20.17036314905631,0.3285783135143708,0.0676280287525911,0.0210549021934732,0.554442035117887,1,0,1,0.1033927277944958,0.3077811928341378,0.2023271982307916,0.3311876153446688,0,1474.9575812702226,SHARE
8,-0.228188644087844,10.13840623348435,0.2032947872832424,0.2159250438887864,0.1153452375919299,0.1638010232490492,0.0867530240444586,0.1932527217828115,0.281789106410007,9,9,9,1.2673007791855435,5039,0,0.1335449394180316,0.7377091703262734,0.8888888888888888,0.3809123803438286,4.512787999383463,0.3065620761040988,0.1489374137731089,0.1435320403018301,0.1594351707585137,3,2,3,0.3660292578644368,0.2384338474344457,0.2803004781604542,0.5128493234728284,0,953.8773200890382,SHARE
4,-0.2019242806147655,15.85419002909927,0.1079667463862864,0.050355772663369,0.4743402180229651,0.1163948903516683,0.0290918799796526,0.2424494880403427,0.2727812063574748,6,3,9,3.9635475072748174,208,0,0.240171185967916,0.8947713281956123,0.4444444444444444,0.0784014693971439,10.454137332207743,0.3048559193323905,0.1060935337321997,0.3719433731171527,0.1870668606235846,1,0,0,0.0564264988904972,0.2151129431352218,0.2333039297594038,0.3430446423109323,0,905.0859968044566,SAVE
3,0.2162797480499528,30.624913412901805,-0.0544551426732668,0.0821533765394203,0.1102796346205369,0.1993196975767828,0.1737123436036716,0.3884922985899458,0.2205535985616679,5,2,5,10.208304470967269,24,0,0.2410625703533725,0.8962843128449558,0.6,0.472883994737049,19.618632588123965,0.5097015642688655,0.4208316886039037,0.4518674087669974,0.4150980964110847,1,0,0,0.1771108736322839,0.1158169074204523,0.1682943892255582,0.3377543587004314,0,962.7554655739624,CREATE_PLAYLIST
10,0.2324644071077776,24.8464867049052,-0.0589694610768079,0.1431907746178896,0.1387772322440707,0.0831070980559735,0.0357535885388356,0.1479120152586623,0.3051765660484047,5,8,12,2.48464867049052,338,0,0.0991448139107685,0.7888593447522833,0.8333333333333334,0.2028669888738401,36.6310818970189,0.4217513455623192,0.1288781148131507,0.2544568977903759,0.202318461031442,4,4,4,0.3587529489936026,0.2419216451390416,0.2491857011605412,0.4463699545261375,0,1145.4783042380263,CREATE_PLAYLIST
4,-0.1615959088163153,43.13583383922122,0.0221395467017748,0.3706084459694098,0.1483566873427601,0.0361807394748219,0.1204600660549313,0.1553040627112928,0.4882757797290353,5,4,8,10.783958459805303,180,0,0.273153912326502,0.5662910849143276,0.5,0.4440046980863733,16.426761396054754,0.1289327626074697,0.1744805808530671,0.3463631495261227,0.3290570655391143,1,0,0,0.4753211568026492,0.2282528916928687,0.2600809744428018,0.5468797855667267,0,1055.2984363014934,SAVE
1,-0.5748664987625209,47.23897318805808,-0.4109440297587641,0.0478732355716995,0.1081383945860325,0.0885547898271421,0.097469859962262,0.0918956202036466,0.2326768103551738,2,1,2,47.23897318805808,49,0,0.0937854398890889,0.9402947779386872,0.5,0.179236502357847,42.27550715790322,0.574936170002025,0.3585382168546347,0.1984194176503725,0.2632011436368785,0,0,0,0.2733487450348007,0.2572827749745709,0.1879870844383919,0.1874871186690648,0,553.257613208794,SEARCH
5,-0.3555690219775166,69.08857991747035,-0.1279790510258321,0.1483023509620027,0.1770090091468825,0.0741590155163188,0.0239366520574223,0.3582362533109361,0.25226838941707,8,3,11,13.817715983494072,276,0,0.086052587351216,0.8048543117497527,0.4545454545454545,0.2947907896339228,4.510292049276486,0.4694802301180898,0.1578226401074947,0.2394590135929789,0.2871290835681694,1,0,0,0.0451450271090533,0.4855887944626952,0.0619645933778621,0.3714576494586615,0,1236.8545930530267,SKIP
10,-0.3064836515739526,81.48844356375824,-0.5266905768767763,0.3278956124428619,0.0871799200933862,0.164969309526336,0.088271120476134,0.106758287971127,0.1843141765391188,4,5,4,8.148844356375823,113,0,0.2583981357294962,0.6632348140196876,2.5,0.464403108879433,18.858401462882632,0.300873115429931,0.5035617848992529,0.2029669434495478,0.1580175176461912,3,4,2,0.3410608817133502,0.2813660317807807,0.30284456060525,0.2516879867381324,0,1165.7758569104917,CREATE_PLAYLIST
5,0.0386336698676602,53.04660547332064,-0.1763733713061728,0.0849741028555417,0.0529320241196599,0.125860877688247,0.0088518627837941,0.0406718953281708,0.3231375565153093,2,3,6,10.609321094664129,59,1,0.5314579295248619,0.8955796778241001,0.8333333333333334,0.507678337543993,11.165415533127144,0.3828121921101918,0.5001875688584221,0.2610773497998388,0.413017840168864,0,4,1,0.1123468817140897,0.2794642353399484,0.6894099545971797,0.2879377762248552,0,1081.5225432298814,CREATE_PLAYLIST
9,0.0804881861132345,37.84240241553335,-0.3490508296879996,0.2488025276721726,0.1702848384532317,0.2820721929131973,0.072441095849568,0.2433746234053544,0.2831083360503367,4,2,7,4.204711379503705,63,0,0.1629881966726575,0.6256825764405763,1.2857142857142858,0.8401300347779328,7.3646309995953905,0.3909548799017587,0.2167660492616511,0.2443724829448974,0.2286765626909802,2,0,0,0.1990996457160644,0.0802971548426544,0.4346736965590935,0.2534036387919923,0,804.516760671157,SHARE
2,-0.1153079409154576,25.513273916118607,-0.6064798854910711,0.1415698684592289,0.1919074717535659,0.0802264985731423,0.3527745716491255,0.2623500424338085,0.1851493187706788,2,2,1,12.756636958059303,159,1,0.1987183255281173,0.7534421026949478,2.0,0.3387195325631996,51.11572500338301,0.6927593582215684,0.3970863545841436,0.1684342096846528,0.2835423359166186,0,0,0,0.0410213718339878,0.3593080973946153,0.601735933792309,0.208901789476748,0,588.5504787521696,CREATE_PLAYLIST
6,-0.4180150339935135,24.48723685335256,-0.1728979978971185,0.0889060106677788,0.241222995827281,0.0546568494106659,0.0566410573951762,0.1899311729563638,0.3671956453504137,5,2,6,4.081206142225426,586,0,0.2617949324406201,0.8311275084256534,1.0,0.2593297301286027,5.313029492721832,0.380630478973254,0.1511806880840401,0.5991999422058861,0.1446314627589731,1,0,2,0.3394433977618448,0.113615621853188,0.3894696180025171,0.3552348562110605,0,806.7451477552992,SAVE
4,-0.3812818543583831,17.68720065011052,-0.49219513222173,0.2838389069171931,0.0426581921427657,0.0363841720200042,0.1170494617168712,0.2751913570429632,0.5602596410604909,2,3,10,4.42180016252763,43,0,0.2107400144973948,0.6965623986732363,0.4,0.4321501016170602,10.82372980846677,0.5056861662600481,0.3119968951972126,0.0593288511043139,0.1726196371810844,0,0,0,0.1559066073573827,0.1411878974217974,0.3142164470032239,0.4174574667466412,0,771.1875541140997,PLAY
5,-0.2085929200411639,2.34572287219629,-0.553644424060177,0.0830657186379519,0.1821573378592319,0.0199106887375402,0.2379528708087338,0.1082306031745834,0.3528029066025923,3,2,12,1.0,103,0,0.2744001117713359,0.8842571256834717,0.4166666666666667,0.0550560819048443,7.107119389253326,0.5210102013065833,0.3229132712811593,0.5022943076318581,0.2444968084907865,2,0,0,0.0565063405949851,0.1440309029289676,0.1137020512901242,0.2624971707702607,0,756.4422433319548,CREATE_PLAYLIST
13,0.0351263770923466,99.033315951395,0.1252318015427171,0.2300827793474868,0.3482728913361368,0.0356508309218696,0.0636910512029581,0.4355446331460567,0.5367654472031891,10,6,11,7.617947380876538,389,1,0.3090168801880828,0.6972345382983653,1.181818181818182,0.3847739727854326,10.489750831871683,0.5945355721639556,0.2748052031804427,0.291776026895791,0.5228741239294225,7,2,9,0.2740190941165835,0.3938808341160716,0.3745687331212559,0.6297951808119205,0,1782.2768913482123,SAVE
3,-0.1733730380189586,21.168952500618254,-0.0008264157034053,0.2810576803268427,0.0511704376952986,0.0495929200366239,0.0479776333380712,0.3000503770563427,0.3437891027211395,2,3,7,7.0563175002060845,124,0,0.2209984438834559,0.6739433592673382,0.4285714285714285,0.2161348025712407,9.61513661520703,0.3198473881915963,0.1689140148390521,0.388860180775269,0.5028644355922139,1,0,1,0.2547281846163157,0.4769700785262342,0.394078942425736,0.2658063832654613,0,885.0501963291839,SEARCH
2,-0.4511305769647197,33.13162024707876,-0.7893552166193443,0.2527574372175583,0.3222367745770374,0.0792019113945253,0.0166457652396537,0.0171418478749258,0.2811764463010481,1,4,5,16.56581012353938,77,0,0.2067830836610965,0.6521089063577284,0.4,0.4801206649768578,68.61846289546845,0.4529164599589415,0.2019804461809411,0.2683631397168917,0.2323659404507871,0,0,0,0.107305047987687,0.4951178877877782,0.3249550785915377,0.247736331928066,0,640.6199087573648,SAVE
5,-0.0182057035749824,16.369273752346164,-0.5256414813763391,0.2036312294482582,0.2101999533279996,0.0573055051448079,0.115749421396797,0.4330073331101267,0.2997854997979556,3,2,9,3.273854750469233,14,0,0.1515417162146191,0.7255408792761452,0.5555555555555556,0.3854958995088787,5.518722053660476,0.4090071187367886,0.2007442711810303,0.3741976145386754,0.1590185026827047,1,0,0,0.2128263163615064,0.1120983047340079,0.218618274252883,0.3278797228810054,0,854.692133889148,SAVE
4,-0.115584524743526,7.995477647752848,-0.2050300842999512,0.1738202052848809,0.0685399451336064,0.0453386593079899,0.1096180930548431,0.0199375886969194,0.3570948117990241,3,2,8,1.998869411938212,295,1,0.3489528059280957,0.8167274922637086,0.5,0.6026603510633575,15.90438213509553,0.3035514387836328,0.3147365304354264,0.2617400503640316,0.1525517523261279,0,0,2,0.2520685377079706,0.0561637215483489,0.2360694164086917,0.2308680620122001,0,630.7435449640567,PLAY
9,-0.1195472085371476,29.81808208243644,-0.2621034377292174,0.0165950223234105,0.12570164816029,0.0571176962248689,0.0555276138199912,0.0789713500602436,0.1153176873485895,4,2,6,3.3131202313818267,34,0,0.0352907865925866,0.9769709808941994,1.5,0.2711625497098096,5.2961302339993965,0.3573397367509545,0.1930331642059724,0.3647315998029607,0.3153349472004407,0,0,1,0.1024470544601631,0.3927890271280342,0.3457947321058309,0.2663074655827712,0,786.147473501618,SEARCH
10,0.2608527311569043,27.954718276070736,-0.1517170909487101,0.1442105134743046,0.3966707972064561,0.243076974701683,0.2022189462323793,0.3270828187910726,0.5749071037502458,15,11,12,2.7954718276070736,97,1,0.2021720618100151,0.8036623291779526,0.8333333333333334,0.3795482693524269,32.44080177869236,0.1793940495863953,0.1365600544407176,0.334707880259307,0.2442990712424226,3,4,1,0.4051680238093599,0.0632635970877108,0.1292318186284567,0.9003916559182138,0,1494.46935668202,SAVE
3,-0.1400220960802289,11.908732704671865,-0.3250996739807651,0.1827753298108244,0.0783404584899795,0.071373999825818,0.2664779944292624,0.3790585259325953,0.1673728646821832,1,2,6,3.9695775682239542,83,0,0.1537472431422604,0.7140577254181864,0.5,0.7963566592484804,5.153044809968454,0.3406862381280177,0.3411075996494754,0.0398856748766603,0.0888985647343225,0,0,0,0.2242316403268908,0.2864186515882151,0.1753457892404979,0.1170705017628549,0,478.0757928956889,CREATE_PLAYLIST
14,0.1919507151890722,16.701089119628985,0.1132740527849406,0.1288497984972715,0.4412307039279353,0.1407038727192038,0.1016798089663191,0.4977580299021712,0.4160689614305253,11,8,12,1.192934937116356,277,0,0.0239672620613158,0.828382944487445,1.1666666666666667,0.4272664205340976,8.362702437330721,0.0418919504820017,0.0814798639618482,0.3148508097627091,0.5409314088334437,3,4,4,0.3693226013458507,0.5225017602963726,0.7415293382728357,0.6214524320973478,0,1513.0995913802808,SAVE
4,0.0164782107383863,7.4580122143326255,-0.0757415582654093,0.1934925972259283,0.2895265043968484,0.0246409607527666,0.0108510585796336,0.4125690904432532,0.1806061179067519,3,4,10,1.8645030535831564,172,0,0.0346995666763295,0.7774405291372593,0.4,0.690358156368033,4.152043658701233,0.3726121439489567,0.1491096208083777,0.1166502479238283,0.5566695610651803,1,1,0,0.2411115311672219,0.1526203588544813,0.3398641833806388,0.247780316195188,0,964.4083700440616,SAVE
10,-0.3868796246563736,55.076607641823166,0.0071986294135121,0.3938492904873841,0.0469610484089425,0.0523180679045874,0.0290091280227653,0.2749909959527418,0.3975665235125713,9,5,9,5.507660764182317,88,0,0.4003907059048958,0.5480755586208905,1.1111111111111112,0.4971511558703609,5.769527433316842,0.2675241158325312,0.328735194030163,0.4030729895249585,0.2911161499533902,1,3,4,0.4335541209681112,0.1068109675321621,0.1075399520040398,0.5001794581529229,0,1270.4054897088065,PLAY
2,0.0785184725126395,16.975941335076616,-0.2502155372360246,0.1635126236822133,0.041392108669631,0.1264456609961287,0.1759569574673896,0.1142271491018629,0.4365238201444436,4,4,7,8.487970667538308,403,0,0.2836073728478899,0.7882856233025449,0.2857142857142857,0.4533068562161387,18.575004708056625,0.1924498775033286,0.4046774108936813,0.2134482972732594,0.3172708266077028,0,0,1,0.1713216611015207,0.3263118212954509,0.1343111551196757,0.4022610840444237,0,981.6708918640236,CREATE_PLAYLIST
4,-0.1982631480596279,47.03172016293977,-0.4603513989648729,0.1356266782017826,0.1604725018497688,0.1387176248182876,0.0741535199384909,0.40080028980724,0.0999218010290233,5,5,12,11.757930040734944,71,0,0.1589688296520723,0.8425363821873519,0.3333333333333333,0.6164562195403744,6.948436711144291,0.1631248885086384,0.2960203258106682,0.170712221731302,0.4051796948227692,0,1,0,0.1371074083136057,0.2360957170497566,0.1620568078773905,0.2851295874935475,0,1285.533435894428,SHARE
4,-0.1358055736372176,18.12250363374145,0.0476399119613339,0.1521191753294582,0.0798529018911137,0.0605025716244895,0.1521408612546735,0.1244333594722982,0.3034415410783864,4,3,8,4.530625908435362,37,0,0.2135354629469126,0.8329999595590665,0.5,0.6761331120304158,8.011909406257463,0.3182819649130999,0.316696319690408,0.1277445142945496,0.3851232973374754,0,0,1,0.3073491832749129,0.1126074923654885,0.0371349369206968,0.3404796048399274,0,791.515221123241,PLAY
3,0.0026140592803019,62.59329640474331,-0.4638941405477499,0.3549169202287205,0.1217107289975341,0.0166571874996548,0.2696550815193692,0.1062642597979161,0.5823759438648916,4,3,9,20.86443213491444,102,0,0.0803222583814761,0.6079973526946565,0.3333333333333333,0.1006963111505149,6.558973686283109,0.3770133580275071,0.2207644950310474,0.2409147523608262,0.0870563930450379,0,1,1,0.0908490674432898,0.2263483330512448,0.0282932038223854,0.5042522113939524,0,1045.7544032900485,CREATE_PLAYLIST
6,-0.3051688011861938,27.73864434594101,-0.0585639156344094,0.064814608183476,0.2612102473004337,0.079472091924485,0.2987524813942118,0.0601387216852159,0.1824521412180912,2,6,5,4.623107390990169,22,0,0.1893394613447273,0.8390769150041467,1.2,0.4866354541086578,15.35241140836832,0.5691515454970425,0.3893621324619946,0.3434716944132174,0.131503241859355,0,0,1,0.1666771315769481,0.1210304526383287,0.2219827871191641,0.2689348419954738,0,650.9004738368379,SAVE
4,0.0035474737144903,47.366132254752486,-0.250900225862722,0.3148559828394455,0.0500102604908132,0.077828436985752,0.0041114358831487,0.0783399607213906,0.3741743998705143,4,4,12,11.841533063688122,283,0,0.135873206444488,0.6392514414808936,0.3333333333333333,0.1911533542770479,56.56641485358527,0.6435075527613515,0.5841387299960256,0.2664024498428753,0.4746395117120637,2,1,0,0.2872323875379223,0.5149776163299737,0.1914184032749531,0.4197715841006482,0,1173.2986343700131,PLAY
5,-0.1462989399672273,31.880636165826186,-0.1177116978946723,0.1514221025015833,0.07739836500024,0.0165411045608002,0.2346735811112047,0.0974106342904418,0.3396372269668754,11,6,6,6.376127233165237,441,0,0.3018599625642595,0.7450990686013781,0.8333333333333334,0.1626358289102252,15.14896640673046,0.0753535900240959,0.6232060637007221,0.0644829727770593,0.3534680645352961,2,2,5,0.0685596374918363,0.0572712586142069,0.37402849241509,0.525444195120561,0,1028.6555121302456,CREATE_PLAYLIST
4,-0.416223633635537,22.051067912707385,-0.4254039698936738,0.0853198686866247,0.1997185110745614,0.0594958868260803,0.0723126451811882,0.2221195721169171,0.2997304875558617,2,4,5,5.512766978176846,142,0,0.3295179788634405,0.8626938016159778,0.8,0.5326805422273688,58.06766419503082,0.1306094017867526,0.2961920759254999,0.291502499370852,0.2312318387432154,1,0,0,0.1668155237845262,0.1287272443435659,0.2828229221454758,0.3295192726618601,0,637.7569867398681,SEARCH
6,-0.4540299790588529,67.85848661107164,-0.5226526188451313,0.1432880588162889,0.2447837731631257,0.0382169989121953,0.1411507845491827,0.0466977645974732,0.3530286959997534,2,2,6,11.30974776851194,127,1,0.3539583937429295,0.8112294082296772,1.0,0.4009172564382554,14.715085538613,0.3043177132804375,0.2249769880558136,0.3250415480613056,0.0977360173495145,0,0,2,0.2988103158561924,0.2466432459086077,0.3723391664889255,0.3058330664912871,0,808.4675336324902,SAVE
10,0.1727946099391493,13.868499204107902,0.3053893251860698,0.074830322338823,0.2504506345408809,0.1468390402331568,0.4108265929173627,0.2769820701249565,0.7379855816822695,8,4,11,1.3868499204107902,106,0,0.2064659979089776,0.8943622177169308,0.9090909090909092,0.3939065035374439,16.42944671410658,0.2448610593372702,0.246399911436116,0.2313744117136338,0.5089654409802922,5,2,6,0.282646575337356,0.2855095800418588,0.2153128621455252,0.649766233052335,0,1208.408996626107,SAVE
2,-0.6208729165183607,10.777151132121892,-0.3062053511688074,0.4659669523095447,0.1131082658886803,0.0723658261100338,0.0646390606574286,0.067998110685104,0.5737185521565757,2,3,4,5.388575566060946,325,3,0.2246163259669619,0.4710865392637626,0.5,0.18845563737046,30.654749921012044,0.4557122286853525,0.5500862555877241,0.1613789458927752,0.2034770584212739,0,0,0,0.2391729619565178,0.2625109285283499,0.3454717528899144,0.3766897474780492,1,577.9958372814017,PLAY
4,-0.1387394726335623,15.0795569607594,-0.1756578050201876,0.0881135430304067,0.1370102144650886,0.0869584474998145,0.2779406455766669,0.2416970791700217,0.1239477271003538,5,5,9,3.76988924018985,45,1,0.284863609813465,0.8581409088791504,0.4444444444444444,0.1682285553820573,4.944856260318293,0.6872039493208638,0.4111540450314495,0.2194270375825713,0.3242616790901939,1,5,0,0.3152174542214056,0.1568140767472734,0.0926097301880421,0.2774998587325454,0,973.4599857253604,CREATE_PLAYLIST
11,0.1732178886458049,51.08019596691557,-0.0349224296700203,0.1801666785510993,0.263221675639674,0.1135276607325152,0.0420179737179584,0.446216566959084,0.34828479683728,9,4,13,4.643654178810507,324,0,0.0361225222199032,0.7551602940245231,0.8461538461538461,0.3159903158409919,10.48272183510638,0.3433198092800276,0.2523885827573077,0.1339366533757704,0.6426215967880974,4,10,7,0.2230694784518198,0.3366873782033785,0.284505545499252,0.4351529961817987,0,1939.6160129865957,SAVE
4,-0.0653446542232844,26.24613371568559,-0.6648134312903753,0.1954055674930573,0.249801199472031,0.0791999751401013,0.0795701215389843,0.2967312167239035,0.562256346598007,3,1,9,6.561533428921398,139,0,0.3522711845206697,0.7656056709195355,0.4444444444444444,0.6399723652680442,24.24414072265734,0.389314539017285,0.4638799546649259,0.1434472729560739,0.4363694828088121,1,0,0,0.4428659911291528,0.3007675159528666,0.1092862319870103,0.3738671932577638,0,837.3404988132617,SAVE
15,-0.1880871823525717,49.54706472973272,0.2395331167316422,0.3775331041227687,0.0976292816705099,0.1012786543146155,0.1395736201427939,0.2381454596767632,0.388836410724005,10,7,9,3.303137648648848,26,0,0.3231494803029159,0.6068365199890187,1.6666666666666667,0.5005289050983465,8.022657197793455,0.2936450297313722,0.1557651279806821,0.2985881381759529,0.1944608991556476,2,1,0,0.3135057028481459,0.1291695006921183,0.1899120488473594,0.5323578425490323,0,1152.7091671947996,SEARCH
1,-0.2599086490900322,29.577865071700245,-0.4695549513318104,0.5728875851862805,0.3742987677275322,0.0980982716696762,0.0168674450482755,0.2618816971539606,0.4483803007589153,5,2,8,29.577865071700245,277,0,0.1493185399859806,0.3046038710935343,0.125,0.5550698818619468,12.054841416206912,0.780774732359132,0.2249898818400716,0.1955565617607063,0.2515669165611383,1,2,2,0.0970982531118062,0.0518590675292733,0.4354322545065968,0.3692549368091481,0,819.9816593315961,SAVE
8,-0.1985520161580293,44.57273417628663,-0.2416503116568091,0.2401859514576097,0.0474203517067408,0.0722586338277052,0.0363700828878712,0.2905984590116942,0.4235575880140027,2,2,5,5.571591772035829,45,0,0.4934172678191959,0.7565562669963649,1.6,0.6226114946255289,39.48990969471913,0.6099493228650009,0.4687661137632006,0.0584445834603179,0.4095328418378623,2,0,2,0.4285515054087516,0.3966809663507755,0.4449566680756098,0.2463663742823259,0,972.6252216399964,SKIP
3,-0.4771785918874286,17.69018755123978,-0.5341089541540317,0.1296323268636471,0.1536891425180819,0.0316303246427838,0.0629267849794661,0.070060400475757,0.4934940027988986,4,1,4,5.896729183746594,27,1,0.1222866302528102,0.8211032320202232,0.75,0.2526654245796691,43.92273129675328,0.6228939950874193,0.3938143614187701,0.1978895765507909,0.4190966572441053,0,0,0,0.2013402735353196,0.3878890968935241,0.6376270966177519,0.2965554903455801,0,718.5304938189497,SEARCH
14,0.0707839010113933,15.72532810922604,-0.0020014365062135,0.2699529028930508,0.2059020473610464,0.0434692703051697,0.0354431355774166,0.0652755698708312,0.4170154937653165,8,5,12,1.1232377220875742,55,2,0.1628244821667859,0.7144368281686899,1.1666666666666667,0.5720823148767819,6.00396445271292,0.6333700630947412,0.2485534562495646,0.4618817480475227,0.510143772924886,6,5,3,0.0599054073191204,0.3744415140074639,0.3596958092525996,0.4853885935242946,0,1336.1036528239729,CREATE_PLAYLIST
5,0.0145951475444264,133.11403676179748,-0.0874628065590921,0.2846331524975597,0.041403311990685,0.235811269535925,0.1188688356640314,0.3405272164972029,0.3100743055029194,3,2,9,26.62280735235949,72,0,0.0505573144132138,0.6707386745204404,0.5555555555555556,0.770449111210138,16.36796297343387,0.1367094433206706,0.4682050969414016,0.2493164323191346,0.1963812543678843,2,2,0,0.1680818189829312,0.1512594176149723,0.1344559544225126,0.2724352990350374,0,1579.778851154825,SHARE
5,0.0677681418206221,47.56566496362012,0.0135262138207247,0.1479298773875115,0.0898055313077581,0.0704200149477445,0.2229584102712455,0.0181335522894906,0.4519521828076191,9,8,14,9.513132992724024,46,0,0.3186107059918784,0.796262067581867,0.3571428571428571,0.2057870344305911,2.7038598257161004,0.6211339510540259,0.2309402230149876,0.3750056646348279,0.046710145696986,1,2,5,0.1726623178376083,0.3892570180516757,0.272207446582903,0.5260485695658657,0,1283.1347188986897,CREATE_PLAYLIST
6,-0.0003108332485711,54.401708546473685,0.21597108847709,0.1612479657918774,0.1711362354181314,0.0580530274616632,0.0552597698263326,0.0624556799264799,0.3633257184797624,10,11,8,9.06695142441228,1193,0,0.2360274620058064,0.7773926458518957,0.75,0.378068109943214,5.169872153709758,0.2402662288405926,0.2614369239760521,0.1332223868815315,0.2406808184244634,1,2,0,0.1538834613536362,0.1614740536661798,0.1804185739903194,0.6188647329782131,0,1360.888607963359,PLAY
7,-0.12672888790592,20.389848706110424,-0.1395973697296879,0.1866426518132564,0.029116913759282,0.1051266567536992,0.1357035682550145,0.1680677132313676,0.1663487490220901,3,4,6,2.9128355294443464,159,0,0.3967111142042347,0.8214588656379009,1.1666666666666667,0.4743640654380323,29.655650409065203,0.0916283681576804,0.3412300663301031,0.3091802916691685,0.4166929156508235,0,0,3,0.279532311279519,0.3938238449714615,0.0652750877846651,0.2149418055922629,0,815.1440775971291,PLAY
12,-0.0095410576143164,28.315625588798053,-0.4760820381134884,0.4317424246088288,0.0897898183336453,0.0330052061174684,0.0593169310269822,0.2949874123042596,0.0712247993528478,3,9,8,2.359635465733171,475,0,0.2495064772245939,0.4877729866866078,1.5,0.692261633892017,6.8741603827540105,0.3212114201879081,0.476143251999246,0.2146357268908037,0.1055572736049674,2,0,3,0.1366448732213291,0.1095132144519089,0.0725231088607441,0.2615742280150898,0,805.6370510869,PLAY
15,-0.0204976551057422,8.443138663934805,0.2158148919906771,0.4366494804108911,0.1567779018932052,0.1514801494525024,0.2201650912593425,0.715143591665072,0.7316301130065958,14,7,12,1.0,56,1,0.0555245222019054,0.5373401163138204,1.25,0.388813317156182,10.497356040706586,0.6680148227319491,0.0251165545555083,0.3898397837500385,0.5345268941848087,3,2,2,0.0863059875058138,0.0665115646500274,0.3292666973509263,0.8349769959289083,0,1351.521134839345,CREATE_PLAYLIST
9,-0.1465451372338443,19.328933658393773,0.1262280560770889,0.2453018874262575,0.2647428429930071,0.0345617811444727,0.0349095974171412,0.4963717877207855,0.4401960243798726,7,5,5,2.147659295377086,208,1,0.230270217923563,0.7097114402523914,1.8,0.4765221901151128,7.969137089479604,0.0793064371893893,0.1705082645068891,0.2954688897744156,0.2508149415432195,1,1,1,0.092690542030337,0.0608272692122637,0.3921958299531872,0.4662636330435355,0,795.6543551401066,SAVE
8,-0.0798276122238858,62.00005182232678,0.0847086972687478,0.3803785601724291,0.1172705430027125,0.021986603323966,0.0839796975545436,0.170213746325742,0.1741280588261309,3,5,8,7.750006477790848,11,0,0.3017553231488066,0.5813027625080174,1.0,0.2878332128711356,11.773055859036557,0.6673428933771327,0.2806071538922046,0.2441665857621657,0.423908656471789,0,2,0,0.2721822096064095,0.2837365720956066,0.2373345717565972,0.2115509988314395,0,1197.711763884323,SAVE
3,-0.0987555038943431,20.607978148166776,-0.3181784217824144,0.1192183528809045,0.1049335901886356,0.0677708022872565,0.0977469542539149,0.0639011874194767,0.4343538790592837,2,4,8,6.869326049388925,216,0,0.2998037492149721,0.8376140581347293,0.375,0.3175182834422996,7.34000731577747,0.3250960410150728,0.0559021895073306,0.2181323701112929,0.4722874483434019,0,0,2,0.176788339952936,0.2350072801179881,0.2550185624374793,0.3724498864792741,0,817.4563144419469,LEAVE_APP
11,-0.2597186493439815,20.32576754057937,0.2471240007331399,0.2086537250437374,0.5443427198621115,0.2426138413804247,0.1640055211107469,0.2779526392080128,0.4089026116941917,14,7,13,1.84779704914358,272,2,0.520502535046279,0.6980167754734682,0.8461538461538461,0.5917066409242949,21.206381079697103,0.151277056187088,0.260360234595516,0.1783179818291121,0.7060397759618088,5,4,4,0.3268133685572437,0.4989661377591287,0.3345366788474074,0.6225584824411796,0,1467.1579001677408,SAVE
10,0.2651562933196914,56.457171132069085,0.4699714196421253,0.3313394465860182,0.1610818061013537,0.1420689125588646,0.2110866716564398,0.2389810236974678,0.6798231470274703,16,8,14,5.645717113206908,32,0,0.1453302731875963,0.5810149128992792,0.7142857142857143,0.2603626528616699,10.1180012862942,0.2108064639061234,0.5880413914241261,0.2654052489230482,0.2280929620784282,7,4,5,0.5091100841863057,0.1020156352363974,0.3243522069688033,0.8383919631637368,0,1730.4638903012367,CREATE_PLAYLIST
11,0.0107578312510457,30.485068408117503,0.0851484209072967,0.22321678060083,0.1710871523998714,0.0934223091019007,0.1620233160391789,0.2129687979364238,0.1997263181887981,9,4,9,2.7713698552834094,86,0,0.3399803066118822,0.7523865727021827,1.2222222222222223,0.5237562388704637,11.50219672416525,0.110737072020893,0.3620613590137524,0.2678054247002726,0.5177121925157401,1,4,1,0.2307534885834506,0.1046987978136534,0.164009211000122,0.3421073452667147,0,1133.140215477271,CREATE_PLAYLIST
1,-0.4950518933535689,10.369173819458616,-0.4707382379247925,0.2578707518054094,0.2527618032753192,0.0722195551197859,0.2665426564060885,0.4383854198940951,0.3258780055749155,1,2,1,10.369173819458616,79,0,0.2321161613801718,0.6902118893389779,1.0,0.1970523729878193,36.44667294215455,0.6405128463940551,0.2150949705785727,0.2333356239704559,0.5967524176361128,0,0,0,0.1628058098082885,0.2509934662345767,0.343269971046944,0.2576611149956129,0,537.2659218382911,SAVE
4,-0.7443695700120669,12.256484497804369,-0.4040095119312186,0.2062192278721416,0.1808446709712568,0.0500730207875658,0.1752265164681533,0.09724796097227,0.2689255904554199,1,1,3,3.064121124451092,58,2,0.1405074744733639,0.7453030581067354,1.3333333333333333,0.5779267265376247,72.43162765986837,0.6855145862441187,0.1434756826336374,0.3114083109475212,0.2703157686432638,0,0,0,0.3507976776467552,0.6416493970234491,0.5805612040154107,0.232821750270031,1,415.79093389925407,CREATE_PLAYLIST
6,-0.2601176065346601,37.20565183614329,-0.1273736921876027,0.1129994604475838,0.0621003557963904,0.0340432245547492,0.1169398628048747,0.1835842440385887,0.5529786685535186,3,7,7,6.200941972690548,110,1,0.2194475213031223,0.8116724838196966,0.8571428571428571,0.2233473389255429,6.955233580708424,0.5158244451570715,0.6122630536788691,0.2307032267682306,0.2406702583699226,2,1,3,0.2088989185771384,0.2363627258901217,0.0783591559008623,0.5570024310722336,0,959.7837897952248,PLAY
9,0.0138615188497179,44.855171465040286,-0.1134687513926984,0.1548711827991844,0.1206254421538591,0.209418139128666,0.1470050076922671,0.1454957437278455,0.085261180525375,8,5,12,4.983907940560032,104,0,0.0185730143555109,0.754927198683909,0.75,0.4583994852079903,4.449152286155382,0.4231676456203833,0.0346070311649908,0.2086034052283621,0.1523732070749552,3,5,5,0.1468688603371613,0.117742332641468,0.1325350799542064,0.348260193879204,0,1367.310987717579,CREATE_PLAYLIST
13,0.1172678933489234,59.57308836458178,-0.1859736512138439,0.5259919272343491,0.2366711534539307,0.0783256173154581,0.1942012002466599,0.0269674784483934,0.3775396326345014,12,13,13,4.582545258813983,152,0,0.4961105621179904,0.4558063929955902,1.0,0.5516144190536826,13.437919722564551,0.3917365666502313,0.503514327900645,0.5360069908638236,0.409153075165151,3,5,4,0.3268891732960381,0.5249399879530746,0.3562280630394493,0.7211811593037173,0,1736.9384684515526,SAVE
8,0.2154198171941132,19.2805709085277,0.2155780043159101,0.4907923015948698,0.2519622517724166,0.0651061530739563,0.1074739152848531,0.1203785655986201,0.4090845060371189,9,1,11,2.4100713635659625,723,0,0.1857239499597035,0.3991720816741524,0.7272727272727273,0.2937603522259686,6.890482390995079,0.246854753022768,0.3478170541559915,0.3163405817360066,0.3273332933819067,1,7,4,0.3652733355927879,0.2087030021879864,0.3094284735306056,0.3737493912542846,0,1362.5354429825818,SAVE
4,0.1707963732743704,8.002073303569949,-0.5181092916884562,0.3560461162025495,0.1721699985723217,0.0528246051496328,0.0874882316629906,0.2035685357224804,0.2912463393950313,6,1,11,2.0005183258924872,171,0,0.2815412153837726,0.604036054090373,0.3636363636363636,0.2145448267550661,6.311513964488598,0.8317077890236716,0.3985878294754276,0.1996419334118648,0.3872163699727055,1,0,2,0.2114738538020252,0.3653541204055224,0.4422728258191251,0.2723932262427654,0,1007.5399008382724,SKIP
11,-0.160782215948998,27.26450225510861,0.2240533812562872,0.6780579195577672,0.0974314536427107,0.2560666716680837,0.1510612992064383,0.039231555175331,0.162406839150518,4,4,8,2.478591114100783,226,0,0.2795694242955021,0.2537856061517522,1.375,0.2796997575290622,18.1089840642588,0.4304489751864219,0.2094469359679269,0.1287795464854491,0.3636668681100005,0,2,1,0.041607855948879,0.4413232917067792,0.531764411112547,0.2216447641802628,0,951.8131341012064,SKIP
2,-0.1447478690092994,65.45574370943714,-0.137533925349459,0.104644562906708,0.3051657664311344,0.1092614009916992,0.126429199377712,0.1315187049619876,0.6282652229398469,2,3,14,32.72787185471857,218,0,0.4813146195004277,0.831027264569602,0.1428571428571428,0.4417422002129278,7.018599163071062,0.4916694501483493,0.7314814419612816,0.3859832817438488,0.2925800749515987,0,0,0,0.0894701234763749,0.0713816798359658,0.1010559158796454,0.4612134189072219,0,1375.1086538560958,SAVE
5,0.0410470369820374,7.602854092342594,-0.2702364665088478,0.2075482738656445,0.071383999491781,0.0549911375335744,0.0359057406261467,0.2471649796917029,0.2085678493607506,5,4,9,1.5205708184685187,53,0,0.1275277785638048,0.704945980276255,0.5555555555555556,0.4064502363864158,15.529925351061662,0.5063583257381831,0.1196678796103389,0.0997596307208831,0.2343756775641065,2,2,0,0.1421971945877312,0.4446989192536426,0.4160805696580807,0.3230965351252253,0,872.4138117711402,PLAY
6,-0.2447901690638867,26.58977448490073,-0.1530197348408005,0.2202241150915948,0.2290853699303613,0.0883345930411817,0.0269712048741696,0.1302251227387518,0.3379438905626767,3,4,12,4.431629080816788,6,1,0.2054525150784363,0.7061338856371677,0.5,0.4582997375572569,17.45390951674478,0.2287664479358165,0.5263562999905415,0.3870294773458214,0.1884427360259562,0,1,1,0.2666477074710397,0.0647868730711234,0.1348670727443379,0.2348843274044726,0,878.4424968246593,SAVE
6,-0.3204782370962734,9.271642694274616,-0.0349590695446273,0.395785369217552,0.1443188193827028,0.0200679002053562,0.1025641298256197,0.1689699253578795,0.2830449446314034,3,4,7,1.5452737823791027,133,0,0.2347357997271422,0.5918029271085419,0.8571428571428571,0.5010144914547278,16.1631022317278,0.256694933235555,0.3042160564276022,0.1576803146355848,0.2003575800002518,0,0,0,0.0913486921146897,0.2009306285844789,0.2152901053706769,0.2761190642683866,0,604.1719565718233,CREATE_PLAYLIST
4,-0.267650309449036,44.170207115049074,-0.2863254279907767,0.1491187443183933,0.3534510061357879,0.0083293983650389,0.1181871613533447,0.2374131729215415,0.4229492108034162,1,4,9,11.042551778762268,151,1,0.2978424506123143,0.7966352025331753,0.4444444444444444,0.3640453037073464,5.717757528624565,0.6245099716504744,0.2831104034981526,0.3101897335135428,0.4739927213547394,1,0,0,0.181045711199334,0.5084506147284703,0.0317186208544094,0.298635628459362,0,992.9829702645408,SAVE
8,0.0940433344499874,46.87101771024842,-0.2819519940218389,0.2279823565989594,0.1663643232741129,0.0042097691630288,0.0694647174262089,0.0628339121524486,0.2481666649686256,7,4,9,5.858877213781053,177,1,0.3200584236736213,0.7226583077066816,0.8888888888888888,0.2915546108926381,12.454054008187663,0.2495433128069125,0.1285068710181092,0.6591308540039758,0.2651542178867132,4,5,2,0.4269518624169073,0.1717795380836811,0.3588329488148691,0.375806449565045,0,1147.751187728703,CREATE_PLAYLIST
14,0.0929039497901596,15.766423377637697,0.1074188427690646,0.376141076036604,0.3721278585312568,0.0488760424637054,0.2189132246353833,0.2938227014929984,0.2858756147167169,12,7,10,1.1261730984026923,123,0,0.3678197385670909,0.5692736752096171,1.4,0.2480749848886592,9.514080746012883,0.1986186250911141,0.4164451441642441,0.3594193660761919,0.4648778023868175,7,3,5,0.3004031971095275,0.0333917969138182,0.1678048010132198,0.5039421110784892,0,1300.1703719265088,SAVE
2,-0.2635955571196499,17.152419703552894,-0.2775739658486058,0.1939406006279818,0.1911510631698516,0.0124165367882401,0.0804873094102503,0.1629574277646519,0.3967239484840499,4,4,6,8.576209851776447,54,0,0.219419571775032,0.7024469530815802,0.3333333333333333,0.5311929113571469,5.233866040984203,0.4896765433871283,0.3256886858091422,0.1448039918841781,0.0942805191327424,1,0,1,0.1024205912613132,0.0431449574148596,0.4190008692551512,0.3527078802594902,0,615.096772876498,PLAY
16,-0.0746765553187312,29.501860462927123,-0.3364501102552325,0.3006748413614836,0.4723079757004285,0.0376582787271671,0.0626311344807711,0.342399762742575,0.3765531851269788,16,6,10,1.8438662789329447,1451,0,0.0535005623565722,0.6747008123759589,1.6,0.5482880568874058,24.608776045302168,0.1808470208760816,0.213942405313438,0.4178952794679252,0.4116494205196255,5,2,3,0.1914150771141836,0.0364457675318468,0.0904692969713103,0.6419587413858838,0,1283.5130397028718,SAVE
1,-0.3742466346884273,19.43973267831897,-0.2628013997261766,0.5940126988898639,0.0563643283024525,0.0427086320043882,0.1168944097042658,0.1388172625365986,0.1120207442152411,1,2,4,19.43973267831897,7,1,0.1755793831206539,0.3523875942573721,0.25,0.7760696207026891,83.28582171947886,0.511911072067256,0.1675921774770549,0.3589389511479285,0.2954345931043853,0,0,0,0.1742112925221315,0.2612906703342083,0.3232015169941215,0.1171910622075,0,439.8551702680965,SKIP
5,-0.1046617513585729,39.25067236504854,0.1848741031422739,0.0735788977453057,0.1749722601133129,0.0925315514638901,0.1614702567654919,0.4907829999104695,0.6355963218507509,11,4,12,7.850134473009708,56,0,0.242670297538236,0.8814805725894715,0.4166666666666667,0.3928365813777154,17.529611721951163,0.4405950657482976,0.4561451598510445,0.2470885131105449,0.504446991869358,6,5,7,0.1559044198476205,0.0952711127890246,0.0945203168812043,0.662292110196322,0,1452.2937805008646,CREATE_PLAYLIST
10,0.0157077445693139,24.39181183051501,-0.0914658254028717,0.1531045619800572,0.3172020626977457,0.0568724246751667,0.1947031151271837,0.1623813534797093,0.5160353652690511,18,3,12,2.4391811830515016,376,0,0.0886236678661823,0.7998758322441352,0.8333333333333334,0.3993498993130884,17.85366420266613,0.3100011478812593,0.0622754920128459,0.213073837839563,0.198446917726288,2,5,3,0.1518520317063055,0.0825728526825009,0.3335269703242006,0.6641466777036417,0,1422.7366362497378,SAVE
4,-0.4352824122859755,29.86067758655905,0.0221718047996215,0.1717188100810854,0.0700025393958152,0.0576660555257388,0.0279209353635545,0.1108108944947198,0.3558038305756068,4,5,3,7.465169396639761,120,1,0.1693876559509352,0.7613739273771343,1.3333333333333333,0.2419116365081428,23.102808064508707,0.6395236954900048,0.4493439142012697,0.3525318693897081,0.2486557776040536,0,0,3,0.6278204910281742,0.3178009123248428,0.1559460261784974,0.4314884886223806,0,590.5365723869847,SHARE
4,0.1764785760260538,78.81626287720583,-0.1204323031918533,0.2045056600313831,0.2192935581241163,0.0804404689575635,0.1094037387410263,0.2762028821305086,0.3527844250606908,3,3,14,19.704065719301457,119,0,0.0833359604872477,0.7305735562309472,0.2857142857142857,0.2683228528520596,15.060948985688228,0.1326598031474347,0.4119528646523183,0.0467487040043618,0.1501047246109759,1,3,0,0.3164670299537392,0.2581991254226813,0.2311104089900701,0.3141797993976311,0,1359.8455340835155,SAVE
7,-0.0199713539106199,50.71300441905007,-0.1525971544929328,0.2513340835822585,0.0762497730910122,0.1357636124965497,0.0727695359135558,0.1792342798088886,0.4192621566887772,6,2,8,7.244714917007152,120,2,0.480891091915594,0.7211133587452764,0.875,0.29024355156285,20.77345921068533,0.2849635121220761,0.5014173672660963,0.370864911170131,0.3416459006442448,1,3,1,0.4862737573070108,0.116312766477107,0.2150559775811657,0.3634962180732313,0,1180.1644215531658,SHARE
6,-0.1912717056617658,29.877911125380727,0.0580406832194972,0.3377623346643031,0.0205834708973461,0.2360368252176461,0.070371918884312,0.242929107710382,0.2313255706704237,3,3,6,4.979651854230121,120,0,0.4419714155190994,0.6516117009333916,1.0,0.438492881320539,26.84032312463628,0.6616144322103997,0.5537220833855736,0.2982066728998658,0.3565421280962467,0,0,1,0.0628709220204662,0.1427752627519965,0.2269407533884473,0.2384485632121543,0,839.2747924707138,SHARE
6,-0.1039604852653211,37.76451934470144,0.1535024372788597,0.0869082470395232,0.1564564879040416,0.0924532887783282,0.2096502431308764,0.2408049891138389,0.1331813141047146,4,4,10,6.29408655745024,1272,0,0.1664952972984894,0.903576849140628,0.6,0.5083661980434293,11.036231049334424,0.4690799544131882,0.5765817864960293,0.4642380824736337,0.5817749581701773,1,3,1,0.1946475169234349,0.3226155725196051,0.3224984943535151,0.213347893101002,0,1265.9085559244277,CREATE_PLAYLIST
5,0.0086577973967934,33.97775872921124,0.3974203668186072,0.2749171611874995,0.0859896511032421,0.0419706818729099,0.1115751710230081,0.046647152447551,0.167406257008215,3,4,9,6.795551745842248,240,0,0.3621331075983395,0.6592772222768069,0.5555555555555556,0.3971291137490035,90.50344090279292,0.5050659267868984,0.3984947391669833,0.2966485648582451,0.212697355265105,1,1,0,0.0993755219722697,0.1843636952051092,0.1750083420496828,0.1424534176082566,0,898.2241383166721,SKIP
8,-0.2430933649722302,81.07066462347628,-0.1686281327317794,0.3517249705052488,0.0606230907775912,0.0694892774241464,0.2106424868971552,0.1488102945182154,0.1981849838643141,12,5,10,10.133833077934534,30,0,0.2161579016143999,0.6119703774931952,0.8,0.5731474649497262,21.724370267678328,0.1714081555859694,0.2665534218017334,0.4474503216470216,0.167713779083842,3,1,2,0.1890848209726819,0.097567611107629,0.6287154836305087,0.4729523147513892,0,1498.3065349578922,CREATE_PLAYLIST
12,-0.0228519205111788,35.030923775396445,-0.0383996289540286,0.4800529072366694,0.2633237012802596,0.0691402751804561,0.0395569332728426,0.1865674198254391,0.5636403423733661,12,7,13,2.919243647949704,86,0,0.1253607016953608,0.4762542676976163,0.9230769230769232,0.5080094918777373,21.57988980592357,0.26941252170403,0.4736340755759411,0.1391063169010247,0.2763908721207924,7,5,5,0.2177052853909445,0.3908501731757238,0.233292983954021,0.651584888705169,0,1501.2300820957678,SAVE
1,-0.3201394577087991,20.22707917017745,-0.4637374811493798,0.6711674629603126,0.068659011109388,0.1249806715370878,0.0339049921289289,0.0708950858201089,0.2761393846747082,2,3,4,20.22707917017745,359,1,0.1655225049142746,0.2664343038412374,0.25,0.1865308785696417,33.7694141920994,0.4411671078718915,0.3026810695684107,0.3556374796454836,0.3098381242761364,0,0,0,0.0621796295554175,0.2585202603710926,0.2786341787350478,0.2674210380105344,0,495.51277504923286,SKIP
11,0.0247391585740038,16.018222201069754,0.0573604336108032,0.0835209443867377,0.1356259722683202,0.1307576668344528,0.1742574342524123,0.3116831070502801,0.6609751333096017,10,4,13,1.4562020182790685,92,1,0.1923172314698726,0.8135014466542627,0.8461538461538461,0.5390438138558736,4.922082228498473,0.3423132227079867,0.2844404482583505,0.1828352414538597,0.6257307962171099,2,4,4,0.4083110447774055,0.5436898033667968,0.3925113796546778,0.627228405113955,0,1417.2235736560772,CREATE_PLAYLIST
10,0.0927278086127895,40.3688769437402,0.1243150699644815,0.2048691410509739,0.1113947082467739,0.0106739613545703,0.0307906289305004,0.050551951775253,0.1489488100473074,9,3,10,4.03688769437402,395,0,0.1124016167649187,0.7405867787316699,1.0,0.5899602229408513,8.737342978719964,0.2756058111830662,0.417392064873743,0.243585161485675,0.4035731365983155,5,1,0,0.1175005343431662,0.4188335266941247,0.2535649634965075,0.2533486420222509,0,1291.6638969067408,PLAY
8,0.1101758206162949,10.086207908940322,0.036986409592471,0.1851196550148413,0.1564355553880061,0.0522954644823855,0.1534954812265254,0.3597552732778391,0.3052590960835935,8,9,13,1.2607759886175405,163,0,0.034652132623066,0.7744688682313023,0.6153846153846154,0.4623270549894481,13.128780532219915,0.2119448622814813,0.1235341087839392,0.4025288818094302,0.1556268170645432,6,4,6,0.157116829489624,0.1093617723854764,0.3443426362710235,0.4689229065785443,0,1044.362205330821,CREATE_PLAYLIST
4,-0.3827366567700782,54.6104393162845,-0.4030489949581333,0.2127084756657223,0.2354585667335539,0.1859805963326092,0.1189083648197279,0.2738752507671136,0.3015045500260426,10,6,11,13.652609829071125,140,0,0.1373424349177089,0.7167135783968164,0.3636363636363636,0.4622243256697042,12.387033505400137,0.3873022063094054,0.5324697084713749,0.229370732392752,0.2032876653256147,3,2,2,0.2433210127544366,0.1469409273937343,0.1643731508993049,0.4550666208396509,0,1403.6984011667366,SAVE
0,-0.6938409505990094,1.0451946218798476,-0.4016057055632005,0.4599871752327973,0.1427439804923574,0.1730371817024001,0.126108311802994,0.18720008903293,0.473789511192367,1,1,2,1.0451946218798476,21,3,0.3116919633048517,0.4987290921043428,0.0,0.4234001663728052,35.267248140185664,0.1972141832283712,0.4881503716168292,0.4578208836995955,0.3514099837886056,0,0,0,0.0610774399634433,0.4087829955284592,0.1912632465515784,0.339452430843196,1,397.9995658055535,SHARE
12,0.2955598088204269,34.48759724042299,0.1698976524817567,0.2023149738469076,0.2311263481062253,0.0786343795653909,0.0563587173783496,0.2151138540517673,0.2143237719979382,14,8,14,2.873966436701916,180,0,0.3431101070327292,0.7666420181916653,0.8571428571428571,0.5082138616670976,11.633232346228391,0.3057424269329598,0.1850715329577565,0.2030659479507219,0.3010704411202186,3,5,7,0.1220104034168982,0.1959624343849654,0.3923445509792336,0.4775755501349962,0,1478.7765044808586,SAVE
8,0.0685749116625918,15.689178590061102,0.1369785682807569,0.0688849893212588,0.1889536429931901,0.1082955126525222,0.2002196758157924,0.2976450052319209,0.2541544886271347,15,4,11,1.9611473237576376,653,0,0.2648475111179217,0.8714996145669455,0.7272727272727273,0.1692637340922405,7.364262978451419,0.567894469385675,0.3471368979399136,0.3145322146581779,0.6012582778506795,5,8,5,0.1719294251440362,0.1653712215460821,0.2163457264340714,0.4541359750126117,0,1564.6757897058294,CREATE_PLAYLIST
1,-0.4177726441713353,46.04970299399625,-0.7806594610251683,0.4988906070904491,0.1490288780285731,0.101166301176318,0.0559681209196853,0.1556315047467757,0.269903321171612,3,1,5,46.04970299399625,9,2,0.03931033368378,0.4337452461697736,0.2,0.2768991927643541,24.803818171890043,0.6090584639368749,0.0649939095556849,0.1446165208929841,0.1414865366189633,0,0,0,0.1040836614488814,0.3828018700971106,0.4445985251646446,0.2483291573917262,0,750.5831354278569,SEARCH
1,-0.4189715479079025,12.378810358716864,-0.0017023785848617,0.4116830652161923,0.2651705771347941,0.0850366581505123,0.0300916953498836,0.0661820444054086,0.2943366702947245,2,1,4,12.378810358716864,65,1,0.1244633478641261,0.5565205593644739,0.25,0.276209250971313,96.0,0.2102864445961934,0.3025995512840519,0.3300073064975441,0.416357382073023,0,0,0,0.0883611339558861,0.3080518658105757,0.4562087033241663,0.2676671937980679,1,547.0079227772195,SAVE
5,-0.197354096443687,23.39420168079428,-0.5322456008690627,0.2749828753053228,0.0431843339484804,0.0540298871759304,0.066049709992253,0.1419724456754987,0.2605636448186237,1,2,2,4.678840336158856,74,3,0.0461021720582847,0.6440179268374884,2.5,0.1903862429383237,96.0,0.4894178684105817,0.4347941178576148,0.2251153960331477,0.238637807484205,0,0,0,0.092398728620067,0.5369304692362329,0.7373535790579928,0.2101339649590643,1,379.99602703407845,PLAY
9,0.3396814648603427,21.20131760633424,-0.0491238941510297,0.2658534736342829,0.2497630339730671,0.0505507883418193,0.0949792570355233,0.2574238017035639,0.3774816575571596,12,12,11,2.35570195625936,64,0,0.1892555059037179,0.6468955279599575,0.8181818181818182,0.2473875374649964,10.35442057747172,0.1805719063306947,0.2872400260422343,0.2434925906937005,0.7360083936831306,3,3,3,0.2851147326759948,0.292303868117207,0.4167519554700044,0.712994474666249,0,1424.0898072822372,SAVE
11,-0.396797565946654,119.74997249441408,-0.1210674349975427,0.0875320787240512,0.1971420292255565,0.1355970311677764,0.1427481500154323,0.2020335027993388,0.1912637444066968,2,5,5,10.886361135855823,61,0,0.3440836211596483,0.8753642166857509,2.2,0.5378143450219114,15.04929002377394,0.4723222045087408,0.3644633863246906,0.1482478690334757,0.2980113718785641,1,0,2,0.3429663324216233,0.1274944869260772,0.0541356589167556,0.3282282580219035,0,1470.3639711219523,SHARE
6,-0.3316335476734919,62.74536595279948,-0.222890871751132,0.2333612453145606,0.1810723318099017,0.0100979188680077,0.074582754183621,0.2493903719520989,0.3726979994120887,3,3,12,10.457560992133248,236,0,0.2384820853262129,0.6996689527063709,0.5,0.3196172442622391,6.217963352487975,0.4147058077770489,0.4858559318157781,0.1932476029624029,0.4249229601918455,1,0,3,0.2514862212402874,0.3222754249278884,0.2419705989285671,0.3434930898926325,0,1232.4730371733008,CREATE_PLAYLIST
4,-0.0151997597573789,21.105083354716985,0.2782195247360359,0.3037408306639246,0.2040909939853,0.0802609149951581,0.1184165819464176,0.2453026460586486,0.3472073518908943,2,2,14,5.276270838679246,18,1,0.2907107395656046,0.6434851697882055,0.2857142857142857,0.3779790453883021,8.29946056149928,0.2678639338229424,0.2043167993045279,0.2608957725716402,0.3730136611917798,3,1,1,0.378897424547266,0.1907484000512141,0.1913052194404897,0.3130648696052935,0,1041.9782757235496,SAVE
5,-0.1639160389308184,55.505695638286944,-0.3548345925646287,0.01207922064564,0.0737521784902652,0.0330571657111412,0.1909230183627719,0.2152540196265409,0.2753246432359176,2,4,6,11.101139127657389,53,0,0.3104777471615522,0.8999524117499469,0.8333333333333334,0.4612618082240052,5.081994923059958,0.7008737230934808,0.1409231340453533,0.549646100956915,0.3449807881183766,0,0,1,0.3997419848253212,0.2312239387756991,0.2538953872156791,0.2877888636225619,0,865.9160069532331,CREATE_PLAYLIST
11,0.0892752223673998,13.621444488069978,-0.171294551840716,0.4004031555750877,0.2751129330766557,0.1733827536702467,0.1099712994033247,0.4256155450591246,0.5939141430234839,13,7,13,1.2383131352790888,167,0,0.3093834002993724,0.5601876022844118,0.8461538461538461,0.4647451020287577,25.07053962764464,0.1306922040084477,0.4467184698580559,0.5343481778299042,0.2676361550884856,6,3,7,0.1620571934525529,0.2687431288293543,0.0755614306783529,0.7351398018382856,0,1126.2071913731174,SAVE
5,0.2460995279474832,25.0647249666708,-0.1125609103960623,0.2507151017177516,0.1422558752606495,0.02887094796675,0.1348430812242815,0.0552892015185709,0.1888951997385326,10,4,11,5.012944993334161,98,0,0.1628892105437578,0.6875874280830059,0.4545454545454545,0.3791015677408634,8.230522618154545,0.4502519456641891,0.3145876653521035,0.2957638242000013,0.3058324978217439,3,4,2,0.3263907124172709,0.3980618215299745,0.0460304294932938,0.3798234956589753,0,1218.339004377358,CREATE_PLAYLIST
5,0.0875118076754262,12.568569918608484,-0.2864999816177387,0.1348429480369933,0.1119155253227323,0.0495321334785579,0.1214541274555372,0.1124424008953388,0.3574914844900969,6,4,6,2.5137139837216966,408,1,0.2044759448024049,0.8248139806955813,0.8333333333333334,0.1460291238972071,11.311561960904363,0.3793669846376405,0.2086979919774788,0.083914302780901,0.2518739241874412,1,1,1,0.2762224782783886,0.1854923402379129,0.1675407033812634,0.4222517050607546,0,577.4215724304522,PLAY
3,-0.0997177147456149,31.85760672810525,-0.2305359733870459,0.0891129021738659,0.1390219113857639,0.0368309333017307,0.1370316483794399,0.2025453026594004,0.393283425951369,2,2,5,10.619202242701748,103,0,0.3333962507067493,0.899185898923645,0.6,0.4493471850942557,4.4000446858118085,0.3197881596760972,0.198665793437003,0.1897222931786066,0.2936238673575425,0,0,2,0.3078850653784259,0.1493120266574434,0.4835634466981615,0.2529547872204088,0,728.1295280333841,SEARCH
2,-0.2821285807964695,50.64972569706243,-0.486125107860877,0.1752526041836184,0.1255492246141706,0.0868775148460655,0.1469316131169689,0.2852083799200822,0.1538766094962376,6,4,12,25.32486284853121,789,0,0.0633248446293947,0.7709752313457626,0.1666666666666666,0.3303217225898326,11.510124704447792,0.2648793870479793,0.0263942340273003,0.3088451114368635,0.4350107990132079,3,3,7,0.2579642265301374,0.6335035115290139,0.2271669538458574,0.2735497606683436,0,1312.5471154515517,PLAY
7,-0.0534110828030479,25.875454499002863,0.2813594585298604,0.0312501302166955,0.2137351498499201,0.0370581330092392,0.1046215466394996,0.2609333585033151,0.2252533213079081,11,7,11,3.696493499857552,80,0,0.143256034696318,0.9094841310292184,0.6363636363636364,0.3513846271742696,39.12998248699645,0.2509600312388966,0.0629276252726179,0.53125400789384,0.6253859427543561,5,1,3,0.0395381663842599,0.5871886239823038,0.270329419607587,0.4516532708574547,0,1352.1517263763317,CREATE_PLAYLIST
4,-0.4666576059367664,45.47659876066143,-0.3056935143010706,0.0336585669939136,0.2712981002349748,0.0478599926116512,0.2094813536527491,0.1915458362062978,0.4098171840992942,5,1,5,11.369149690165356,153,0,0.2933777386850081,0.8408423969724947,0.8,0.4770201961027503,9.048917095687928,0.613821767655461,0.1491460199702423,0.3512341491802345,0.7249305168351633,2,0,0,0.2584272533640098,0.1505628368530833,0.5937449752064685,0.3187995083134265,0,1233.732145192968,SAVE
6,-0.295120996365755,18.108494237065464,-0.0478879237993191,0.0324755997225712,0.1391544512210511,0.0246682689257792,0.1062660905397986,0.1766653447184596,0.4391530758645468,1,1,7,3.018082372844244,21,1,0.3930632749871142,0.8990712469566977,0.8571428571428571,0.3575935765527001,19.229719441708305,0.722125541482164,0.3630088397317985,0.23005772533068,0.4491331608574414,1,0,2,0.4401922464291098,0.2356658667016676,0.0564250157093786,0.2208361201829734,0,840.4413540723284,PLAY
4,-0.8352718150505876,10.472446912100317,-0.4703784579660206,0.3291723791770631,0.2356741915745711,0.1254376862537722,0.1146903098679206,0.1539618489111612,0.3892887420043616,3,4,3,2.618111728025079,187,0,0.1425019423972982,0.6600658935227219,1.3333333333333333,0.4684500154664793,88.98861159374763,0.2777781616004959,0.4846517964976823,0.4415560773529133,0.206213315784857,0,0,0,0.0855891207123134,0.5589223368381919,0.5099621515146922,0.2925610662242474,1,507.9748674463105,SAVE
3,0.0360521082202907,68.77463608200526,-0.2860992604786487,0.2583577326184356,0.1879262547932129,0.1103935306170582,0.094635142431828,0.2965640956880331,0.5561100218886621,7,2,7,22.92487869400175,222,1,0.0483650237749036,0.6893622566843465,0.4285714285714285,0.353575385704614,46.34440200758352,0.545585721510956,0.211543046382278,0.5345676499254322,0.5080657430665179,1,1,0,0.2666554494368262,0.1737997825496348,0.2529446377304273,0.5241503477853211,0,1335.268550225672,SHARE
2,-0.5029681512124873,12.063991161975627,-0.1650983693893464,0.4105761583136474,0.2529862988215428,0.0557824356102851,0.1684944752687729,0.293202175712454,0.5577993442206265,1,2,2,6.031995580987815,280,0,0.1477108194665389,0.4956293745988145,1.0,0.2332948856904156,47.61199643692765,0.5619909616920257,0.547957597177121,0.4669578763589601,0.424254970303705,0,0,0,0.1646323306718506,0.2519459117466745,0.2216266862335214,0.3585660264731026,0,581.7827952827241,SAVE
11,0.3060234810859262,57.80212441070385,0.1319156221262751,0.3499278132570792,0.2980270776965887,0.0592110862154269,0.1528808696540047,0.3659961817773101,0.2440774787057631,11,6,13,5.2547385827912585,59,0,0.0935021939250456,0.6601839815265804,0.8461538461538461,0.4221013197062368,11.474636702680671,0.0351480176356745,0.5808733924530494,0.0604961544023946,0.3547617354820075,10,3,3,0.2615267393610517,0.310991317455256,0.1987298017775216,0.481082515956604,0,1518.6209211901887,SAVE
9,-0.1590311009123937,27.93342203768813,0.2331330201861441,0.3118703914903822,0.3157344964539101,0.0651283938955712,0.1003225513056874,0.3669445181970976,0.2614000546911186,12,7,14,3.1037135597431256,285,0,0.2265129702532329,0.6604669912040098,0.6428571428571429,0.2667446646011596,5.3328481093954645,0.219270052769002,0.3728608262622712,0.2340393065779891,0.4940707582913379,6,7,4,0.4734854546143481,0.3317522680748963,0.0970378485997855,0.5302869242166555,0,1625.69590483228,SAVE
9,-0.2609536442987442,120.00570605318345,-0.0729539925171548,0.1969162645634145,0.1164268565966525,0.126898678370245,0.3565327349032136,0.1190209745452751,0.3184937649218385,12,4,9,13.333967339242603,191,1,0.2413796164253076,0.7417867559065888,1.0,0.4084978177352513,12.373598255908767,0.7061874598563628,0.1893842664741151,0.3494272206842346,0.3226463065229321,0,5,4,0.1020804760044296,0.0315037038641713,0.3009736042532537,0.5300500397267774,0,1881.6243664322596,CREATE_PLAYLIST
18,0.0125828468543948,45.66745768824401,-0.1736996243235878,0.1855379342525998,0.2552934596399897,0.1329234078273749,0.1350435952326797,0.3015361093647936,0.3450621676819526,13,10,12,2.537080982680223,134,0,0.262577739355134,0.8018705244314309,1.5,0.4068020502031689,9.618399400452155,0.3587976449966364,0.5583109237061982,0.1573926508387688,0.3124931119844543,4,1,6,0.1987554480490779,0.266524117863497,0.1768712746527795,0.5729949924558085,0,1409.8518432489209,SAVE
2,-0.6190179033382099,9.747604307913262,-0.3642318566313849,0.3200649174701226,0.1414638832853543,0.064801444430479,0.1431566139301042,0.2288285838831563,0.3451110353180167,1,1,1,4.873802153956631,212,2,0.2924524819134195,0.5982862229154637,2.0,0.4972604270188576,24.77278293388904,0.3018629861488907,0.4280929727151459,0.4081909136322493,0.5778662513547154,0,0,0,0.4683027100035253,0.443176572739143,0.1853533667511729,0.2273708783441739,1,511.8369614837116,CREATE_PLAYLIST
6,-0.3715716612312441,38.58366324903198,-0.2881511577622243,0.0899313972065281,0.1113451414852553,0.0252807853209861,0.1245699845968527,0.2189569661487955,0.1326832552572479,4,5,11,6.43061054150533,191,0,0.1439127724159725,0.8455244903676955,0.5454545454545454,0.2812256544340033,8.788965770472558,0.4954684014311868,0.731180074491527,0.3722886350042687,0.242008809285951,1,3,0,0.1511094098989859,0.1450925010678854,0.0619097139464368,0.2633659531739718,0,986.1147727342864,PLAY
4,-0.2209818226900384,38.451985052733214,-0.2187641074683064,0.0908265577789476,0.1884410627197967,0.058074765465989,0.3077764997963443,0.282506869461695,0.3305622958309869,4,6,8,9.612996263183303,80,0,0.3414278873531111,0.9008372500118792,0.5,0.3039909089979148,11.288244106614334,0.4503584324253837,0.257079761842218,0.4814859832054475,0.2786116102792054,4,0,0,0.2325062710767872,0.2479432049724508,0.5313400023928885,0.4222679532172746,0,985.5705829218967,CREATE_PLAYLIST
7,-0.338801028201404,31.43277946645624,-0.2609866724222914,0.5182445274869413,0.2185035959418244,0.0813792643531012,0.1433839564733628,0.0533997084314976,0.0666807919212728,5,5,8,4.490397066636605,92,0,0.1164278268872318,0.446522933537224,0.875,0.5450838045023255,6.689765492900247,0.596435342077739,0.2862224859192105,0.2031677754020323,0.3816223002936268,2,3,3,0.3630771441180303,0.2613094789942024,0.251240056601239,0.2509944302145053,0,1061.655864172376,SEARCH
9,0.0892498256058711,26.04253609269491,0.2421627835592512,0.3805270025277814,0.12450193041178,0.1175139115050562,0.0517171315005051,0.0880051554583476,0.0804970927319772,5,4,14,2.8936151214105457,67,0,0.3233062544552763,0.5779901897380397,0.6428571428571429,0.5002702970701018,4.38007241657093,0.4220560199596273,0.4481460543254649,0.4058234438076214,0.2047588399791059,2,1,5,0.0271153422437755,0.2571429278769669,0.3138149954917898,0.2499296496528899,0,1167.3883471393426,SKIP
8,-0.1835208011427158,35.684444039699244,0.3581362035575538,0.2266974094536313,0.3431442964891434,0.1245230781597859,0.0673921898040042,0.0921149355414905,0.5582471626752805,20,7,11,4.4605555049624055,164,0,0.2107234739551774,0.6839676938094368,0.7272727272727273,0.6533880468899681,27.268713510823066,0.1522808264177129,0.3767897956214807,0.4108995417814433,0.4139883765281505,4,5,2,0.3234850929664903,0.0681595696295863,0.4284905378856699,0.7419740446953537,0,1570.9926584956668,SAVE
8,0.1970523946012526,18.11045410850541,-0.002525319905041,0.1765730232835889,0.2075404642133699,0.0299756938772696,0.0990971789398941,0.3612771848272314,0.535951359584627,7,4,14,2.263806763563177,215,0,0.1779608691450613,0.751839058184943,0.5714285714285714,0.5601686472689944,24.89310690005372,0.1093958936079651,0.0397224650291607,0.4093163194832467,0.0684074933683524,5,1,3,0.1620458147239987,0.0253117620292736,0.4011148969496616,0.483709041093262,0,1037.297095212671,PLAY
4,-0.3048849953955718,7.673788674448896,0.1586475544928265,0.1107084666499428,0.179543753364294,0.1311780694842134,0.2521172848223686,0.4728945276398499,0.3355951035412828,1,6,6,1.918447168612224,45,0,0.1745562734652433,0.780407857906433,0.6666666666666666,0.1988037902129864,10.717252388594323,0.3896145958347045,0.357833750120309,0.0702675563750296,0.3790190700726652,2,0,2,0.2309774691641116,0.1868184691810888,0.3400487761400626,0.3738704480918957,0,715.0217660808994,CREATE_PLAYLIST
7,0.0402407762638062,18.53194466621126,0.0326094763387619,0.1786850325649851,0.0614246333400274,0.05053358946467,0.1991993645737898,0.1976760395048694,0.2252271515518211,4,2,8,2.6474206666016085,148,0,0.1356225763270954,0.8076595541752122,0.875,0.2598734610589343,35.211239540531004,0.3185026654288569,0.4415490419435895,0.0820355877319548,0.2954207047743291,0,0,0,0.0522264511870383,0.1809326338795055,0.1212329277064761,0.2880835331066024,0,805.4042065483363,CREATE_PLAYLIST
6,-0.0718686893503073,36.48408673128847,-0.3159967937892286,0.1450954172227752,0.0417040702574163,0.0244200022041768,0.0561901187888468,0.4142267905353071,0.3225133976673222,19,11,9,6.080681121881412,138,0,0.0760559904868236,0.7905798988129901,0.6666666666666666,0.4332001798339452,8.065610096878004,0.4791620171649795,0.0653740272469329,0.1699739114752913,0.1930332517359388,5,4,6,0.1619760864926867,0.1868010490905093,0.2304496842663551,0.7049908937987198,0,1455.5341379237238,CREATE_PLAYLIST
1,-0.6656450947212617,33.57708961297806,-0.4938955048528061,0.0822007513125854,0.0526289265563431,0.0393373514216955,0.1017232561458203,0.356730603301606,0.1071132348838075,1,3,2,33.57708961297806,22,3,0.1111583118471758,0.9105614734430052,0.5,0.2836749714955514,49.18981927889669,0.5060839077541898,0.4150436134868805,0.2055472215421891,0.3119736940046637,0,0,0,0.2024141647892959,0.464556866672644,0.3874677703923225,0.1168666775808712,0,405.63023439549056,LEAVE_APP
1,-0.4096016633394485,8.47402320565496,-1.0339641596225162,0.1159945135031869,0.0928871048212964,0.0912612513316216,0.054360810786938,0.5270009496264662,0.4158731443069664,2,3,3,8.47402320565496,36,0,0.0471448194896626,0.8820825729456068,0.3333333333333333,0.2153043742211244,96.0,0.5760993886134014,0.3114240578743755,0.1910714403177989,0.2290093875909639,0,0,0,0.1783204763762656,0.454724958139508,0.3197049282370353,0.3645667288831957,1,472.1168825745655,PLAY
7,0.1141969342854512,18.39695696100197,0.2213605595502992,0.3189072093040121,0.4260145860462295,0.0582769441436221,0.2445692291056915,0.1495522235082225,0.3999255523233054,16,6,11,2.628136708714567,223,1,0.0825689204271445,0.655304401041466,0.6363636363636364,0.0517648910297067,11.3122539855764,0.0238602431174064,0.3005615671201367,0.1569402631369665,0.7349418675150152,7,5,4,0.3048966243300286,0.0703844966608303,0.152538754981042,0.5881292106250562,0,1630.125807957012,SAVE
8,0.0581443890299271,21.59872315479433,0.1551253601003048,0.3450753780274022,0.1101495329642638,0.0323100267514039,0.1783185076210712,0.1592276363412901,0.2879083668340741,5,3,10,2.6998403943492915,105,0,0.2214279346800233,0.6455999370193883,0.8,0.0831131372776575,10.403424762147258,0.4780255948721135,0.609826797343709,0.1929277288470291,0.4330759566431404,3,4,2,0.3530417311673484,0.467856004099828,0.0924438267571537,0.3350512609390069,0,1087.7427015915994,CREATE_PLAYLIST
3,-0.1379125681204111,79.90345690795242,0.1186270467085263,0.4891133445387444,0.1723539818337527,0.0075118326114109,0.1083017933669789,0.1519217983017206,0.1812090089979104,4,2,12,26.634485635984134,109,0,0.2877524109214375,0.4430045049515725,0.25,0.6489152778696844,2.349365045042573,0.2635471686833636,0.1332369235375813,0.4015455372107171,0.1999404097867362,1,0,0,0.1709403722331654,0.38802838586636,0.1548887692994031,0.2362410185602673,0,1282.1291666322838,PLAY
6,-0.5751474117570832,8.776413565369081,-0.5643713817085246,0.5402834240792587,0.1436088969513093,0.1018577111290147,0.1797030631363765,0.1177270320115639,0.3112593430415533,3,2,6,1.46273559422818,295,0,0.1575582200401362,0.4113874586612163,1.0,0.153963485817837,35.3129581540206,0.5056103801759719,0.3931527970710712,0.3840952387617702,0.1893028516194382,0,0,0,0.3362232293420269,0.3117300463002977,0.3588869192285698,0.2709261421932351,0,620.3991937589681,CREATE_PLAYLIST
2,-0.1747602192480273,41.53195113085639,-0.010224955753049,0.0481913635818466,0.1697440252493791,0.0566505507593386,0.150386991678901,0.0671667979097799,0.0766687841377773,4,5,12,20.7659755654282,82,1,0.1585644765625138,0.8874802886092574,0.1666666666666666,0.5419627233218731,8.47198937017853,0.3246916875594966,0.4417816730299241,0.2355701546465435,0.3831620140841755,1,3,1,0.0380164721654571,0.1945767793313996,0.1957045220314062,0.1775852157005221,0,1396.2935251312529,PLAY
8,-0.1132690899100347,12.460864778265716,0.2854935957479365,0.1091033559088221,0.2233089695561487,0.0529850601730699,0.1111702189309331,0.038985606930329,0.118031153219783,11,5,13,1.5576080972832145,23,0,0.0545227311299424,0.8337013241618562,0.6153846153846154,0.468707008722139,21.961344736299104,0.4143742478349162,0.223643136467583,0.3526252035524629,0.3119447562416337,1,4,1,0.0999036290200021,0.2025945530093315,0.2256209988635842,0.4019556912894956,0,1167.0131841134712,SAVE
9,-0.4397189435522454,15.305393610491343,0.1895225959017825,0.4487514647071313,0.0480446304561419,0.1190203936387281,0.0222179954078823,0.3129763693819693,0.1514509266214903,6,5,11,1.700599290054594,96,0,0.0906214975816973,0.4914270485444208,0.8181818181818182,0.2523671266396431,8.957021000962683,0.5581525543999261,0.4091853260658318,0.2024992307590519,0.1295635360831509,0,3,1,0.3094462401288063,0.0923354807066144,0.091485483911009,0.2901817282298645,0,946.4636453376028,CREATE_PLAYLIST
12,-0.1049179931792401,33.45476603840861,-0.049123908096591,0.1231069277787426,0.2352069453457313,0.0842900646018682,0.0476409911862981,0.1720188911907005,0.6343915246041261,14,8,11,2.787897169867384,186,0,0.0865919253458283,0.7989027957176846,1.0909090909090908,0.4320303696898928,3.2345689345731805,0.3594546927686576,0.3621866701990892,0.3119887070503605,0.2894007293395219,6,5,4,0.3110149497928655,0.1850420298955331,0.4154476189624856,0.808893211410215,0,1462.8092995368256,SAVE
3,0.0432492921390376,27.896339998602983,0.100479893238256,0.175444150435583,0.1405357279085176,0.070849532061632,0.0806014758140876,0.0232917908221093,0.2865395444251279,2,4,6,9.298779999534329,21,0,0.2594473165461645,0.7596238132505442,0.5,0.4402191511497261,19.15458432031828,0.1401922091640523,0.2115676608195933,0.2806424888036493,0.2337077044035619,1,0,0,0.3842082995547487,0.2571184212931303,0.2197685283251481,0.2434905496925058,0,593.6667215892711,PLAY
15,-0.0280630514304847,11.318851080025452,0.2868094691231727,0.5849788087784423,0.0341054457525712,0.0485302879342688,0.1597426215558062,0.2339533142213572,0.3205446855085671,3,5,9,1.0,48,1,0.4379539454586285,0.3741980476544723,1.6666666666666667,0.5887971990439196,15.408141520251249,0.4102110974673842,0.3853660762083356,0.3983097716678626,0.3470418020692351,2,0,1,0.2740692462501847,0.2129521691845133,0.2124364173413462,0.32491657392331,0,710.6250643602696,SKIP
6,-0.0146151501355628,18.29944258831278,-0.1371703286941189,0.2841956051472979,0.1304208021117609,0.0283238617547652,0.1767047958069647,0.1436109205666404,0.2528856548735084,8,3,11,3.0499070980521297,52,0,0.445030691052007,0.6066033803244019,0.5454545454545454,0.6516333822893269,11.861596282074892,0.1868029519296201,0.0276159556002819,0.1997042205853261,0.1513319774595596,5,5,4,0.2107571192673515,0.284637496338494,0.0733813450322117,0.3992949520240754,0,1084.1252065079564,CREATE_PLAYLIST
0,0.1252266955831819,67.99022161452504,-0.2647971180556045,0.15815823600294,0.1305421784481809,0.0958736210309519,0.1603401389858509,0.1275160170748688,0.5800218661169877,3,2,7,67.99022161452504,291,0,0.2606241960370238,0.7385062016673108,0.0,0.320952120384595,20.874134310857823,0.5948104198878013,0.2750353479869249,0.2462017553025618,0.1951586787976897,0,0,5,0.0739473237914581,0.2302446635448862,0.6771114686387312,0.3776550799674807,0,977.2456269635112,CREATE_PLAYLIST
7,-0.2009755512209737,17.624195730110273,0.085596826337183,0.4985610588613947,0.1237211250175111,0.0131174590410087,0.218034390043693,0.1705056134161821,0.0515557095576127,8,8,9,2.5177422471586106,55,3,0.0922211943447115,0.4339162526313451,0.7777777777777778,0.3251527294234844,28.448659109932752,0.8196519086761763,0.423774432620687,0.2421176249339327,0.44178404618414,2,3,3,0.0767882032683161,0.2385934848380389,0.5059067062748598,0.357806353547272,0,1146.565426528524,CREATE_PLAYLIST
8,-0.0706372411698857,24.804732968107512,-0.1609920783801385,0.0545394222267776,0.1329758543518999,0.0099435982830755,0.0815177352677822,0.2427786550268236,0.468475179366804,5,3,10,3.100591621013439,624,0,0.025503882489729,0.890553638584115,0.8,0.7148818486353985,3.989716366889564,0.7003871376119304,0.1337065767155014,0.175359467689255,0.2808718409148137,2,1,1,0.1863325311032899,0.0871540379792314,0.0738051227522351,0.4585278923903412,0,1074.7546278189352,LEAVE_APP
3,-0.0205072404060196,10.821836640341848,0.0396539308527578,0.4791113645700148,0.0123199318038155,0.0222197874668836,0.0981080424939364,0.1874465925026958,0.3253756883360849,3,5,10,3.607278880113949,22,0,0.1087943773826069,0.4860595604344098,0.3,0.4593017278983713,8.158790522781462,0.7021160310316799,0.5748205410730822,0.4533405692395344,0.4443402632874109,0,2,1,0.481859993832703,0.2243006867945274,0.1497496364356883,0.3523310972298457,0,857.7679769238522,PLAY
2,0.1749753576027336,66.68405843918528,-0.0501775089601763,0.1522302370342589,0.1674408361630759,0.0794747900037095,0.0715532006660825,0.2425310082319788,0.3619803266229767,1,2,10,33.34202921959264,79,1,0.3531244940894442,0.8578884698994339,0.2,0.4358441838252068,17.294565516277874,0.1141303407345396,0.4713503581191618,0.1340382589776956,0.3480534032779793,3,0,0,0.0768753298832431,0.1629187003765782,0.2412669029954224,0.3188308966280275,0,1207.9624433746726,SAVE
8,0.091205016711779,63.22336230631608,0.0851991556893189,0.1548633633676511,0.1285070699769432,0.0788071937393648,0.2311758543870901,0.019056819299746,0.4694672860274761,9,4,11,7.90292028828951,895,1,0.0952846604278452,0.7651508547903968,0.7272727272727273,0.474056147583257,10.693866029934224,0.3420594920296524,0.1194748956668041,0.147219052578527,0.3837734753484988,3,4,4,0.0920857478320839,0.3828286915757042,0.1063879596699124,0.5670495663694688,0,1552.124884119451,CREATE_PLAYLIST
1,-0.6728916022945848,22.796051929002157,-0.4703192777509968,0.5808950078490134,0.0664833429356365,0.1971463088791785,0.0535318920068824,0.1486924000988838,0.1236130771887933,3,4,3,22.796051929002157,49,1,0.2117607674573685,0.3684787375117946,0.3333333333333333,0.4820075730192846,35.622639330693666,0.2285000263999531,0.2091211388107719,0.1799168573195217,0.2689153327388103,0,0,0,0.1095260108508247,0.2049415912011412,0.2294319316759897,0.1927932579859544,0,545.5479508143042,SKIP
6,-0.2508060680636924,40.59787539379971,-0.0706908238680048,0.1556239540621465,0.1270533346550683,0.0586860547136684,0.1293568827354676,0.2524322574594292,0.3854413295979441,5,2,6,6.766312565633285,156,2,0.0409828871838744,0.8359457449814123,1.0,0.1262675889526154,15.812600465361578,0.4352931614795992,0.4868843701474653,0.1006237441995379,0.3090764852115815,1,1,1,0.3059709777767438,0.6528897079072356,0.0722990084006114,0.394301636427373,0,1041.4699691633589,SKIP
6,-0.1422068825887634,22.27070045140974,-0.1060837827482709,0.4183760604064588,0.2701391325603837,0.2059953152340615,0.0983732546297827,0.19195885821866,0.1715344873394545,9,6,12,3.7117834085682895,73,0,0.1561175666233954,0.5518958656965852,0.5,0.6855558059748501,25.77000376727517,0.5725350256354269,0.3537056895345745,0.1671787282776076,0.5242048748631958,3,1,1,0.2631053411957451,0.2520499016220417,0.1193703693551488,0.4097089902933098,0,1206.3210683441027,SAVE
6,0.3583088540773285,14.187977401971008,0.1362671988985457,0.5595572999538574,0.3156511427767738,0.2613552016901909,0.159590820018211,0.2926850309023465,0.4663446610044379,10,8,12,2.364662900328501,192,1,0.1913224475546027,0.4559198919849911,0.5,0.4915058887754769,6.596991563317896,0.2964532370954239,0.3835454829008606,0.4485380806675808,0.4488967143444777,5,7,6,0.1893235636522986,0.4144966133022657,0.2485992870353409,0.5889509252451468,0,1228.5333483034722,SAVE
7,-0.0305639651673909,22.545991655814458,-0.0644149364197124,0.2946050331577883,0.0960694235068199,0.0923098313412517,0.0344344053610497,0.1649716678344509,0.2055629231855794,3,7,8,3.2208559508306367,77,1,0.1575017938215179,0.6333389513566513,0.875,0.1843808979641636,12.696804979187274,0.2858030833986371,0.1076639990741263,0.243676457067182,0.3286211143139332,1,0,1,0.4201572139735601,0.0716209988122652,0.3162059528589636,0.328063291154984,0,872.7861905130977,PLAY
3,0.0360311265203517,18.26406872135898,-0.3756398083794476,0.260296005784264,0.3030914000920619,0.0505951159404203,0.0690466818540737,0.057771427120184,0.3054504254970049,6,2,12,6.088022907119661,305,0,0.1106714928261316,0.7202845406382469,0.25,0.1965954651964883,20.462834984316377,0.669164523891977,0.7132009986168054,0.5183811912201115,0.1317141882123329,1,2,1,0.0463941542727974,0.2856659548568599,0.0825204303264688,0.2843760558271023,0,1127.8438655947218,SAVE
8,0.1971062409397749,7.804263809632798,0.1719248700280828,0.1678629375504367,0.0979577928547499,0.0470138186820403,0.0810406525681817,0.3347077826571175,0.177710655662324,3,2,10,1.0,242,0,0.1083934230436478,0.7826792305945035,0.8,0.4755631807579199,2.113845211597724,0.6278118135620668,0.4520160479481334,0.4478747611318748,0.567264701079979,0,1,1,0.250883632657693,0.4554374051249312,0.2606289961781876,0.1808381575342365,0,905.6392137396514,SHARE
14,0.3240684575598541,11.38555578656959,-0.1398490082920524,0.0670746803491512,0.2258513119773454,0.2591519738408772,0.1783905388103187,0.2985108840777935,0.6033143145032428,15,7,14,1.0,130,2,0.074900981652296,0.8644278318394976,1.0,0.7044231927237299,10.540157652385414,0.3825643499139676,0.3275369492773153,0.2601232453656497,0.3780635473615469,6,2,7,0.3772558412853591,0.0206912681813196,0.2759705333466193,0.7124200637817071,0,1451.5494274452649,SAVE
8,-0.1269732478119882,44.94212918904526,0.0117919538108077,0.1905487598439615,0.0412461995656489,0.0581407016966542,0.1129137822428446,0.0513751270919535,0.1028411021596086,8,2,14,5.617766148630658,411,0,0.1548981927020413,0.808712998151123,0.5714285714285714,0.0987867700303461,5.573153927630395,0.5802103400604677,0.2026718741072671,0.3737088585175716,0.2155019513908309,1,3,2,0.2296720630460328,0.2927041733487345,0.44837594752757,0.1970599560675764,0,1311.8485905194757,SAVE
10,0.1574829727822063,28.023181619286685,-0.2361008470021696,0.091454799690129,0.0822720345567168,0.0793332955159681,0.1104352995742221,0.1906102353390242,0.4602089872683363,2,2,7,2.8023181619286683,55,1,0.1487581631569165,0.8561670874079058,1.4285714285714286,0.2765331358452587,6.4037022755758,0.3759320114380972,0.4905383801881396,0.1011583466572425,0.794296630800275,3,0,0,0.0983155754786835,0.1977151083090009,0.3160650865687689,0.4042550479510991,0,1128.5498802423642,PLAY
5,-0.2585593576115372,28.71476909569942,0.0193877305100348,0.4230624783627331,0.280563718649528,0.0242667994038782,0.4103747924108175,0.0424756303038929,0.3904120718361683,5,2,12,5.742953819139884,250,1,0.2285087088635224,0.5230743084361584,0.4166666666666667,0.1991961053077521,19.70303216660449,0.6845200506853516,0.6292011285605208,0.2893125846626053,0.3398958349426176,0,0,2,0.4588026966492145,0.2552486119230039,0.3718401870170283,0.3090495278754022,0,1192.5150872397005,SAVE
7,0.0359554314686441,48.92958374373527,-0.1549508652848477,0.0685585322334697,0.0739022142421594,0.0682813681783667,0.0258963194870845,0.1016821225193446,0.2801580064776014,6,5,12,6.989940534819325,133,0,0.1023537759952971,0.8892784333567407,0.5833333333333334,0.3762575427200161,25.48069896388379,0.2362200494726967,0.2897486894979571,0.2875411068706735,0.2474639847268037,0,1,1,0.1646276302888762,0.1794367891666514,0.1289424129790193,0.3876345594974342,0,1275.96372771932,PLAY
5,-0.0532070974072546,40.12723086166112,0.3600230361739615,0.2624621879882377,0.1220956613559983,0.1773050335616445,0.09345751346796,0.3656494078520218,0.1598741903234455,25,12,9,8.025446172332224,52,0,0.2951126545206711,0.6673048360050448,0.5555555555555556,0.4167783965052324,20.80808299514316,0.3544389772868748,0.1923281460471337,0.0807698109225112,0.3121267821538057,6,4,4,0.1906622932635387,0.2584871071636778,0.1124377649363347,0.8312991892902974,0,1568.275190976436,CREATE_PLAYLIST
3,-0.0144045811919441,20.745496856984065,-0.2415501571362595,0.1475543768928936,0.1788758475102176,0.030591351830212,0.0919096468115816,0.0499754413616748,0.5401948180385013,8,3,7,6.915165618994688,263,0,0.1093215293115886,0.7751248623000736,0.4285714285714285,0.1949387104929485,7.501217764772534,0.7540648589990878,0.2346848448023229,0.42279182415522,0.4898493990568301,2,1,0,0.1845302553440899,0.1763002884854431,0.120684279212769,0.5305100213173529,0,1023.8104855936105,SKIP
4,-0.1429468034736715,50.43194187956978,-0.5289443951631989,0.2703263979611474,0.1067516592997034,0.0090120438750222,0.0382591988361884,0.080535089650272,0.1046416036818844,2,3,8,12.607985469892446,152,0,0.3212135821988543,0.662886215777853,0.5,0.4080979254546359,31.23281578363687,0.2747135370095635,0.2784315985495361,0.1601147718027942,0.3134618714351986,3,0,1,0.1408887341323977,0.01,0.1095032497651508,0.1875988272315235,0,1083.9363164639028,LEAVE_APP
5,0.3213010323819403,14.997056078412475,-0.2349957553817144,0.0263184868529119,0.2464523034279488,0.1294241591001947,0.0934007504728278,0.1173932008447798,0.2829945563124986,4,1,7,2.9994112156824952,150,0,0.5886038395155915,0.921415700605712,0.7142857142857143,0.6055603219651523,7.563415770739916,0.4384451220148462,0.4440344859287831,0.299490921746365,0.3896573024553273,2,4,1,0.1447925961170736,0.122273292673367,0.1811591654894232,0.207728447239659,0,896.9629432858957,SAVE
3,-0.3875828688841063,14.82261959399492,-0.0916230161443761,0.050155121614734,0.1218941858843124,0.0405420936716032,0.1259394440443411,0.1738755553447426,0.2491233621980606,5,2,4,4.9408731979983065,250,0,0.4086638854770649,0.9502856683493528,0.75,0.5599230536293825,6.9596859340523824,0.2738741056512961,0.3031827943516375,0.4509832269748759,0.3488078649445364,1,0,5,0.0812585511509662,0.1422703497746445,0.0926484007033393,0.240030378633519,0,692.8561328420293,PLAY
13,0.1448525282120214,34.4553307468195,0.5356226593486004,0.0758779753140811,0.1484893218079271,0.0374273682089585,0.1247944499312381,0.0451102024300015,0.3454817088159109,9,4,11,2.6504100574476537,186,0,0.1435111573489501,0.8415930127229914,1.181818181818182,0.5876376171961674,24.882347600667355,0.0657723398718931,0.1210988068220782,0.1443435961003986,0.1460633597881416,2,5,1,0.1312354992452477,0.1877399580905027,0.3454744827916434,0.4910470199371279,0,1394.8374241841589,CREATE_PLAYLIST
10,-0.1347587062558355,45.873591195748126,-0.0654131436512626,0.2956468888599527,0.1991207974102153,0.0880699483589766,0.1609754223055184,0.121314963143221,0.2010383996335095,6,7,8,4.5873591195748125,506,0,0.3416640572684435,0.657749477476762,1.25,0.4668866454264238,27.313241903987944,0.0667164539563393,0.2354222918102769,0.287977807834732,0.3789686336576317,2,0,2,0.5131951751288274,0.0265098811657117,0.4372978885353382,0.3626113586450879,0,1098.7988447516177,CREATE_PLAYLIST
1,-0.8169743031448466,29.454901539907095,-0.8203430336263452,0.3276205570844209,0.2146930968238466,0.0534811111953357,0.0478895310185186,0.2155888431204045,0.7391691921713627,1,2,1,29.454901539907095,91,0,0.1726418726722742,0.6332979515397337,1.0,0.486421676880553,24.369447655425905,0.502261218180933,0.3108952581268737,0.3736167780164299,0.3416495036380049,0,0,0,0.2595732023790291,0.3828650900057905,0.5382051200427246,0.482964038377992,0,475.341735770692,PLAY
4,-0.1032244403500181,50.01241842011306,0.1389298110267248,0.2170516754048196,0.1110965607569711,0.1270949464960138,0.1538556567729652,0.0509902944091677,0.3062492993800896,4,2,12,12.503104605028264,75,0,0.4281225554290968,0.686476598502703,0.3333333333333333,0.2028541214114726,11.507855336273984,0.5032896212030465,0.3366365796035685,0.2048621174806663,0.3259376993984132,0,0,0,0.3828347827805111,0.1271107827549859,0.0722873557010406,0.2584815114634647,0,1262.611589009257,SHARE
5,-0.2086944354183719,42.84241469598483,-0.0451207196656277,0.0111740196547497,0.2355079039918287,0.1350225033614401,0.2202430756683364,0.1520516932536866,0.1089134163535752,2,1,6,8.568482939196965,98,0,0.2483207549890199,0.9560798698546794,0.8333333333333334,0.4159762205717122,11.78469675567026,0.190112127439452,0.0884773902503738,0.2662948962648322,0.116088874513848,0,0,3,0.1496943910566908,0.4716993902164078,0.0174146868613231,0.1476295431754733,0,807.7665518456128,SAVE
9,0.0433618854699257,36.49928071580622,-0.4006774582209255,0.324599854769958,0.0614367275319041,0.1122862184646125,0.1876976144892752,0.0370694312849668,0.3677500351395291,3,3,11,4.05547563508958,136,0,0.2737104626252242,0.628394144474125,0.8181818181818182,0.3890498156206229,16.568998075693546,0.6885932047177841,0.1123491101812529,0.5034402707422088,0.3460391944719208,1,1,0,0.1847122817261441,0.6393662201904987,0.2180387337138466,0.3565205461857829,0,1195.5506311035765,CREATE_PLAYLIST
8,0.1179223509221443,105.54000149281627,0.2358962224536064,0.1353502450922083,0.0631493304297191,0.1826813165548669,0.0249772643209388,0.0735483426741239,0.4780006004520317,2,1,10,13.192500186602036,422,0,0.1119395721776414,0.8181502762580296,0.8,0.5125812840910188,9.357200253376975,0.2186973996118336,0.7497313782156533,0.4794638488149485,0.3546167955483341,2,0,1,0.2000472314041641,0.1108609143013567,0.2613920202489361,0.2565752138277044,0,1494.8476615876211,SHARE
2,-0.6380525538752697,36.37736178092557,-0.5110417451757653,0.2586943200322154,0.0780284885111891,0.026047526355182,0.2166292906363508,0.3091656514688103,0.1457086404662791,2,4,5,18.188680890462784,314,1,0.0926274667156109,0.6856602049754306,0.4,0.6107935460353858,17.70640618969951,0.3271760138237808,0.3100774657717016,0.1924585560944013,0.1608408706577904,0,0,0,0.1710722060457008,0.4492418794868075,0.2664767304639593,0.2609637143610601,0,669.4691716230798,CREATE_PLAYLIST
7,-0.4449945580813925,30.31541923187172,-0.5209976764741961,0.3280543862823926,0.1749604994303689,0.0888120614784622,0.1651340216984035,0.0730449846032073,0.079556333546781,1,2,8,4.3307741759816745,148,0,0.2355509189731293,0.5606006740244059,0.875,0.601891866095678,20.574472924521643,0.6490354661995279,0.3846711677234863,0.2466992683203111,0.2032840999788133,5,0,0,0.22855327787552,0.2593339610343365,0.1719714404026898,0.0503125645305352,0,857.197491855578,CREATE_PLAYLIST
3,-0.3615812250012566,15.640703422128864,-0.5732743479650532,0.4316490336019113,0.1479439451135747,0.1112969618253191,0.1758452233027595,0.1368731019978867,0.1527358431989466,1,3,5,5.213567807376289,383,2,0.1077376922295774,0.4775990302008875,0.6,0.31401633195868,46.49045511086551,0.5526207981959047,0.3183126317476901,0.1050136363490293,0.1792003596328981,0,0,0,0.1547146748874424,0.6249262180327314,0.7543470481886573,0.1519632657438099,0,657.9367523795147,CREATE_PLAYLIST
2,-0.4337464888162418,93.74804017675498,-0.1794844319824425,0.3555444606213168,0.0964222715282493,0.0753454075653096,0.0654735480125081,0.1469177533840683,0.1544153113644926,2,2,8,46.87402008837749,141,0,0.702541748092822,0.5962188184770835,0.25,0.3568223782797066,15.0695358166886,0.1108948792507873,0.414130066044659,0.1598941360382719,0.3831994504493355,2,0,2,0.0684271452820879,0.1390596433281188,0.2766873622001956,0.1447700420657519,0,1449.061272613723,SEARCH
0,-0.4789977081547335,37.45538146583012,-0.7253020329804591,0.1233009347697472,0.2285060115773312,0.120228006877183,0.0800596318770997,0.2151623269444799,0.2149482399873799,1,2,7,37.45538146583012,166,1,0.3844701788427098,0.8579445106588508,0.0,0.29002853270059,46.85294895372155,0.2505870263725814,0.3914103602680859,0.4832180106813614,0.1240738700779158,0,0,0,0.1162594830298629,0.1711698850502097,0.3568118887238308,0.1409486313900388,0,728.8879702487541,SAVE
6,-0.2181487527673543,33.79288632596744,-0.3140746107558408,0.5590092513627071,0.2393014534199785,0.0524195652370422,0.300938747472898,0.1640070357143779,0.4815404121466026,5,5,6,5.632147720994573,55,0,0.3473071641873264,0.4070624514591047,1.0,0.323026134805845,30.120506371536955,0.4776575729958137,0.1482266963224958,0.304055779179829,0.0855675411052443,2,2,3,0.1988340913712273,0.4700710654975049,0.1489776392639263,0.5352746037530671,0,788.1381978500128,SAVE
5,-0.0808920465525349,59.1185398488886,-0.2535359255539059,0.1677696417276904,0.0584115185104044,0.0691508701150734,0.1831743947429876,0.0920753570960187,0.3114921857408789,1,3,8,11.82370796977772,27,1,0.2639488504347925,0.7976101400395985,0.625,0.6306684007942338,9.203059286139244,0.1618624289518779,0.2069220700211528,0.1660253835899937,0.4041105874678911,0,0,0,0.0989034065932752,0.341311343600812,0.1671980722412733,0.2699208073197998,0,986.0212082360158,CREATE_PLAYLIST
10,-0.1659933498150097,29.99141241362178,-0.0952821032468347,0.2491010533464006,0.3520021446189011,0.0196927663104658,0.0887665954702483,0.2484517605476582,0.2747076503779498,6,10,9,2.999141241362178,163,1,0.4640833850933773,0.712079037260527,1.1111111111111112,0.4492963607523302,8.147060538324103,0.6110323773795686,0.2764915374247892,0.2040119773576639,0.3782468247146424,2,1,1,0.0933549804430902,0.4580472363932048,0.5001662387130232,0.5548057941105714,0,1088.0893947004918,SAVE
2,-0.2619289227036028,62.96151609196794,-0.2595654264500253,0.4299327620527054,0.1097504696082126,0.0341577220140567,0.1208029113977872,0.1484716690525955,0.0931641396910355,3,3,6,31.48075804598397,518,0,0.2080347929794144,0.5316299723641295,0.3333333333333333,0.1203854897748843,25.849167721297885,0.4733290260388597,0.6296377994416832,0.1352305509455288,0.120235840247073,1,0,1,0.1886557967337906,0.1249571356486194,0.2269388950822598,0.1628176149624185,0,912.833532917999,PLAY
1,-0.2101563215257139,4.64382808561088,-0.9256948176732008,0.3883513655532507,0.2979086488914246,0.0030902578303107,0.1230227263205548,0.0104213818896642,0.3254235377411157,2,2,1,4.64382808561088,1004,0,0.3763666542855955,0.5467672132771925,1.0,0.7328236566360437,36.413368964228056,0.2507951718858321,0.1678331491900336,0.1493215112773538,0.4563045702281998,0,0,0,0.2080186114806471,0.4148689845615963,0.1489198122828063,0.2807638996497978,0,487.5476020467211,SAVE
1,-0.718043421561523,2.1387453680291477,-0.2681655791274606,0.37834776274414,0.0637599361832222,0.1108777672187553,0.1593715138945816,0.1409253169300149,0.2989083119494946,1,3,3,2.1387453680291477,24,0,0.1327880834354517,0.5374977261490028,0.3333333333333333,0.1971426486860069,13.149820463808434,0.7935707560250681,0.2947612165694765,0.1485389265290591,0.4626105930698568,0,0,0,0.342358410142936,0.3710702084795907,0.1479342644501626,0.2794168652590327,0,434.0947724682103,SEARCH
10,0.0519119892628745,49.26352951796576,0.1471926124611931,0.2415735859570578,0.13927466001055,0.0602920813484566,0.0641051900602601,0.0245032083970647,0.5828983273020569,9,2,8,4.926352951796575,160,1,0.2682298181530666,0.695548104332045,1.25,0.2936886226327079,9.214914238851453,0.0844337156448847,0.1593389904709505,0.41727547600966,0.3745158841414908,3,5,2,0.0111671150444062,0.4103007717123322,0.0962340211682056,0.4736038911233579,0,1360.443289092509,CREATE_PLAYLIST
4,0.0476997069334784,44.31445047718738,-0.0466475620448792,0.4697068734771903,0.1139741101629636,0.1030731152945678,0.1044224425664041,0.2911115173767244,0.3166800802766196,5,5,9,11.078612619296845,60,1,0.0811660989021327,0.5134827227705815,0.4444444444444444,0.3176108412696879,8.688847998819691,0.2833184960709225,0.4474358975620368,0.6234070298301797,0.1282203266074633,2,1,3,0.1580335829434735,0.4345553335223981,0.2618016134959278,0.3769534879722195,0,1085.1744699398655,SAVE
7,-0.0951531088056733,64.94529188664045,0.0155245680221342,0.36874546526309,0.0316405381213223,0.0565902811524643,0.0525031254331523,0.078949759816716,0.1792685707674584,3,3,9,9.277898840948636,280,0,0.2772794462694444,0.5776566596183688,0.7777777777777778,0.6756988757491823,4.498672492900023,0.5107147882016113,0.2571427006133946,0.3511517052730857,0.1748422572585745,1,1,1,0.4087432475153847,0.1447851341477745,0.2325530185863395,0.2775668997683531,0,1111.5760981212015,PLAY
6,-0.1339647355044416,60.0926399580153,-0.0934682360356737,0.2148238251528011,0.2252137351514084,0.1394474831851845,0.0790415826815755,0.0494008053644168,0.2657655749506285,8,8,10,10.01543999300255,150,0,0.2200140071816529,0.7955078538426147,0.6,0.1464211256436803,5.393702436797674,0.6463770609732177,0.263169600657907,0.4414167051107739,0.4452804863846372,0,1,1,0.0746243706404211,0.1022810504316412,0.117503012442594,0.4683080619142583,0,1205.9934871193932,SAVE
4,0.2233326074365159,81.28841986530007,0.2950934059939332,0.245786148735069,0.1240164296028548,0.0397307707947804,0.1001326377281679,0.1497948321575566,0.3579153269969711,8,6,11,20.322104966325018,116,0,0.1316842116894988,0.6825678966142396,0.3636363636363636,0.4354636340054023,17.267637036791214,0.024068849852028,0.4735910516080596,0.4320238125288894,0.2792131801208891,2,3,2,0.2365728392994874,0.3831526838428201,0.1658315007538321,0.4613167729484788,0,1554.799125563728,SHARE
3,-0.636381236992263,17.48854754999213,-0.6802027186152964,0.3316197976064586,0.1043121484517167,0.1062345418673952,0.0468842772638732,0.0558292178152368,0.3334188408589573,2,3,4,5.829515849997377,180,1,0.0781777994350343,0.6377666702997343,0.75,0.4053190729920215,35.10950313549171,0.5652913525774997,0.429205634246478,0.1525931316572924,0.4610655047608758,0,0,0,0.0756592813070127,0.5633603838327218,0.2318014570598396,0.2684428509481163,0,704.81177227975,SEARCH
5,-0.1178650726470955,39.908561481015305,0.0325366353219273,0.3809328056975347,0.2907437314708744,0.0478425443851086,0.2087868711616051,0.1411810637426194,0.3579844676703377,9,4,7,7.981712296203061,39,0,0.2466832147508113,0.558964566040926,0.7142857142857143,0.4301052911037151,23.192928334402563,0.2155241664854328,0.4810076136003618,0.2310019430441748,0.1653314092978108,4,0,2,0.2308281646370355,0.4739342631487669,0.2532915796574356,0.4609639480813279,0,965.8773949540956,SAVE
6,0.1029875455931134,26.73795813905188,0.0818423548624373,0.1974920450889725,0.2068627866672048,0.1756259073370235,0.145255531764524,0.0161951538646408,0.2797521853952708,6,3,8,4.456326356508646,64,0,0.1335287286432974,0.7860563742737698,0.75,0.7294367304625042,17.328768097147954,0.4743356735093483,0.3458226094300424,0.1922786215897138,0.3545617944238229,1,0,1,0.0330680971233965,0.0733640485701855,0.2413566231606722,0.3308775530039956,0,930.691452611928,SHARE
13,0.2356379623819987,61.3472870576562,0.105117789272695,0.1520031514239335,0.4567430857491531,0.0211321647900658,0.2105172005397038,0.2115892976133087,0.6199497257602005,14,8,14,4.71902208135817,57,1,0.0454699627930356,0.8443025678384675,0.9285714285714286,0.7674333614221278,8.839340185164614,0.4235438646192681,0.4100551168774116,0.1148615482846004,0.3065436469651907,1,6,7,0.3338702000703782,0.1706512315561229,0.1089510649949698,0.7706630147918544,0,1870.9276197470745,SAVE
1,0.1444651541804232,36.55035684231333,-0.3186663799906274,0.0980949378588269,0.2559285167282329,0.1486779556246822,0.0528007017919357,0.0780608819052586,0.1105897286165986,1,4,8,36.55035684231333,193,0,0.3044864561394741,0.8362467509466088,0.125,0.8488640835672565,13.200949377535895,0.2187206841572125,0.2125651279093847,0.3574561368536404,0.1640289985534214,1,0,1,0.3131194419972253,0.1581289851704645,0.1680437135276428,0.2669906507839995,0,815.6523026536099,SAVE
3,0.0044955809190039,26.086772117088334,0.1934369963494181,0.113018184707078,0.0551902609957066,0.0078544356088385,0.0533134321901265,0.3475412246737052,0.21920423919912,7,1,13,8.69559070569611,64,1,0.1203480179052701,0.8113096242429123,0.2307692307692307,0.2503090262272638,13.257181351117923,0.4716477629182107,0.3079349638932344,0.3219881194255649,0.4687392075323296,1,0,0,0.0922031372984884,0.4102294835559329,0.1697883188782711,0.242692760328876,0,1120.3135302435462,LEAVE_APP
7,-0.0598066519152905,18.864567706550417,0.3035360880682445,0.2936788340036489,0.1970607588847586,0.0864804381592639,0.0990738700207251,0.105945664731752,0.1884073450264218,11,3,13,2.694938243792917,83,0,0.0220717391733993,0.6318413337423883,0.5384615384615384,0.6059513415040293,17.489156617188716,0.3482381811317698,0.3474195172244897,0.1306280545757395,0.7387308622104193,8,1,5,0.2172921858212843,0.3313940892527942,0.1255781701252374,0.3502407231580262,0,1478.1170723128323,CREATE_PLAYLIST
6,-0.0377230212818976,31.10594210116719,0.0402395961739257,0.4593594412169605,0.3712613790999676,0.0538538425471458,0.0872991107497897,0.2191693191721925,0.3061456482869004,9,2,10,5.184323683527865,14,0,0.2530249488462545,0.4764765297355392,0.6,0.4262988727575186,34.55028931925246,0.6186066043225968,0.3442066433331959,0.5882172111533338,0.4062478110401433,4,0,4,0.1467421571682858,0.1946066293322937,0.1245729411069397,0.4006166595250626,0,1276.2295455039084,SAVE
8,0.2479387721792978,44.512750328634894,0.0612296048223021,0.3898915658215607,0.3798053809651472,0.0681200633191019,0.2017154953481384,0.3454401865227239,0.5509583509274361,17,7,14,5.564093791079362,222,0,0.3242173430621351,0.5794479333316436,0.5714285714285714,0.3414993966236634,8.83650852239393,0.0791990515930693,0.5585333140243585,0.0322051394153842,0.1586683187908029,8,7,1,0.2594093064383362,0.3653229635847876,0.3498093752696358,0.7944181703337381,0,1724.2205747281705,SAVE
7,-0.1554957317715542,89.26874213920439,-0.0502431071760799,0.2845160148051754,0.0706518593898141,0.1941916630062953,0.0870874252904065,0.2115494581796806,0.2451184735555151,4,3,6,12.75267744845777,292,1,0.3522857554053544,0.6638757847050857,1.1666666666666667,0.5579661625404081,12.92645411593081,0.2328502484336246,0.1743175724037887,0.0410212026390756,0.2819313079869482,0,2,3,0.3395151271749144,0.3908859936884859,0.2605917324479168,0.2970973504515581,0,1364.38652630132,SHARE
1,-0.1054057928030188,12.950698689021456,-0.0136836434055479,0.1464696550890069,0.0264597343243491,0.0484164020705844,0.2112798737634612,0.1511914537368151,0.170333494068195,4,1,6,12.950698689021456,141,1,0.3182715285483469,0.783326671679779,0.1666666666666666,0.2827685182134532,21.00663086531368,0.1128847746773551,0.3374844666031831,0.164273108322107,0.2495339913974433,1,0,0,0.5748779830606803,0.1503537491655443,0.3603018311837316,0.1946180644158434,0,684.2494535976004,CREATE_PLAYLIST
3,-0.5253909954934077,7.067004231615922,-0.3615504716131104,0.4736902114555317,0.1462934443398573,0.1139470212804589,0.1055568252721292,0.0418059379059562,0.1319978686347873,1,2,6,2.355668077205307,113,1,0.0919739939685519,0.4929247796281374,0.5,0.3298130857091536,43.6277925006043,0.5831048241106381,0.2503424461485269,0.1377575050012462,0.1975725161646742,0,0,0,0.1065023629927325,0.3170643574474492,0.3235064083605389,0.1300890998649359,0,587.3448974385745,SAVE
8,-0.107451058456572,54.04775196401491,0.033553538672261,0.3029190710631808,0.2892491133050427,0.1107116643400354,0.1496474206980793,0.283450746129845,0.1908653671623525,5,3,11,6.755968995501863,334,0,0.1832782342631378,0.647828192415649,0.7272727272727273,0.3583577274678997,23.58550623599959,0.4786092371355437,0.4789581106670699,0.5155347226225869,0.4452749256545785,2,1,0,0.3014637692999583,0.1611724072765547,0.1538621219191341,0.2810299771255875,0,1405.965413717612,SAVE
6,0.0715734700393897,81.01067974319999,-0.0076007816196527,0.021906486020849,0.0922319329694025,0.0845314118037877,0.0814121058751165,0.033357641181932,0.2285256893139532,7,6,9,13.501779957199998,33,0,0.1907669497706635,0.9424571065231296,0.6666666666666666,0.5852789584753516,12.314791729082929,0.6234668444569813,0.2441349126208326,0.2408878306590169,0.3649539096575578,3,0,1,0.2038664915228907,0.1755983832416696,0.5747975530273907,0.4204520389072784,0,1522.0102490694742,SEARCH
2,-0.509535980868445,14.51322925473422,-0.792431578735711,0.353397860540443,0.1139924549743225,0.1326424946786128,0.2018690299461402,0.0606677480055479,0.142544450656364,1,2,3,7.25661462736711,135,0,0.2203570426393919,0.5789232315036109,0.6666666666666666,0.1172249263157695,37.85301825977319,0.2846054975405576,0.3393774498312997,0.2163603145264971,0.4393339832953498,0,0,0,0.2848450319065774,0.34611949091868,0.5713239188559516,0.1442084639220995,0,498.284187076302,CREATE_PLAYLIST
2,-0.6457020443217212,5.795103756998335,-0.7723891129091099,0.289155912874569,0.0642939524244864,0.1112681632934998,0.0747719112406693,0.0183937409449694,0.2548131206707588,1,1,3,2.897551878499168,35,0,0.1684125619790979,0.7418318633252451,0.6666666666666666,0.4790481204391338,49.96290990752959,0.3553729776529326,0.2997272776829932,0.3234527985330515,0.3673016842535678,0,0,0,0.3646572993009722,0.4825911414383254,0.2657441809760651,0.1782659157607536,1,383.10301965535655,PLAY
4,-0.2805023639197322,19.517729352308415,0.1279176136588946,0.1100166116508581,0.0802839434507847,0.0926386293024907,0.1600616078581537,0.1902702523463104,0.2428138178250955,3,4,8,4.8794323380771045,164,0,0.2661911007514891,0.8028789638084699,0.5,0.3124111952129829,10.752866473101983,0.3473099974647485,0.312808450263243,0.1941616113269332,0.3529454625917874,0,2,4,0.4171457816933943,0.388605295730482,0.1194650496552258,0.263721721094972,0,930.6353878333176,CREATE_PLAYLIST
5,-0.2649511386415794,18.424542795131245,-0.4138250661063734,0.1233938281833974,0.1492728486237498,0.0735116357299433,0.0624965774746014,0.0706348201564881,0.1302598574837145,1,3,7,3.684908559026249,27,1,0.2242586800261376,0.8813511359310978,0.7142857142857143,0.1024706802497203,16.79680052751572,0.2230381402025584,0.3251632150144006,0.370506248514275,0.1922599897604443,1,0,2,0.3303265962638165,0.4996701416142466,0.1235361110796691,0.1435365217425642,0,624.7249527443832,LEAVE_APP
5,0.1639939393753903,21.14444173150663,0.0227089017458598,0.1800537773502471,0.1517684888001705,0.1021328506958898,0.2458783031974231,0.2053865143727714,0.109998983472208,7,2,9,4.228888346301327,132,0,0.219759143501529,0.7694974419166061,0.5555555555555556,0.3779976830981874,5.33538026570506,0.7794996387121274,0.4324585556597716,0.2125732764744025,0.3705005747830139,3,1,2,0.0684649926388416,0.2957425598696983,0.1741925876695181,0.1758086209678556,0,1005.2892610916448,CREATE_PLAYLIST
5,0.1344890482500307,44.16337157314413,0.302745637184341,0.1041337105215653,0.0803812641784355,0.0788013322929192,0.0677915107688909,0.0426675564341767,0.1453762180719529,5,2,12,8.832674314628827,530,0,0.01,0.8653873220111574,0.4166666666666667,0.4873656737705025,9.702044148552154,0.587269335984219,0.5545011177588227,0.2171428194460925,0.4600043661660796,2,0,0,0.1106493100670709,0.212779050725964,0.286451089287254,0.1605517035643993,0,1382.25538191163,PLAY
10,-0.1580742120737862,41.02068827989522,0.0139281958819159,0.1585602742264119,0.3171385758612429,0.0636576040217783,0.2129158765397102,0.0890739400534371,0.2974138826838789,7,10,13,4.102068827989521,771,0,0.127576706451446,0.7486705191010735,0.7692307692307693,0.2439927620295617,12.151240626026915,0.7349447160942636,0.149045906798208,0.4767345885383822,0.1007139212274977,3,3,4,0.2379665480406106,0.3022499904226797,0.1063402112498872,0.547411680106533,0,1262.805758946064,SAVE
10,-0.1970248946525813,56.18429453646815,-0.2536730428981384,0.0837826149666561,0.0511223374118165,0.091340489167386,0.0516512687845313,0.0964008757716939,0.2589967448385653,6,3,7,5.618429453646815,63,0,0.2481776801143771,0.8511893418129843,1.4285714285714286,0.1987927071022782,24.84000733319563,0.7112119024468462,0.244156802008238,0.2195904288646285,0.0922119920793232,1,2,2,0.6393242080036798,0.1677624242320804,0.1588088197050749,0.3186038736313001,0,1019.29437049903,SAVE
14,0.2113368446105701,17.70323838905424,0.1301125597571583,0.3822288751924174,0.3175989955332481,0.1201487428948323,0.3505958954161972,0.4795706867760578,0.6455819583240611,10,8,12,1.2645170277895883,24,0,0.4706614563950576,0.5693977626600392,1.1666666666666667,0.3619089737264965,23.58632150298547,0.0805630567673129,0.1531376010720503,0.3746719471049794,0.5076007956937844,2,5,6,0.048291841984853,0.5411852802813418,0.3591534948365035,0.6852306849804853,0,1333.8387857333237,SAVE
1,-0.0593174631059665,92.41763840505544,-0.6094351890687735,0.2523979994182659,0.2164813429000764,0.1340155115565222,0.0802433262076967,0.0219602769019903,0.3708596980568544,3,2,8,92.41763840505544,43,0,0.1633806811746034,0.7320461157670857,0.125,0.5687618756604242,10.246159961586898,0.4328489489021939,0.4426291468821902,0.2673186324279205,0.0740685800070704,0,0,0,0.2621297777198161,0.1125889082425119,0.5573776960103667,0.2792037930288462,0,1396.1202866736453,SHARE
2,-0.3378156740401888,32.734155256108004,-0.0595683964774868,0.1261956897509628,0.1075487930826207,0.3292107165621307,0.1619070624163105,0.1040185415563403,0.2066553074449702,1,4,10,16.367077628054002,266,0,0.0812578751440573,0.8751148505449677,0.2,0.1929203037921123,3.337636495054798,0.5509027985104409,0.6621249432683713,0.2821622516104449,0.1986283412480418,0,0,0,0.1644837412797429,0.0635380596007043,0.1027502276411466,0.224028802868057,1,940.2618240807926,CREATE_PLAYLIST
2,-0.4539787458241455,5.458386637443013,-0.4954934296155558,0.3218173332448672,0.2211404722888663,0.0197832389520381,0.0398769987814745,0.2679073089375104,0.2407863727209493,1,3,3,2.7291933187215065,24,1,0.1416599813967237,0.6330570110042755,0.6666666666666666,0.5776882533153169,48.34530593584072,0.5111752514554956,0.3415539136251706,0.3972047711963111,0.3767620490613113,0,0,0,0.1425871154272856,0.2586639828864964,0.62193172549802,0.1474305406276463,0,488.2869958231717,SAVE
6,-0.3552766843484851,61.906921223121074,-0.2810438412715472,0.0410925107686437,0.3432704131003413,0.0152027482404329,0.1850129935022772,0.0829725658183684,0.2553962326829407,2,2,12,10.317820203853511,99,0,0.0595024836004763,0.91310134396736,0.5,0.1828713120663496,16.75583936356009,0.4839204510287105,0.4828162990195334,0.0770994419832066,0.2652511824923951,0,0,0,0.0571059085103177,0.2530606488666623,0.3389864148430642,0.2104097372504331,0,1269.3380471237213,SAVE
4,-0.1485912538846255,57.41784142946264,0.0677416009630106,0.4722336589543764,0.0602575931640567,0.0365674185257441,0.0592341033435261,0.1668276511986136,0.2996003502318327,6,2,11,14.354460357365658,118,0,0.1351395714407026,0.5233470997206576,0.3636363636363636,0.3789683437371848,14.347033658104309,0.5156506674528989,0.4907363893721052,0.0809172127218559,0.4516070182731259,2,1,2,0.0654389359782514,0.0765825015776013,0.3621034505218277,0.3279961921828082,0,1386.4441364436434,PLAY
7,-0.0763507469108526,29.81737686667149,-0.4796756889047726,0.2092030972815923,0.0525859261784593,0.1392937627792846,0.2157477300854927,0.1901846763224374,0.2572840164150173,7,3,6,4.259625266667356,11,0,0.1198504379945902,0.7434428692954764,1.1666666666666667,0.3963454669390902,6.266776492004401,0.1957070955191412,0.4183487658858849,0.2640023737724862,0.1304031410554569,3,2,2,0.1775039373901378,0.0845996928946656,0.2923326640473823,0.3351238532929968,0,666.642969472129,CREATE_PLAYLIST
5,0.3809022146025933,95.4048820999407,-0.0978765941860299,0.309212774093909,0.2211344083443295,0.1183289261865431,0.0818190982566654,0.1686033871923993,0.1525883099334979,9,3,10,19.08097641998814,60,0,0.1498842431628387,0.638005362569474,0.5,0.6254690995349357,22.90807806650364,0.2556708447861682,0.0682162151548969,0.4739731356921014,0.2698512249237704,5,3,2,0.3502882749786384,0.277920791011932,0.214413693500628,0.2704685171302262,0,1714.2445175732398,SAVE
0,-0.4619128308365126,34.52034280517438,-0.8193332100402477,0.2708844308984567,0.1344113708656043,0.1107829029760819,0.1448621687493686,0.1545216934431177,0.3369929223115052,2,1,1,34.52034280517438,58,0,0.5656241508031788,0.6740462460111497,0.0,0.4732347630377841,7.364563729804606,0.4166609427670787,0.4254270603712819,0.3636243339708528,0.3993703461532349,0,0,0,0.2666499977257416,0.3911596143051319,0.5094524728319619,0.3108694100769098,1,524.1663261107944,PLAY
8,0.2492027482201334,15.707350849636049,-0.2736687473752816,0.3625643996037817,0.2230725009007,0.0984047692823085,0.093860041596186,0.2906492162823638,0.4863222867413697,18,8,14,1.9634188562045056,93,0,0.3020420197379097,0.5390435405333651,0.5714285714285714,0.4198686509374931,18.22430899237545,0.5863962910702037,0.4524078368368833,0.3672348937480828,0.2033640954871872,3,6,8,0.4686844952938339,0.3208408289937738,0.3590510918855954,0.8139581913218756,0,1601.5892001003945,SAVE
4,-0.2284199691056457,12.75795071558862,-0.3456537759043356,0.281321025290524,0.2200721351395238,0.034958937949781,0.0142548787447368,0.0592934025484601,0.2837030281356045,5,2,6,3.1894876788971547,45,0,0.582149827989325,0.6594003470580536,0.6666666666666666,0.4180109736650785,15.585548637891549,0.797595266113887,0.1289120664627868,0.1202410235323436,0.2214634133200944,0,0,4,0.1391283387117201,0.0933041428205161,0.3601814387982795,0.2721851850841544,0,603.9278111392232,SAVE
